<?xml version="1.0" encoding="UTF-8"?>
<COLLADA xmlns="http://www.collada.org/2005/11/COLLADASchema" version="1.4.1">
    <asset>
        <contributor>
            <author>VCGLab</author>
            <authoring_tool>VCGLib | MeshLab</authoring_tool>
        </contributor>
        <created>Thu Sep 4 08:16:18 2025 GMT</created>
        <modified>Thu Sep 4 08:16:18 2025 GMT</modified>
        <up_axis>Y_UP</up_axis>
    </asset>
    <library_geometries>
        <geometry id="shape0-lib" name="shape0">
            <mesh>
                <source id="shape0-lib-positions" name="position">
                    <float_array id="shape0-lib-positions-array" count="13641">0.010472 0.010317 0.046996 0.010472 0.010317 0.015342 0.020773 0.010317 0.0434999 0.027619 0.010317 0.039561 0.0271327 0.0110479 0.0311208 0.0269754 0.0107238 0.0312696 0.0326996 0.0109565 0.0367407 0.0333878 0.012117 0.036563 0.0280223 0.0114305 0.0234164 0.0427059 0.010317 0.022655 0.038457 0.010317 0.029314 0.0457899 0.010317 0.015384 0.038457 0.017117 0.029314 0.0373197 0.010317 0.0317295 0.0370399 0.0120497 0.0327873 0.0370911 0.011866 0.0325795 0.0371358 0.0109935 0.0323886 0.0371065 0.0116049 0.0325039 0.0372169 0.0106379 0.032077 0.036956 0.012117 0.0330558 0.0361685 0.012117 0.0345834 0.0345489 0.0121173 0.0360595 0.0362371 0.0375169 0.0345051 0.034605 0.0375169 0.03601 0.038457 0.0375169 0.029314 0.0309141 0.0375169 0.0374127 0.020773 0.0375169 0.0434999 -0.031864 0.037517 -0.036222 0.013376 0.0375169 0.046269 0.00562596 0.0375169 0.047795 0.038311 0.037517 -0.0298459 0.048462 0.037517 -0.000149994 0.047673 0.037517 0.00771195 0.0457899 0.0375169 0.015384 0.045746 0.037517 -0.015814 0.047662 0.037517 -0.00807994 0.04261 0.037517 -0.023137 0.04261 0.010317 -0.023137 0.038311 0.017117 -0.0298459 0.038311 0.010317 -0.0298459 0.0354606 0.012117 -0.0357447 0.0369569 0.01212 -0.0333934 0.034469 0.0117841 -0.0301907 0.0370381 0.012049 -0.0330855 0.0371042 0.0117814 -0.0328321 0.034606 0.0114319 -0.030301 0.0371292 0.0110466 -0.032715 0.0371911 0.0107238 -0.0324716 0.0259314 0.0118648 -0.0217196 0.0214448 0.0116006 -0.0256252 0.020338 0.010317 -0.044002 0.010472 0.010317 -0.047297 0.010472 0.0103363 -0.0155596 0.012703 0.0103171 -0.0467682 0.0102156 0.0171522 -0.0473516 0.010472 0.016166 -0.047297 0.010472 0.012117 -0.0139471 0.010472 0.012049 -0.0143003 -0.02548 0.018166 -0.04099 -0.01841 0.018166 -0.044661 -0.031864 0.018166 -0.036222 0.00847196 0.018166 0.047387 -0.0367341 0.018166 0.032521 -0.043081 0.018166 0.029489 -0.043081 0.0375169 0.029489 -0.036797 0.0375169 0.03249 -0.017649 0.0375169 0.044672 -0.00226897 0.0375169 0.048036 -0.010097 0.0375169 0.046985 -0.0246126 0.0375169 0.0412105 -0.0247227 0.018166 0.0411566 -0.017649 0.018166 0.0446719 -0.010097 0.018166 0.046985 -0.00226898 0.018166 0.048036 0.010472 0.016166 0.046996 0.00590458 0.0181674 0.0477842 0.00947195 0.017898 0.047203 0.013376 0.0239169 0.046269 0.0133024 0.0103171 0.0462964 0.03084 0.017117 0.037424 0.03084 0.010317 0.037424 0.0320565 0.0103169 0.0369311 0.0328326 0.0115378 0.03671 0.0328897 0.0118478 0.036694 0.033114 0.012049 0.036641 0.035203 0.012117 0.035588 0.03601 0.012117 0.034781 0.03601 0.010317 0.034781 0.035203 0.010317 0.035588 0.0102052 0.0171646 0.0470541 0.010472 0.012117 0.013647 0.010472 0.0120488 0.0139998 0.0156019 0.0114304 0.0109965 0.048302 0.012049 -0.00290096 0.048287 0.011866 -0.00308394 0.010472 0.0106381 -0.00352805 0.010472 0.010317 -0.00384694 0.010472 0.0109931 -0.00325093 0.010472 0.010317 -0.00517674 0.0104721 0.0114315 -0.00616825 0.010472 0.011866 -0.00308394 0.010472 0.011431 -0.003151 0.010472 0.011617 -0.003151 0.010472 0.0110479 0.00292599 0.0104722 0.0116225 0.00587004 0.010472 0.011617 0.00285 0.010472 0.0103221 0.00492 0.0104722 0.010999 0.0057295 0.010472 0.010317 0.00354999 0.048219 0.010317 0.00355 0.010472 0.0107239 0.00314295 0.010472 0.011431 0.00285 0.010472 0.012049 0.00260097 0.010472 0.0118666 0.00596134 0.010472 0.0120489 0.00621889 0.010472 0.012117 -0.00265199 0.010472 0.012049 -0.00290096 0.010472 0.011866 -0.00626194 0.0104721 0.0116197 -0.00616812 0.010472 0.0120489 -0.00651913 0.0104723 0.0118594 -0.0145662 0.010472 0.0115598 -0.0146508 0.0104721 0.0110496 -0.00606064 0.010472 0.0107224 -0.00575074 0.026597 0.0116202 -0.0222922 0.0248191 0.0110473 -0.0204057 0.0256021 0.0114319 -0.0212972 0.045746 0.010317 -0.015814 0.047662 0.017117 -0.00807994 0.047662 0.010317 -0.00807994 0.048227 0.0103531 -0.00377903 0.048281 0.011617 -0.003151 0.0483209 0.012117 -0.00265199 0.0484717 0.0121177 -0.000163482 0.048304 0.0120615 0.00258413 0.047673 0.017117 0.00771195 0.048287 0.011866 0.002783 0.048256 0.0107239 0.00314295 0.0482809 0.0116163 0.00284994 0.048275 0.0110479 0.00292599 0.010472 0.012117 0.00235099 0.010472 0.011866 0.002783 0.047673 0.010317 0.00771195 0.048273 0.010993 -0.00325095 0.048281 0.011431 -0.003151 0.0427059 0.0375169 0.022655 0.0373208 0.010317 -0.0320264 0.0213656 0.0118659 -0.0254526 0.010472 0.0109925 -0.0147963 0.010472 0.012117 -0.00687226 0.010472 0.012117 0.0065717 0.0104735 0.0113082 0.00585889 0.0278804 0.0118661 0.0233689 0.027841 0.0116173 0.0232353 0.0248882 0.0118675 0.0286711 0.025105 0.0116172 0.0289828 0.02475 0.0114371 0.0286282 0.0104729 0.011862 0.014262 0.0104723 0.0112297 0.0143923 0.010472 0.0107242 0.0147665 0.014451 0.0115919 0.0183288 -0.049049 0.0375169 0.025985 -0.049049 0.018166 0.025985 -0.052988 0.018166 0.020298 -0.0550982 0.018166 0.0136566 -0.056359 0.018166 0.00680127 -0.052988 0.0375169 0.020298 -0.055099 0.0375169 0.013656 -0.056359 0.037517 0.00680197 -0.056227 0.037517 -0.00809597 -0.056858 0.037517 -0.000149994 -0.056858 0.018166 -0.000149997 -0.056227 0.018166 -0.00809598 -0.054582 0.018166 -0.015894 -0.03851 0.018166 -0.031836 -0.0457989 0.018166 -0.028615 -0.0457989 0.037517 -0.028615 -0.03851 0.037517 -0.031836 -0.049028 0.037517 -0.026305 -0.051597 0.037517 -0.023259 -0.054582 0.037517 -0.015894 -0.051597 0.018166 -0.023259 -0.049028 0.018166 -0.026305 -0.02548 0.037517 -0.04099 -0.010832 0.037517 -0.047119 -0.01841 0.037517 -0.044661 -0.00295198 0.037517 -0.048296 0.00501299 0.037517 -0.048161 0.020338 0.037517 -0.044002 0.012848 0.037517 -0.046716 0.0128479 0.023917 -0.046716 0.030575 0.017117 -0.037857 0.030575 0.010317 -0.037857 0.0333875 0.012117 -0.0368631 0.0328997 0.0118608 -0.036992 0.0331141 0.0120491 -0.036942 0.0328303 0.0115509 -0.0370096 0.0326902 0.010935 -0.0370428 0.0320628 0.010317 -0.037229 0.027279 0.010317 -0.040093 0.0358224 0.0103183 -0.0353094 0.0343079 0.017117 -0.0364799 0.030575 0.037517 -0.037857 0.0343079 0.037517 -0.0364799 0.035887 0.037517 -0.0352279 0.0369 0.037517 -0.033515 0.027279 0.037517 -0.040093 0.00947195 0.017898 -0.047503 0.00847197 0.018166 -0.0476879 0.00530707 0.0181676 -0.0481537 -0.00295198 0.018166 -0.048296 -0.010832 0.018166 -0.047119 -0.033934 -0.014183 0.0339709 -0.0311015 -0.014183 0.0347241 -0.0309671 -0.014183 0.0353629 -0.038827 -0.014183 0.028247 -0.0283149 -0.014183 0.0387869 -0.0283149 -0.00775797 0.0387869 -0.038827 -0.00775797 0.028247 -0.0432786 0.00978559 0.0209657 -0.0456944 0.00979636 0.0148481 -0.0439309 0.010317 0.018126 -0.0462339 0.010317 0.011051 -0.038697 0.010317 0.003703 -0.047909 0.00981694 0.00374299 -0.047959 0.009996 0.00306398 -0.0480649 0.00509197 5.20008e-05 -0.0474052 0.0098157 0.00802839 -0.047959 0.009996 -0.00335794 -0.04799 0.010489 -0.00285697 -0.04799 0.010489 0.00256395 -0.04803 0.0114819 0.00222585 -0.047909 0.00981694 -0.00403696 -0.0475191 0.00979649 -0.00750724 -0.0462339 0.010317 -0.0113439 -0.0439309 0.010317 -0.01842 -0.0474487 0.0103463 -0.00374356 -0.0438058 0.00980008 -0.0200792 -0.040556 0.010317 -0.0250519 -0.0274822 0.0103253 -0.0224746 -0.0274096 0.010425 -0.022901 -0.0322001 0.0103256 -0.0152262 -0.0273893 0.0107867 -0.023349 -0.0251153 0.0115654 -0.021341 -0.0238269 0.0116279 -0.0195961 -0.0229775 0.0118779 -0.0194514 -0.0252208 0.0124616 -0.0152993 -0.025364 0.016817 -0.014897 -0.0222484 0.0125172 -0.0194614 -0.0226655 0.0120812 -0.0194487 -0.0230993 0.0119028 -0.0197882 -0.0228489 0.012017 -0.0201398 -0.0195369 0.0119519 -0.0233708 -0.0191416 0.0120891 -0.0229788 -0.016392 0.012013 -0.0249709 -0.0192165 0.0118278 -0.0234407 -0.0125698 0.0119192 -0.0272858 -0.0133872 0.0103318 -0.0332538 -0.0152593 0.00980807 -0.045867 -0.0221335 0.0103266 -0.0278158 -0.0230408 0.0103163 -0.0419667 -0.0310009 0.0103796 -0.0363032 -0.034212 0.00509197 -0.033984 -0.031072 0.00981695 -0.036905 -0.0282091 0.00983388 -0.0391952 -0.0393648 0.00981941 -0.0278503 -0.04295 -0.00775796 -0.021769 -0.046003 0.00980593 -0.0142425 -0.04295 0.00509196 -0.021769 -0.047508 -0.00775796 -0.00746 -0.04577 -0.0106833 -0.014851 -0.0458092 -0.0141275 -0.0147496 -0.0443911 -0.0140525 -0.0142524 -0.0443759 -0.010683 -0.014275 -0.0449746 -0.0111216 -0.0145138 -0.0440018 -0.0108468 -0.0150318 -0.0431736 -0.0108962 -0.0155708 -0.0402507 -0.0109365 -0.0184186 -0.0402876 -0.0106899 -0.0189095 -0.040209 -0.010183 -0.018721 -0.032873 -0.010183 -0.0332039 -0.037503 -0.010183 -0.02781 -0.018389 -0.010183 -0.04054 -0.027479 -0.010183 -0.037834 -0.0189161 -0.0101828 -0.041 -0.0209609 -0.0101835 -0.0417942 -0.021335 -0.010683 -0.041646 -0.0213647 -0.014062 -0.0416372 -0.0220268 -0.014152 -0.042984 -0.027479 -0.014183 -0.037834 -0.021912 -0.010683 -0.04304 -0.028527 -0.014183 -0.038925 -0.02202 0.00981085 -0.0430058 -0.015214 -0.00818293 -0.045874 -0.012022 0.00981695 -0.046397 -0.0135363 0.0103182 -0.0458035 0.00403398 0.00981695 -0.046397 -0.00314874 0.00989939 -0.0463958 -0.00220911 0.011408 -0.0464001 0.00300731 0.010239 -0.0463946 0.00269824 0.0119452 -0.0459107 0.00257604 0.0114613 -0.0463986 0.00306998 0.011592 -0.045897 0.002334 0.012017 -0.030571 0.00275881 0.0119031 -0.0305 -0.001966 0.012017 -0.030571 0.0027765 0.0120501 -0.029965 -0.00195515 0.0125321 -0.0296778 -0.00229178 0.0120957 -0.0299396 -0.00699044 0.0124846 -0.0288362 -0.00713554 0.0119621 -0.0291877 -0.00256859 0.0118381 -0.0302853 -0.00303266 0.0116346 -0.0308454 -0.0027161 0.0115723 -0.032958 -0.00271868 0.0115606 -0.0348582 -0.00292709 0.0107533 -0.0458922 -0.00295615 0.0106921 -0.0357136 -0.00348185 0.0103342 -0.0355597 -0.00333424 0.010379 -0.0459026 -0.00270199 0.011592 -0.0458969 -0.00223275 0.0119844 -0.0459137 -0.00239082 0.0119031 -0.0304991 -0.0126468 0.0124415 -0.0268195 -0.007451 0.016817 -0.028642 -0.014566 0.016817 -0.025695 0.000184 0.016817 -0.029647 -0.014316 0.017317 -0.025262 -0.00732195 0.017317 -0.028159 0.000184 0.017317 -0.029147 0.029184 0.017317 -0.000146997 0.014684 0.017317 0.024968 -0.014316 0.017317 0.024968 -0.028816 0.017317 -0.000146997 0.014684 0.017317 -0.025262 -0.020322 0.017317 0.020359 -0.027828 0.017317 -0.00765198 0.028196 0.017317 0.00735897 -0.024931 0.017317 -0.0146469 0.02069 0.017317 -0.0206529 -0.020322 0.017317 -0.0206529 0.0252989 0.017317 -0.0146469 0.000184 0.017317 0.028853 0.028196 0.017317 -0.00765299 0.02069 0.017317 0.020359 -0.007321 0.017317 0.027865 -0.02493 0.017317 0.014353 -0.027828 0.017317 0.00735897 0.00768995 0.017317 -0.028159 0.007819 0.016817 -0.028642 0.014934 0.016817 -0.025695 0.021044 0.016817 -0.021007 0.0193061 0.0124844 -0.0227259 0.015492 0.0124779 -0.025447 0.02251 0.010319 -0.0279129 0.021172 0.01115 -0.025756 0.0213091 0.0115699 -0.025374 0.020214 0.0120187 -0.0231927 0.0199343 0.0121533 -0.0227678 0.0233951 0.0119393 -0.0198017 0.0234389 0.0118394 -0.0195236 0.0230149 0.0120877 -0.0194763 0.025008 0.012013 -0.016723 0.0255053 0.0124871 -0.0154201 0.025732 0.016817 -0.014897 0.0273083 0.0119311 -0.0128589 0.0325374 0.0103331 -0.0151302 0.0241594 0.011642 -0.0195784 0.0363106 0.0104049 -0.0313657 0.0360977 0.0107419 -0.0316564 0.0359425 0.0114886 -0.0325757 0.0354348 0.012017 -0.0323572 0.0324133 0.0120179 -0.0354047 0.034302 0.00509197 -0.034265 0.0325444 0.0114541 -0.035941 0.032332 0.010489 -0.036128 0.0319559 0.009996 -0.03646 0.0316926 0.0107413 -0.0360599 0.0318643 0.0115919 -0.0359077 0.0320882 0.011903 -0.0356918 0.035729 0.0119029 -0.0320506 0.035946 0.0115915 -0.0318267 0.0196186 0.0118881 -0.0232898 0.0233704 0.0107704 -0.0277212 0.0228841 0.0104172 -0.02771 0.0136987 0.0103331 -0.033269 0.0234357 0.0103168 -0.0419735 0.0314057 0.0104013 -0.0362874 0.03144 0.00981695 -0.036905 0.0283827 0.00980976 -0.0393391 0.0222858 0.00981693 -0.0430562 0.0156161 0.00981073 -0.0458686 0.012391 0.00981695 -0.046397 0.015582 -0.00818293 -0.045874 0.012391 -0.00818293 -0.046397 -0.0122357 -0.0141804 -0.0463922 0.012391 -0.014183 -0.046397 0.0148076 -0.0141081 -0.0461006 0.014284 -0.0139829 -0.044639 0.0139938 -0.0141906 -0.0447555 0.0146459 -0.0101835 -0.0445377 0.012142 -0.010183 -0.044897 0.0143116 -0.0108748 -0.0446803 0.0148434 -0.0108925 -0.0460095 0.0156336 -0.010981 -0.0439558 0.0152004 -0.0106973 -0.0440665 0.0154907 -0.010183 -0.0433644 0.0156973 -0.010183 -0.0415735 0.0156469 -0.0107065 -0.0416734 0.0159107 -0.0109846 -0.041812 -0.011774 -0.010183 0.044603 0.012142 -0.010183 0.044603 -0.015211 -0.010183 0.04164 0.0182703 -0.010183 0.0401675 0.0405061 -0.010183 0.0179467 -0.015459 -0.010183 0.041232 -0.011774 -0.014183 0.044603 -0.0142523 -0.0101832 0.0442361 -0.0139478 -0.0108595 0.0443906 -0.0145911 -0.0108015 0.0440019 -0.0152647 -0.0109327 0.0431494 -0.0144689 -0.0108913 0.0456978 -0.0138799 -0.0141319 0.0443777 -0.0144652 -0.0140834 0.0458039 -0.012022 -0.014183 0.046103 0.012391 -0.014183 0.046103 -0.012022 -0.00818295 0.046103 0.013942 -0.010183 0.04444 0.0142405 -0.0141641 0.0443968 0.0143144 -0.010877 0.0443879 0.0147715 -0.010983 0.0455217 0.015092 -0.0108486 0.0439212 0.0155859 -0.010907 0.0431881 0.0152468 -0.0101843 0.0437038 0.0156377 -0.0106956 0.0413564 0.0156232 -0.010183 0.0413822 0.0159057 -0.0109846 0.0415442 0.018588 -0.0109861 0.0404247 0.018758 -0.010183 0.040247 0.0192869 -0.0101828 0.040708 0.027848 -0.010183 0.03754 0.027848 -0.014183 0.0375399 0.033241 -0.010183 0.03291 0.037871 -0.010183 0.0275159 0.0406544 -0.010183 0.0186203 0.037871 -0.014183 0.027517 0.033241 -0.014183 0.03291 0.028896 -0.014183 0.038631 0.034581 -0.014183 0.03369 0.0396944 -0.0141807 0.0275996 0.0416616 -0.0141063 0.0214257 0.0430292 -0.0141304 0.0220439 0.0417168 -0.0108238 0.0213796 0.0430252 -0.0108308 0.0219299 0.0419568 -0.0108672 0.0206464 0.0443411 -0.0108661 0.0147446 0.043481 -0.010983 0.015485 0.0445751 -0.0109332 0.018365 0.046139 -0.010683 0.014559 0.0453374 -0.0110953 0.0142139 0.0447586 -0.0140585 0.0139592 0.044745 -0.010683 0.013981 0.0461717 -0.0141269 0.0144534 0.047877 -0.00775796 0.00716597 0.047877 -0.014183 0.00716597 0.0463058 0.00982797 0.0141261 0.0435071 0.00983071 0.0211555 0.043318 -0.00775796 0.021476 0.0396661 0.00982425 0.0276369 0.034581 0.00509196 0.03369 0.0287131 0.00982657 0.0387914 0.0364025 0.0100278 0.031741 0.0359694 0.0114873 0.0322413 0.03144 0.00981694 0.036611 0.0319559 0.00999599 0.0361659 0.032332 0.010489 0.035834 0.040925 0.010317 0.024758 0.0442989 0.010317 0.018126 0.046603 0.010317 0.011051 0.0478962 0.00979689 0.00715031 0.0484339 0.00509197 -0.000344999 0.0483499 0.0101399 0.00270239 0.047815 -0.00775796 -0.00785196 0.047815 -0.014183 -0.00785196 0.0458609 -0.010983 -0.014737 0.0444672 -0.0109157 -0.0189847 0.042799 -0.010983 -0.022128 0.0419322 -0.0108634 -0.0208062 0.0417391 -0.0108845 -0.0198952 0.0407664 -0.0109854 -0.0185153 0.0404731 -0.01068 -0.0185978 0.0406363 -0.010183 -0.0188407 0.037871 -0.010183 -0.02781 0.033241 -0.010183 -0.0332039 0.0182909 -0.010183 -0.0404615 0.0404906 -0.010183 -0.0182808 0.0414839 -0.010183 -0.0158697 0.0414959 -0.010183 0.0155533 0.0419829 -0.010183 -0.015539 0.0417214 -0.0106819 0.0152885 0.0418718 -0.0109859 0.0155642 0.0420071 -0.010183 0.015239 0.046394 -0.010183 0.00694096 0.0433904 -0.0105157 0.0151715 0.0445418 -0.0101839 0.0144248 0.0469339 -0.010183 -0.000147002 0.0469339 -0.014183 -0.000147002 0.046394 -0.014183 0.00694096 0.0484339 -0.014183 -0.000345002 0.046394 -0.014183 -0.00723499 0.046394 -0.010183 -0.00723499 0.0447827 -0.0141288 -0.0141717 0.0445577 -0.010186 -0.0146796 0.0434496 -0.010183 -0.0154752 0.0435555 -0.0109057 -0.0155646 0.0444526 -0.0108996 -0.0149598 0.0447762 -0.0108096 -0.0142956 0.0461529 -0.0140656 -0.014832 0.041664 -0.0106825 -0.0155958 0.0418883 -0.010985 -0.0158593 0.0405044 -0.0106887 0.0179303 0.0407867 -0.0109862 0.0182865 0.0406629 -0.0106966 0.0186205 0.0416932 -0.0108836 0.0194724 0.0416347 -0.0101831 0.0196167 0.041833 -0.0101838 0.0210092 0.0185731 -0.0109853 -0.0407431 0.0185896 -0.0106835 -0.0404092 0.0188782 -0.010183 -0.0405995 0.027848 -0.010183 -0.037834 0.0207617 -0.0101845 -0.0419248 0.019921 -0.0108624 -0.0416763 0.0208835 -0.0108426 -0.041906 0.0219576 -0.0110774 -0.0422232 0.0222828 -0.0106839 -0.043038 0.0217294 -0.0140486 -0.0416388 0.0223807 -0.0141271 -0.0429853 0.021703 -0.010683 -0.041646 0.027848 -0.014183 -0.037834 0.033241 -0.014183 -0.033204 0.028684 -0.014183 -0.03908 0.028684 -0.00775795 -0.03908 0.034302 -0.014183 -0.034265 0.039195 -0.00775796 -0.028541 0.039195 -0.014183 -0.028541 0.043139 0.00509196 -0.022123 0.0461321 -0.01068 -0.0148935 0.0430929 -0.0106726 -0.0222407 0.0477726 0.00981574 -0.0083263 0.0458704 0.00981046 -0.015806 0.0442989 0.010317 -0.01842 0.0304004 0.010317 -0.0249184 0.040925 0.010317 -0.0250519 0.039065 0.010317 -0.00399697 0.046603 0.010317 -0.0113439 0.0478302 0.0103614 -0.0036654 0.0358085 0.0104529 -0.00352615 0.0478573 0.0107549 -0.00325749 0.0356185 0.0103348 -0.00380333 0.0292877 0.0119376 -0.0072953 0.0303846 0.0118125 -0.00292824 0.028891 0.0124931 -0.00724643 0.0299657 0.0120754 -0.00273379 0.030608 0.012017 0.00200296 0.0305374 0.0119031 -0.00272185 0.0325963 0.0111796 -0.00354738 0.0329952 0.0115608 -0.00305059 0.0360929 0.0108034 -0.00323843 0.0483438 0.0100448 -0.00314923 0.0478718 0.0115908 -0.00303333 0.0483757 0.0114506 -0.00257198 0.030608 0.012017 -0.00229698 0.047878 0.0119436 -0.0026694 0.0478866 0.0119605 0.002341 0.0478592 0.0107419 0.0029673 0.0478065 0.010415 0.00331598 0.039065 0.010317 0.003703 0.0304009 0.010317 0.0246248 0.0342748 0.0103289 0.0102171 0.0272777 0.0119178 0.0127252 0.0292328 0.0119372 0.00722373 0.0288835 0.0124731 0.00701254 0.0300739 0.0119381 0.00254934 0.0305354 0.0119031 0.00242787 0.0309011 0.0116291 0.00305744 0.0357017 0.0106308 0.00306297 0.035606 0.0103425 0.00350045 0.0361281 0.0107603 0.00295679 0.0329067 0.0115762 0.00274853 0.0298142 0.0123427 0.00205942 0.0286789 0.016817 0.00748795 0.0296627 0.0130115 0.00166379 0.0296839 0.016817 -0.000146997 0.0286789 0.016817 -0.00778198 0.029687 0.0125018 -0.0024737 0.0274852 0.0124381 -0.0114586 0.0274754 0.0124305 0.0111859 0.025732 0.016817 0.014603 0.0252989 0.017317 0.014353 0.0210431 0.016817 0.0207129 0.0255717 0.0124977 0.0150123 0.0233635 0.0118704 0.0191763 0.0241745 0.011632 0.0192849 0.0275616 0.0106266 0.0226869 0.0254069 0.0115716 0.0209741 0.0201769 0.0120169 0.022887 0.0234667 0.011903 0.0194938 0.0278009 0.0107595 0.0230765 0.0363115 0.0104087 0.0310748 0.036097 0.0107419 0.031362 0.0359453 0.0115904 0.0315319 0.0357293 0.0119029 0.0317564 0.0354351 0.0120169 0.0320627 0.0323947 0.0120169 0.0351034 0.0318549 0.0115892 0.0356157 0.0316928 0.0107417 0.0357661 0.0313922 0.0103789 0.0360134 0.022376 0.00981268 0.042721 0.023267 0.0103167 0.0417901 0.0156475 0.00980574 0.045571 0.012391 0.00981694 0.046103 0.0143336 0.0103182 0.0453638 0.0134111 0.010334 0.033116 0.0129629 0.0119221 0.0269848 0.0185916 0.0118544 0.0236847 0.0153565 0.0124432 0.0252462 0.014933 0.016817 0.025401 0.0193015 0.0124776 0.0224363 0.022583 0.0125345 0.0192061 0.0195072 0.012063 0.0227237 0.022511 0.0103197 0.0276137 0.021172 0.01115 0.025462 0.0228246 0.0104014 0.0274175 0.023012 0.0106301 0.0272226 0.0213497 0.0115604 0.0251307 0.0196069 0.0118866 0.0229933 0.0234089 0.0107618 0.0274674 0.023218 0.0120169 0.0198462 0.0230086 0.0120907 0.0191642 0.00768995 0.017317 0.027865 0.007819 0.016817 0.028348 0.0114745 0.012441 0.0271546 0.014934 0.016817 0.025401 0.00738302 0.0124662 0.0285498 0.00749851 0.0119621 0.0288957 0.00236361 0.0125552 0.029367 0.000183102 0.016817 0.029353 -0.00745202 0.016817 0.0283479 -0.00220407 0.0124958 0.0293448 -0.00238684 0.0120695 0.02965 -0.00692552 0.0124586 0.028564 -0.00715969 0.0119245 0.0289328 -0.00260422 0.0118105 0.0300509 -0.00320366 0.0111983 0.0322076 -0.00274814 0.0115186 0.0328645 -0.00290873 0.0107998 0.0355687 -0.00322428 0.0104296 0.0354636 -0.00369302 0.0103171 0.0455991 -0.00324094 0.010431 0.045603 -0.00356694 0.0103286 0.0352123 -0.0136645 0.0103179 0.0454755 -0.012729 0.0119199 0.0269271 -0.0111473 0.0124306 0.0271451 -0.0150437 0.0124758 0.025208 -0.019139 0.0118628 0.0230487 -0.0188043 0.0116948 0.0238696 -0.0221469 0.0103194 0.0276192 -0.020804 0.01115 0.025463 -0.0224505 0.0103973 0.0274244 -0.0226575 0.0106239 0.0272402 -0.0230433 0.0107731 0.0274606 -0.0314955 0.011592 0.035614 -0.0310127 0.0103812 0.0360156 -0.031587 0.00999599 0.0361659 -0.0313245 0.0107414 0.0357663 -0.031963 0.010489 0.035834 -0.033934 0.005092 0.033971 -0.0321776 0.0114557 0.035646 -0.0317192 0.011903 0.035398 -0.0191345 0.0120885 0.0226839 -0.0194561 0.0119032 0.0231348 -0.0198426 0.0120186 0.0229015 -0.022849 0.0120169 0.019846 -0.0224394 0.0121513 0.0196029 -0.0221279 0.0125625 0.0193305 -0.020675 0.016817 0.020713 -0.025363 0.016817 0.014603 -0.028311 0.016817 0.00748897 -0.0271314 0.0124467 0.0111127 -0.0284741 0.012476 0.00718278 -0.0293236 0.0124755 0.00221826 -0.0288996 0.0119461 0.00700285 -0.0300161 0.0118127 0.00263369 -0.0269761 0.0119162 0.0125926 -0.0228613 0.0119353 0.0190998 -0.0237297 0.0116825 0.0190724 -0.024894 0.0114159 0.0206679 -0.0230992 0.0119031 0.0194953 -0.02464 0.0120129 0.01643 -0.025139 0.0124818 0.0151119 -0.025359 0.011592 0.021315 -0.0273878 0.0107853 0.0230466 -0.0274873 0.0103247 0.0221818 -0.040556 0.010317 0.024758 -0.0321618 0.0103321 0.0148317 -0.0274112 0.0104299 0.0226221 -0.0355777 0.0115897 0.0315305 -0.0355805 0.0114686 0.0322901 -0.0350542 0.0120214 0.0321087 -0.032026 0.0120169 0.035104 -0.0357318 0.010736 0.031356 -0.035916 0.0101156 0.0318682 -0.0359776 0.0103756 0.0310646 -0.0391326 0.00982282 0.0278806 -0.0353606 0.0119026 0.0317566 -0.0352436 0.0103353 0.00352365 -0.032259 0.0111718 0.00325507 -0.0357625 0.0107494 0.00296226 -0.0353181 0.0106446 0.00304536 -0.0326454 0.0115749 0.00274913 -0.0480071 0.0114458 -0.00257549 -0.0475099 0.0119025 -0.00272257 -0.047517 0.0120169 -0.00229661 -0.0475129 0.0119749 0.00230812 -0.0475039 0.01159 0.00273962 -0.0474499 0.010398 0.00333219 -0.0474899 0.0107414 0.00296717 -0.0474914 0.0107393 -0.00326187 -0.0357627 0.010754 -0.00325452 -0.0353228 0.0106246 -0.00336114 -0.032642 0.0115769 -0.00304336 -0.032765 0.01115 -0.00341499 -0.0299141 0.0118821 -0.00279129 -0.03024 0.012017 -0.00229698 -0.03024 0.012017 0.00200296 -0.0295763 0.0121028 0.0024075 -0.0296432 0.0120809 -0.00261609 -0.02887 0.0119455 -0.00749677 -0.0285079 0.0124822 -0.0073005 -0.0293426 0.0125306 -0.00232992 -0.0293159 0.016817 -0.000146997 -0.028311 0.016817 -0.00778198 -0.0270717 0.0124467 -0.0115504 -0.0269026 0.0119268 -0.013007 -0.0352301 0.0103358 -0.00382941 -0.0302994 0.011694 -0.00344484 -0.0359421 0.0104178 -0.00358355 -0.0301687 0.0119031 0.00242788 -0.0189674 0.01246 0.0224255 -0.0209699 0.0115654 0.0251116 -0.0280607 0.00981976 0.0390055 -0.031072 0.00981694 0.036611 -0.0231927 0.0103165 0.0416234 -0.0152444 0.0098126 0.0455752 -0.012022 0.00981694 0.046103 -0.00314869 0.00989926 0.0461019 -0.00292718 0.0107523 0.0455987 -0.00218144 0.0113705 0.046107 0.00286496 0.010492 0.046103 0.00351254 0.00991264 0.0461023 0.00373949 0.0103693 0.045586 0.00329597 0.0107499 0.0456013 0.00257563 0.0114638 0.046106 0.0030038 0.0117607 0.0455874 0.002334 0.0120169 0.045603 -0.00230546 0.0119612 0.0456047 -0.00270198 0.011592 0.045603 -0.001966 0.0120169 0.030277 0.00270842 0.0119355 0.0301667 0.0027097 0.0120751 0.0296561 0.00296132 0.0118146 0.0300586 0.00405034 0.0103203 0.0352423 0.00363018 0.0104141 0.0353739 0.00345194 0.01115 0.032802 0.00309974 0.0115462 0.0328764 0.00327687 0.0108007 0.0355796 -0.00239084 0.0119031 0.0302071 0.015582 -0.00818295 0.04558 0.0223281 -0.0141336 0.0427245 0.0217824 -0.0140979 0.0413175 0.0217159 -0.0108283 0.0413919 0.0213275 -0.0101834 0.041493 0.0204358 -0.010409 0.0414617 0.0201514 -0.0109792 0.0417809 0.0222631 -0.0108538 0.0427036 0.0192566 -0.0109261 0.0440126 0.0148888 -0.0107005 0.0457955 0.012391 -0.00818295 0.046103 0.0148024 -0.0141031 0.0458071 0.0198795 -0.010665 0.0412735 -0.0220384 0.00980678 0.0427085 -0.021912 -0.010683 0.0427459 -0.015214 -0.00818295 0.04558 -0.0184203 -0.0109056 0.0442446 -0.021962 -0.0141271 0.0427177 -0.021797 -0.010983 0.042468 -0.0206725 -0.0108551 0.0419664 -0.0194808 -0.0108648 0.0415221 -0.0215247 -0.0108816 0.0418145 -0.02109 -0.0101843 0.0419469 -0.026421 -0.014183 0.038899 -0.026421 -0.010183 0.038899 -0.031083 -0.010183 0.034609 -0.0309562 -0.010183 0.0353778 -0.032873 -0.010183 0.03291 -0.015804 -0.010183 0.041007 -0.0185832 -0.010183 0.0403502 -0.0179912 -0.010183 0.0401676 -0.0182508 -0.0109856 0.0404528 -0.0183034 -0.010696 0.0401332 -0.0195269 -0.010183 0.041461 -0.0155492 -0.0109847 0.0415135 -0.0152679 -0.010693 0.0413754 -0.0151224 -0.010183 0.0430692 -0.041139 -0.010183 0.0155514 -0.0401283 -0.010183 0.0179428 -0.041484 -0.010983 0.019416 -0.0403938 -0.0109856 0.0181993 -0.0401011 -0.0106893 0.0183099 -0.0402685 -0.010183 0.0185472 -0.037502 -0.010183 0.027517 -0.037502 -0.014183 0.027517 -0.0426737 -0.0141001 0.0220257 -0.0412993 -0.0140908 0.0214158 -0.0413558 -0.010829 0.0213839 -0.0427038 -0.0107938 0.0219441 -0.0415929 -0.0108687 0.0205369 -0.0412017 -0.0105416 0.0195882 -0.0414877 -0.0101839 0.020909 -0.044267 -0.0109145 0.0182833 -0.045492 -0.010983 0.014443 -0.0435851 -0.0108987 0.0151368 -0.044429 -0.0108664 0.0140142 -0.0443947 -0.0141116 0.0139421 -0.0458 -0.0140972 0.0144781 -0.047447 -0.00775796 0.00755799 -0.0457751 -0.01068 0.0145714 -0.047447 -0.014183 0.00755799 -0.0480649 -0.014183 5.19977e-05 -0.046025 -0.014183 0.00694096 -0.0465659 -0.014183 -0.000147002 -0.046025 -0.010183 0.00694096 -0.0465659 -0.010183 -0.000147002 -0.0416149 -0.010183 0.015245 -0.0413125 -0.0106931 0.0153084 -0.0430816 -0.010183 0.0151812 -0.0442214 -0.0101848 0.0143663 -0.0414883 -0.0109849 0.0155705 -0.0416383 -0.010183 -0.0155329 -0.046025 -0.010183 -0.00723499 -0.0413609 -0.0107 -0.0155881 -0.0411112 -0.010183 -0.0158625 -0.0401304 -0.010183 -0.0182669 -0.041492 -0.0109857 -0.0158815 -0.046025 -0.014183 -0.00723499 -0.047508 -0.014183 -0.00746 -0.0439085 -0.0101844 -0.0151355 -0.0216268 -0.014155 0.0417534 -0.0129526 0.0103323 0.0331599 -0.0145667 0.016817 0.0254002 0.0325442 0.0114176 0.0356511 0.0320876 0.0119026 0.0353982 0.0278812 0.0103469 0.0224482 0.047873 0.0115901 0.00273962 0.0483995 0.0114976 0.00218216 0.0392188 0.00979641 -0.0285384 0.0424133 0.00979447 -0.0235865 0.0362635 0.0100941 -0.0321822 0.0278164 0.0103385 -0.0226003 0.037871 -0.014183 -0.02781 0.0416299 -0.0141419 -0.0217782 0.0419742 -0.010185 -0.0207687 0.0417203 -0.0108089 -0.0216735 0.0430737 -0.0140651 -0.0222674 0.0188387 -0.0109259 -0.044482 0.0187322 -0.010694 0.0401445 -0.011774 -0.010183 -0.044897 -0.0179101 -0.010183 -0.0404591 -0.0152616 -0.010183 -0.0416706 -0.013574 -0.010183 -0.044734 -0.0152762 -0.0106999 -0.0416479 -0.0152002 -0.0108931 -0.0434951 -0.0147083 -0.0108154 -0.0442218 -0.0148828 -0.0101825 -0.0439665 -0.0139484 -0.0108622 -0.0446866 -0.013916 -0.0139829 -0.044639 -0.0144033 -0.010983 -0.0458158 -0.0145217 -0.0106872 -0.0460912 -0.0197556 -0.0109801 -0.0420675 -0.0190109 -0.0109157 -0.044255 -0.0215875 -0.0110956 -0.04223 -0.0201312 -0.0104863 -0.0417761 -0.0195404 -0.0106575 -0.0415784 -0.0182424 -0.0109859 -0.0407277 -0.01835 -0.0106931 -0.0404314 -0.0155363 -0.0109844 -0.0418387 -0.0144398 -0.0141081 -0.0461005 -0.0136607 -0.0141885 -0.0447361 0.0138586 0.0103186 -0.0457892 0.00385411 0.0103333 -0.0355906 0.00370912 0.0103731 -0.0458878 0.00296856 0.0118132 -0.0303458 0.003414 0.0111712 -0.0327959 0.00332549 0.0106883 -0.0357661 0.00329527 0.010752 -0.0458928 0.00309613 0.011548 -0.034167 0.00750331 0.0119338 -0.0292214 0.00732238 0.0124863 -0.0288427 0.00252307 0.0124981 -0.0296462 0.0114978 0.0124443 -0.0274405 0.0129464 0.0119176 -0.0272924 0.0191469 0.0116949 -0.02418 0.0193702 0.0120093 -0.0231255 0.0253617 0.0115704 -0.0212206 0.0277966 0.0107579 -0.0233682 0.0275447 0.010646 -0.0229927 0.0224408 0.0125782 -0.0196733 -0.0206759 0.016817 -0.021006 -0.0189628 0.0124803 -0.0227091 -0.016249 0.012354 -0.0247559 -0.016198 0.012773 -0.0246799 -0.032873 -0.014183 -0.033204 -0.034212 -0.014183 -0.033984 -0.037503 -0.014183 -0.02781 -0.0393372 -0.0141812 -0.0278775 -0.0426641 -0.0141328 -0.0223329 -0.0412935 -0.0141063 -0.0217197 -0.040749 -0.0101829 -0.0193123 -0.0415633 -0.010185 -0.0209269 -0.0415573 -0.0108379 -0.0209081 -0.0413519 -0.0108698 -0.0198097 -0.0426458 -0.0108609 -0.0222197 -0.0413617 -0.0108755 -0.0216739 -0.0441266 -0.010928 -0.018942 -0.036573 0.00981695 -0.031403 -0.0359756 0.0103861 -0.0313551 -0.036129 0.009996 -0.031919 -0.035796 0.010489 -0.032294 -0.0356164 0.0114424 -0.0324988 -0.0357293 0.0107402 -0.031654 -0.0355782 0.0115852 -0.0318139 -0.0353608 0.0119029 -0.03205 -0.035066 0.012017 -0.0323568 -0.0320259 0.012017 -0.0353971 -0.0323769 0.0115055 -0.0358047 -0.0313128 0.0107308 -0.0360654 -0.0319137 0.0104035 -0.03617 -0.0317194 0.011903 -0.0356913 -0.0314962 0.0115924 -0.0359076 -0.0211316 0.0115842 -0.025551 -0.0230373 0.0107509 -0.0277706 -0.0226888 0.0104675 -0.0277256 -0.0206643 0.0111267 -0.0256278 -0.022903 0.0104321 -0.028046 -0.016393 -0.014183 -0.0232721 -0.0160761 -0.0143502 -0.0224312 -0.016029 -0.020683 -0.022359 -0.01635 -0.0141781 -0.0228602 -0.0179647 -0.0143645 -0.0209218 -0.0188771 -0.0141746 -0.020848 -0.0204526 -0.0141752 -0.019185 -0.0198854 -0.0143503 -0.0190654 -0.0214131 -0.0143489 -0.0174633 -0.0212893 -0.0213837 -0.0173417 -0.016563 -0.0218139 -0.0211971 -0.0173632 -0.021668 -0.0209871 -0.020094 -0.022415 -0.017207 -0.0215365 -0.022677 -0.0148784 -0.0212931 -0.0220962 -0.0169003 -0.0164255 -0.0225184 -0.0205014 -0.0148188 -0.0226841 -0.0196283 -0.0146857 -0.0225517 -0.0201667 -0.0142964 -0.0220651 -0.0206621 -0.0152341 -0.0221288 -0.0206145 -0.0158584 -0.0206898 -0.0209705 -0.0173371 -0.0206768 -0.0213409 -0.01414 -0.020683 -0.020757 -0.0151643 -0.020683 -0.0216718 -0.016302 -0.023415 -0.022779 -0.0167901 -0.0223941 -0.0235331 -0.0221381 -0.0224617 -0.0186728 -0.0222756 -0.0233968 -0.0176032 -0.0232712 -0.0224447 -0.0183953 -0.0252335 -0.0227025 -0.0188849 -0.025126 -0.0217941 -0.0191362 -0.0251125 -0.0166433 -0.0191645 -0.025804 -0.0221981 -0.0188438 -0.0261402 -0.0231343 -0.0180296 -0.026459 -0.0224165 -0.0176872 -0.0268491 -0.022683 -0.016686 -0.0307318 -0.0226831 -0.00730604 -0.0305702 -0.0231678 -0.00748445 -0.019989 -0.022683 0.010979 -0.0198205 -0.0223542 0.0124747 -0.019063 -0.022683 0.0121429 -0.0205414 -0.0223025 0.0116616 -0.0246615 -0.0226819 0.00865069 0.00841296 -0.022683 -0.02148 0.0088749 -0.0223301 -0.0222071 -0.00734763 -0.0226792 -0.0219718 -0.00761029 -0.0225353 -0.0226832 -0.00901997 -0.022549 -0.021576 -0.00795617 -0.0220034 -0.0228839 -0.00901806 -0.0220635 -0.0220327 -0.00849107 -0.0198324 -0.0223356 -0.00979698 -0.019833 -0.022019 -0.0107948 -0.019833 -0.0224995 -0.00792323 -0.0221195 -0.024465 -0.00770801 -0.0223343 -0.0255256 -0.00745691 -0.0226165 -0.0244832 0.000183 -0.022683 -0.025647 0.00767338 -0.0225924 -0.0253083 0.00758581 -0.0226191 -0.0233265 0.00813373 -0.0220407 -0.0235209 0.00824948 -0.019833 -0.0233052 0.00878237 -0.0211379 -0.0254961 0.00833594 -0.0222635 -0.0250562 0.00905299 -0.019833 -0.026178 0.00835335 -0.0213268 -0.0262719 0.00847888 -0.0198331 -0.0263262 0.00409198 -0.021683 -0.027097 0.00261601 -0.0206106 -0.0276203 -3.66049e-05 -0.0221167 -0.0271689 -0.00429567 -0.02139 -0.0272262 -0.00045903 -0.0143475 -0.027723 -0.00347437 -0.014495 -0.0274474 -0.00459777 -0.0142088 -0.0275966 -0.00689015 -0.0144944 -0.0267697 -0.012875 -0.019833 -0.024348 -0.012337 -0.019833 -0.024466 -0.00985527 -0.014474 -0.0257929 -0.0135536 -0.0143549 -0.024054 -0.0117797 -0.0143622 -0.0250011 -0.0128304 -0.0126875 -0.0283008 -0.0116696 -0.0136319 -0.0257155 -0.016625 -0.014183 -0.037462 -0.0267189 -0.014183 -0.0307136 -0.0190687 -0.014183 -0.0380998 -0.017008 -0.012683 -0.0380143 -0.0140368 -0.0141778 -0.0246857 -0.0139158 -0.019683 -0.0245672 -0.0143058 -0.019683 -0.0246607 -0.0143485 -0.019683 -0.0252681 -0.0168469 -0.019683 -0.023619 -0.0190775 -0.0163091 -0.0218932 -0.0163267 -0.0163331 -0.0240428 -0.0130827 -0.0163183 -0.0259966 -0.00886545 -0.0217222 -0.0277381 -0.00972521 -0.0163018 -0.0274712 -0.00621089 -0.0163172 -0.0284873 -0.00263555 -0.0163034 -0.0290738 -0.00143878 -0.0223074 -0.0290528 0.00589906 -0.0223033 -0.0285231 -0.000875 -0.023415 -0.028127 0.00589395 -0.023415 -0.027559 0.00833916 -0.0163097 -0.0280365 0.0117978 -0.016303 -0.0267902 0.0157518 -0.015759 -0.0253188 0.016705 -0.015683 -0.039847 0.010309 -0.0157575 -0.0280024 0.00526395 -0.0157604 -0.0293104 0.00102734 -0.0163036 -0.0291895 0.004881 -0.0163041 -0.0288151 -0.00590716 -0.0157375 -0.0291577 -0.000804666 -0.01575 -0.0298027 -0.017459 -0.0156584 -0.0396632 -0.0164668 -0.0154935 -0.0402582 -0.0152104 -0.0156494 -0.0408571 -0.0145166 -0.0156488 -0.0422527 -0.0150614 -0.0156821 -0.0453979 -0.012022 -0.015683 -0.045897 -0.0150122 -0.0154232 -0.0435792 -0.0152314 -0.0155522 -0.045732 -0.0135816 -0.0155116 -0.0461951 -0.012022 -0.015616 -0.046147 -0.0145191 -0.014183 -0.0460933 -0.014521 -0.0111329 -0.046101 -0.0183158 -0.0124206 -0.0446837 -0.0157301 -0.0124729 -0.0455614 -0.0157252 -0.0150593 -0.0451908 -0.0155995 -0.0155149 -0.045278 -0.0154638 -0.0151854 -0.0457798 -0.0149154 -0.012483 -0.0426366 -0.015436 -0.012483 -0.041123 -0.016463 -0.012483 -0.040336 -0.0148954 -0.015272 -0.0423424 -0.0154142 -0.0153347 -0.0410935 -0.017813 -0.0152528 -0.0401334 -0.017746 -0.012483 -0.040167 -0.0190116 -0.0150572 -0.0406286 -0.018941 -0.012483 -0.040662 -0.019794 -0.0149342 -0.0416771 -0.0202604 -0.0124831 -0.042816 -0.0205113 -0.0149691 -0.0430927 -0.0216145 -0.0155592 -0.0430431 -0.021692 -0.0151852 -0.0431532 -0.0210981 -0.0153271 -0.043256 -0.0212535 -0.0124583 -0.04328 -0.0218599 -0.0110405 -0.0430684 -0.021912 -0.014183 -0.04304 -0.021259 -0.012683 -0.041464 -0.021259 -0.014183 -0.041464 -0.026093 -0.014183 -0.038571 -0.028649 -0.014183 -0.038835 -0.034624 -0.014183 -0.03356 -0.0297772 -0.0153492 -0.0379803 -0.0306198 -0.014183 -0.0351816 -0.030542 -0.012683 -0.035116 -0.026093 -0.012683 -0.038571 -0.024982 -0.012683 -0.036908 -0.024982 -0.014183 -0.036908 -0.020491 -0.014183 -0.039609 -0.029125 -0.012683 -0.033698 -0.029125 -0.014183 -0.033698 -0.020491 -0.012683 -0.039609 -0.020119 -0.0111331 -0.0387102 -0.0198325 -0.0110034 -0.0384098 -0.0191406 -0.0110418 -0.0381182 -0.0199261 -0.014183 -0.0383627 -0.0268554 -0.014183 -0.0314032 -0.0267665 -0.0112688 -0.0312628 -0.0268504 -0.0112222 -0.0304621 -0.0300212 -0.0112208 -0.027282 -0.0307567 -0.0112005 -0.035193 -0.0348613 -0.0112021 -0.0310854 -0.034785 -0.012683 -0.030873 -0.033367 -0.012683 -0.029456 -0.036577 -0.012683 -0.025313 -0.031248 -0.014183 -0.027336 -0.033367 -0.014183 -0.029456 -0.036577 -0.014183 -0.025313 -0.039278 -0.014183 -0.020822 -0.039278 -0.012683 -0.020822 -0.041133 -0.012683 -0.02159 -0.0383037 -0.01104 -0.0203761 -0.0427649 -0.0110044 -0.0221847 -0.042803 -0.012333 -0.02206 -0.042709 -0.014183 -0.022243 -0.045724 -0.010983 -0.014996 -0.0440271 -0.0123399 -0.0194932 -0.0429764 -0.0124973 -0.021338 -0.0455054 -0.0124451 -0.0154712 -0.044753 -0.012483 -0.015863 -0.0446489 -0.015026 -0.0158705 -0.0433331 -0.0149466 -0.0153851 -0.0420702 -0.0150664 -0.0151852 -0.041008 -0.012483 -0.015619 -0.0424937 -0.012483 -0.0152498 -0.0401829 -0.012483 -0.016444 -0.0408051 -0.0154087 -0.0156408 -0.0397478 -0.0124824 -0.0181695 -0.0399295 -0.0153724 -0.0168256 -0.0397941 -0.0152544 -0.0182248 -0.040246 -0.015169 -0.0193869 -0.0403202 -0.0155171 -0.0201328 -0.0407254 -0.0150846 -0.0198373 -0.040884 -0.012483 -0.0197594 -0.042582 -0.012483 -0.020666 -0.0426704 -0.0149033 -0.0207113 -0.0429116 -0.0152718 -0.0218626 -0.0427747 -0.0154532 -0.0211851 -0.0425786 -0.0156504 -0.0219434 -0.0401353 -0.0156857 -0.020875 -0.0378983 -0.0156518 -0.0293473 -0.0116551 -0.0157499 -0.0273492 -0.0394 -0.0156532 -0.0180899 -0.0168101 -0.0156832 -0.0249975 -0.0179315 -0.015832 -0.023435 -0.0259249 -0.015685 -0.0200587 -0.0251112 -0.0159348 -0.0194408 -0.0225816 -0.0157183 -0.0193206 -0.0222351 -0.0162986 -0.0188229 -0.0233149 -0.0160897 -0.0186658 -0.0258011 -0.0160978 -0.0190616 -0.0261453 -0.0215163 -0.0184085 -0.0226599 -0.0224083 -0.016128 -0.0226767 -0.0216916 -0.0168683 -0.0225695 -0.0207775 -0.0171093 -0.0223363 -0.0145107 -0.0171642 -0.0231469 -0.0145134 -0.0173155 -0.0224496 -0.014197 -0.0174162 -0.0262316 -0.0142069 -0.0189598 -0.0260776 -0.0144877 -0.0185668 -0.0305689 -0.015683 -0.00792295 -0.028289 -0.012683 -0.013294 -0.029266 -0.012683 -0.010993 -0.0307618 -0.0144886 -0.00739433 -0.030723 -0.015683 -0.007002 -0.0304171 -0.0142707 -0.00139696 -0.038883 -0.014183 -0.00139696 -0.0303613 -0.012747 -0.00139762 -0.030232 -0.0128114 0.00110251 -0.038883 -0.014183 0.00110298 -0.0397818 -0.014183 0.00138107 -0.0405347 -0.014183 0.00256505 -0.0393531 -0.012683 0.00117671 -0.040245 -0.0126832 0.00188064 -0.0396001 -0.012683 -0.00150261 -0.0402811 -0.0126829 -0.00234229 -0.0400195 -0.014183 -0.00183538 -0.0404537 -0.014183 -0.00275221 -0.0403034 -0.0113389 -0.00244451 -0.0406762 -0.0113256 -0.00297191 -0.0404393 -0.0111827 -0.00236389 -0.041268 -0.011333 -0.00314695 -0.0409084 -0.011181 -0.00295786 -0.0403856 -0.0112142 0.0021983 -0.041268 -0.014183 0.00285297 -0.0408862 -0.0112056 0.00271873 -0.044265 -0.012683 0.00285297 -0.046269 -0.012683 0.00285297 -0.0464703 -0.0113036 0.00284371 -0.0464746 -0.0112067 -0.00305227 -0.046269 -0.012683 -0.00314695 -0.044265 -0.012683 -0.00314695 -0.044265 -0.014183 -0.00314695 -0.043605 -0.012683 -0.00834596 -0.043605 -0.014183 -0.00834596 -0.042339 -0.014183 -0.013431 -0.042339 -0.012683 -0.013431 -0.045567 -0.012683 -0.00873596 -0.044194 -0.012683 -0.014199 -0.0457699 -0.0111331 -0.0148521 -0.044194 -0.014183 -0.014199 -0.045819 -0.0141771 -0.0148632 -0.0455593 -0.0151839 -0.0154117 -0.0455621 -0.0155587 -0.0150698 -0.0452686 -0.0154511 -0.0155264 -0.044995 -0.015597 -0.015339 -0.0447065 -0.0153409 -0.0156454 -0.0426252 -0.0155186 -0.0146188 -0.0448959 -0.0155229 -0.0154639 -0.0420471 -0.0156779 -0.0139805 -0.0452176 -0.0156902 -0.0149713 -0.0428899 -0.0156845 0.0137094 -0.0452857 -0.0156828 0.014649 -0.0452187 -0.0155233 0.0152125 -0.0455573 -0.0155563 0.0147834 -0.0466831 -0.0153586 0.0112925 -0.046824 -0.014183 0.010728 -0.0456588 -0.0152224 0.0148863 -0.04577 -0.014183 0.014559 -0.044194 -0.012683 0.013906 -0.044194 -0.014183 0.013906 -0.045567 -0.012683 0.00844198 -0.045567 -0.014183 0.00844198 -0.0463505 -0.014183 0.00284305 -0.043605 -0.012683 0.00805199 -0.042339 -0.012683 0.013137 -0.043605 -0.014183 0.00805199 -0.044265 -0.014183 0.00285297 -0.0423351 -0.014183 0.0130819 -0.040926 -0.014183 0.012697 -0.0412076 -0.0110326 0.0127543 -0.044393 -0.010983 0.018318 -0.0401321 -0.011153 0.0133454 -0.0406509 -0.0111535 0.0127241 -0.040448 -0.014183 0.012895 -0.040083 -0.012683 0.013447 -0.0403914 -0.0109824 0.0131502 -0.0379735 -0.010983 0.0189469 -0.0378367 -0.0111423 0.0188518 -0.039081 -0.012683 0.016117 -0.037901 -0.012683 0.0187139 -0.037943 -0.013433 0.018623 -0.037943 -0.012683 0.018623 -0.0371309 -0.014183 0.0166629 -0.0283239 -0.014183 0.026594 -0.0305184 -0.014183 0.0267357 -0.0383476 -0.0110303 0.0200689 -0.0380473 -0.014183 0.0199552 -0.0378109 -0.0110707 0.0195875 -0.0427198 -0.0110866 0.0219321 -0.0427585 -0.0141707 0.0218886 -0.0441656 -0.0124609 0.0186486 -0.0444748 -0.0124831 0.0155634 -0.0447286 -0.0151574 0.015526 -0.0433155 -0.014933 0.0150951 -0.0420245 -0.0150593 0.0149122 -0.041988 -0.012483 0.014978 -0.040792 -0.012483 0.0154729 -0.040005 -0.012483 0.0165 -0.0403309 -0.012483 0.018978 -0.0408058 -0.015232 0.0154186 -0.0399393 -0.0154806 0.0164597 -0.0398061 -0.0152458 0.0178192 -0.0402701 -0.0156514 0.015312 -0.0299734 -0.0156861 0.0118821 -0.0394173 -0.0156469 0.0178637 -0.0304097 -0.0156864 0.00958919 -0.0298324 -0.0159234 0.0105665 -0.0295373 -0.0163565 0.0103973 -0.029545 -0.0157672 0.00985373 -0.0293765 -0.016739 0.0108633 -0.0295281 -0.0144968 0.0104485 -0.026094 -0.0135941 0.0102609 -0.0295049 -0.020683 0.010423 -0.0295673 -0.0221981 0.00987413 -0.0294597 -0.0217172 0.0106932 -0.029369 -0.0227736 0.0105252 -0.0296516 -0.0226833 0.00831381 -0.029441 -0.0231829 0.00941614 -0.029076 -0.023549 0.00939092 -0.0285482 -0.0236853 0.0092076 -0.013527 -0.0236829 -0.022337 -0.0260118 -0.023423 0.010717 -0.0140729 -0.0236829 -0.021848 -0.0249928 -0.0236829 0.0103835 0.021907 -0.0236829 -0.016182 -0.0217689 -0.0236828 -0.0165791 -0.0297157 -0.0236831 -0.00734358 -0.0258692 -0.0236311 -0.017383 -0.0254534 -0.0233814 -0.0182312 -0.0302295 -0.0235459 -0.0073371 0.011893 -0.0236829 -0.024476 0.022711 -0.023415 -0.016776 -0.020329 -0.023683 0.017409 0.0251872 -0.0236835 -0.0103795 0.0177304 -0.023533 -0.0217088 0.0185969 -0.0223794 -0.0224371 0.012326 -0.023415 -0.025377 0.0124809 -0.0223732 -0.0263353 0.0151484 -0.0162987 -0.0250515 0.023465 -0.0223485 -0.0172828 0.0255704 -0.0160988 -0.0143817 0.027119 -0.0218564 -0.0108951 0.028205 -0.021683 -0.00980199 0.027602 -0.0226527 -0.0097922 0.0268573 -0.0226882 -0.0109122 0.027557 -0.021683 -0.010236 0.0277886 -0.0167346 -0.009965 0.027127 -0.0164287 -0.0108858 0.0275131 -0.0158431 -0.0110781 0.028103 -0.0156832 -0.0108847 0.0298008 -0.0161922 -0.00969674 0.0280586 -0.0158926 -0.0101735 0.0295816 -0.0217053 -0.00959968 0.0301412 -0.0217515 -0.00915294 0.0297137 -0.0166489 -0.00958521 0.0301878 -0.0166966 -0.00902032 0.0302629 -0.020683 -0.00864995 0.0302877 -0.0144985 -0.00866937 0.0303106 -0.0162502 -0.00859382 0.0307017 -0.015832 -0.00819008 0.0303602 -0.0158881 -0.00962504 0.0307229 -0.0156861 -0.0101771 0.0406383 -0.0156514 -0.0156042 0.0397693 -0.0156474 -0.018095 0.019973 -0.0156831 -0.02278 0.0197189 -0.0158276 -0.0223244 0.0232343 -0.0160687 -0.0179837 0.0210994 -0.016304 -0.0203063 0.0182763 -0.0162877 -0.0228896 0.0250614 -0.0156831 -0.016981 0.0406668 -0.0155294 -0.0201826 0.0406657 -0.0150705 -0.0193425 0.0401664 -0.0152426 -0.0181302 0.040204 -0.012483 -0.018077 0.040699 -0.012483 -0.019272 0.040373 -0.012483 -0.016794 0.0417463 -0.0149436 -0.0201403 0.041161 -0.012483 -0.015767 0.042356 -0.012483 -0.015272 0.0424003 -0.0150373 -0.0152111 0.0430251 -0.0155175 -0.0146435 0.0411452 -0.0152519 -0.01573 0.0436232 -0.0149316 -0.015373 0.0450894 -0.0151471 -0.0158287 0.0448435 -0.012483 -0.015855 0.045665 -0.01509 -0.0156299 0.0455912 -0.0155288 -0.0154952 0.0460328 -0.0153522 -0.0151454 0.0469896 -0.0153703 -0.0118261 0.045792 -0.015133 -0.015517 0.0458926 -0.0124275 -0.0154722 0.0461349 -0.0110786 -0.014868 0.046139 -0.014183 -0.014852 0.044761 -0.010983 -0.018611 0.0381827 -0.0110029 -0.0195691 0.0447518 -0.012461 -0.0184182 0.0430979 -0.011034 -0.0222058 0.0406626 -0.010983 -0.0136762 0.0409252 -0.0110373 -0.0131535 0.0406003 -0.014183 -0.0134182 0.038456 -0.014183 -0.0146469 0.0307623 -0.014183 -0.00914997 0.0404661 -0.0126829 -0.013697 0.040416 -0.012683 -0.013835 0.040452 -0.012683 -0.013741 0.039449 -0.012683 -0.016411 0.0405044 -0.0111356 -0.0135969 0.03827 -0.012683 -0.019008 0.038311 -0.013433 -0.018916 0.038311 -0.012683 -0.018916 0.039943 -0.012683 -0.014451 0.0383076 -0.012683 -0.0175726 0.0375 -0.014183 -0.016956 0.0383911 -0.014183 -0.0177739 0.0381359 -0.014183 -0.0193051 0.038416 -0.014183 -0.0202478 0.039646 -0.014183 -0.020822 0.0311418 -0.014183 -0.0269749 0.036945 -0.014183 -0.025313 0.039646 -0.012683 -0.020822 0.041501 -0.012683 -0.02159 0.036945 -0.012683 -0.025313 0.038608 -0.012683 -0.026424 0.033736 -0.014183 -0.029456 0.033736 -0.012683 -0.029456 0.035153 -0.012683 -0.030873 0.0352212 -0.014183 -0.0309483 0.035241 -0.0112102 -0.0310767 0.0311646 -0.011183 -0.0351584 0.0310517 -0.0113329 -0.0352572 0.0309099 -0.012683 -0.035116 0.029493 -0.012683 -0.033698 0.02535 -0.012683 -0.036908 0.029493 -0.014183 -0.033698 0.02535 -0.014183 -0.036908 0.020859 -0.014183 -0.039609 0.020859 -0.012683 -0.039609 0.0202987 -0.014183 -0.0384043 0.0272019 -0.014183 -0.0313861 0.0270905 -0.014183 -0.0306677 0.0194698 -0.014183 -0.0380856 0.016994 -0.014183 -0.037462 0.026925 -0.014183 -0.028655 0.0272421 -0.0126829 -0.0303223 0.0274151 -0.014183 -0.0297482 0.0273683 -0.012683 -0.0293167 0.0302483 -0.0126831 -0.0272673 0.0290999 -0.012683 -0.0271922 0.0212234 -0.0126879 -0.0229544 0.0192968 -0.0141733 -0.0209737 0.0192646 -0.0136355 -0.0208665 0.015267 -0.0142055 -0.023537 0.0194677 -0.014175 -0.0203886 0.0208282 -0.0141748 -0.0191846 0.028693 -0.014183 -0.026887 0.0209193 -0.0136351 -0.0192287 0.0229724 -0.0126907 -0.0211674 0.0211715 -0.0142511 -0.018325 0.0216572 -0.0145048 -0.0173655 0.0233428 -0.0142091 -0.0156079 0.0234199 -0.0144779 -0.0149548 0.025889 -0.0209746 -0.00991718 0.0222498 -0.0212607 -0.0164671 0.018193 -0.021683 -0.020574 0.0175607 -0.0207505 -0.0215241 0.0196554 -0.0144859 -0.0196413 0.0168562 -0.0144769 -0.0220872 0.0132419 -0.019833 -0.024349 0.014416 -0.0144919 -0.0237135 0.0119655 -0.0141761 -0.025629 0.012006 -0.0136449 -0.0256944 0.0131996 -0.0126881 -0.0283024 0.0108935 -0.0126884 -0.0292679 0.014684 -0.014183 -0.0384189 0.00535283 -0.014183 -0.0276938 0.0098641 -0.0141742 -0.0265768 0.00808763 -0.0143701 -0.0265622 0.0118141 -0.0143483 -0.0251832 0.00989512 -0.013676 -0.0265067 0.00217762 -0.0145049 -0.0276194 0.00546558 -0.0143774 -0.0272085 0.00113746 -0.0141684 -0.0281245 0.00143397 -0.014183 -0.028637 -0.000938123 -0.0136673 -0.0282404 -0.00106597 -0.014183 -0.0391639 -0.00106593 -0.0126905 -0.0311351 -0.000974434 -0.0141728 -0.0282634 0.00143397 -0.0126932 -0.0311089 0.00134231 -0.0136336 -0.0282993 0.00143397 -0.014183 -0.0391639 -0.00122019 -0.012683 -0.0399645 0.00150782 -0.012683 -0.0396345 0.00221765 -0.0126831 -0.0405201 0.00173327 -0.014183 -0.0401591 -0.00221148 -0.0111819 -0.040764 0.00250778 -0.0112505 -0.0406343 -0.00176799 -0.011333 -0.04055 -0.00202088 -0.0126829 -0.0405636 -0.00251986 -0.0113231 -0.0407776 -0.00137075 -0.014183 -0.0401004 -0.00239022 -0.014183 -0.0407157 -0.00281596 -0.012683 -0.042697 -0.00279386 -0.014183 -0.0412743 -0.00275841 -0.0112355 -0.0414822 -0.00281596 -0.012683 -0.044697 -0.00275978 -0.0112206 -0.0448005 0.00313901 -0.0112281 -0.0448018 0.00318396 -0.012683 -0.044697 0.00318396 -0.012683 -0.042697 0.00318396 -0.014183 -0.042697 0.00308929 -0.014183 -0.0409499 0.0134546 -0.012683 -0.0426424 0.0142382 -0.012683 -0.0445407 0.0134433 -0.014183 -0.0426254 0.0130207 -0.014183 -0.0415215 0.0130864 -0.0110147 -0.0410785 0.0134164 -0.0111287 -0.0405737 0.0131452 -0.0110284 -0.0417535 0.0148899 -0.0111329 -0.046101 0.0150329 -0.010983 -0.046055 0.0179834 -0.0123386 -0.0450001 0.0159247 -0.0124668 -0.0456902 0.0148864 -0.014183 -0.0460921 0.0158986 -0.0151851 -0.0457354 0.0159503 -0.0154524 -0.0454877 0.0155945 -0.0155527 -0.0457295 0.0138879 -0.015495 -0.0462129 0.0124948 -0.0154215 -0.0463373 0.012391 -0.014183 -0.046397 -0.012022 -0.014183 -0.046397 -0.012022 -0.015183 -0.046397 0.00318396 -0.014183 -0.044763 -0.00281596 -0.014183 -0.0447465 -0.0138562 -0.014183 -0.0445418 -0.0138689 -0.012683 -0.044548 -0.0130812 -0.012683 -0.0426293 -0.0130747 -0.014183 -0.0426455 -0.0127269 -0.011133 -0.0417704 -0.0126443 -0.014183 -0.041421 -0.0129882 -0.014183 -0.0406176 -0.0127281 -0.0110197 -0.0411963 -0.0129981 -0.0110443 -0.0406663 -0.0162109 -0.0110165 -0.0394515 -0.0146642 -0.010983 -0.0460549 -0.0182064 -0.0126835 -0.0384097 -0.0139035 -0.0126833 -0.0401872 -0.0142953 -0.014183 -0.0396134 -0.014316 -0.014183 -0.0384189 -0.0144502 -0.012683 -0.039061 -0.0105233 -0.0126898 -0.0292625 -0.00951787 -0.013639 -0.026585 -0.00939768 -0.0142522 -0.0262076 -0.00950244 -0.0141738 -0.0265108 -0.0116037 -0.014175 -0.0256346 -0.0174624 -0.014183 -0.0383546 -0.00281596 -0.014183 -0.042697 0.012391 -0.015616 -0.046147 0.012391 -0.015683 -0.045897 0.0148985 -0.0156473 -0.0422254 0.0155816 -0.0156504 -0.0408611 0.0152433 -0.0152913 -0.0424258 0.0153664 -0.0153883 -0.0435249 0.0156171 -0.0156783 -0.0453298 0.0160638 -0.01513 -0.0450018 0.0160794 -0.012483 -0.0450945 0.0152937 -0.0124828 -0.042854 0.017204 -0.012483 -0.040214 0.018371 -0.012483 -0.040214 0.0157342 -0.0124833 -0.0411038 0.0194011 -0.0150728 -0.0406359 0.0182965 -0.0152265 -0.0401508 0.0201505 -0.0149678 -0.0416277 0.019411 -0.012483 -0.0407439 0.0208723 -0.0151664 -0.0429948 0.0206506 -0.0124831 -0.0428421 0.0216688 -0.012436 -0.0432881 0.021458 -0.015107 -0.043261 0.0207413 -0.0148023 -0.0429931 0.0214384 -0.0155291 -0.0431065 0.0219058 -0.0156279 -0.0430099 0.0245927 -0.0153653 -0.0417437 0.022281 -0.014183 -0.04304 0.027395 -0.014183 -0.039992 0.027591 -0.0153653 -0.0398364 0.0312487 -0.0153794 -0.0370556 0.0295262 -0.0156467 -0.0381337 0.0243086 -0.0156455 -0.0416056 0.0205426 -0.0156244 -0.0407543 0.0185589 -0.0156171 -0.0398051 0.0341774 -0.0156637 -0.0339597 0.037637 -0.014183 -0.030567 0.0377341 -0.0155026 -0.0303387 0.041633 -0.014183 -0.024847 0.0397051 -0.0153672 -0.0278005 0.0397226 -0.0156652 -0.0272415 0.0429858 -0.0156207 -0.0219435 0.0431808 -0.0153772 -0.0219723 0.0431241 -0.01417 -0.0221835 0.0433357 -0.0124354 -0.0216533 0.042848 -0.012483 -0.0206324 0.0429821 -0.0150193 -0.0207105 0.0432838 -0.0153496 -0.0214196 0.042873 -0.015597 -0.021351 0.0427839 -0.0156859 -0.0217119 0.040277 -0.0156824 -0.0205876 0.042892 -0.0155229 -0.021192 0.0428856 -0.0153427 -0.0209327 0.042875 -0.015593 -0.021341 0.0417963 -0.0153609 -0.024545 0.041501 -0.014183 -0.02159 0.038608 -0.014183 -0.026424 0.032858 -0.014183 -0.03565 0.0345906 -0.015313 -0.0340119 0.0169214 -0.0154831 -0.0402323 0.0157443 -0.0153689 -0.0410876 0.0309878 -0.014183 -0.0351816 0.026461 -0.014183 -0.038571 0.021628 -0.014183 -0.041464 0.026461 -0.012683 -0.038571 0.021628 -0.012683 -0.041464 0.0222584 -0.0110263 -0.0430711 0.0202562 -0.0110254 -0.0384146 0.0194809 -0.011035 -0.0381393 0.019045 -0.012683 -0.038232 0.0141844 -0.0126832 -0.0402389 0.01825 -0.012683 -0.0383829 0.0162827 -0.0110217 -0.03957 0.01483 -0.012683 -0.0391002 0.0173279 -0.012683 -0.0379733 0.0178531 -0.014183 -0.038293 0.0147077 -0.014183 -0.0396293 0.0132552 -0.014183 -0.0406675 0.0219955 -0.0151872 -0.0431847 0.021566 -0.015133 -0.043265 0.021557 -0.015131 -0.043265 -0.012022 -0.0154329 -0.04633 0.0142249 -0.014183 -0.0445722 0.00310655 -0.011241 -0.0411844 0.012911 -0.0206652 -0.0244704 0.0127039 -0.019833 -0.024467 0.012186 -0.019833 -0.024283 0.011843 -0.019833 -0.023852 0.0110496 -0.0198333 -0.0222766 0.0117011 -0.0215063 -0.0234972 0.00987959 -0.0222341 -0.0218928 0.00918876 -0.0198331 -0.0221532 0.0109791 -0.0223347 -0.0221884 0.0104821 -0.0226798 -0.0210176 0.017708 -0.022415 -0.020025 0.0121766 -0.022634 -0.0229569 0.0120283 -0.0222088 -0.0236032 0.0123447 -0.0213005 -0.0243256 0.0130253 -0.0220999 -0.0239122 0.020931 -0.022683 -0.014973 0.021745 -0.022415 -0.015555 0.024866 -0.0224022 -0.00987221 0.025343 -0.021683 -0.010568 0.0256793 -0.0220679 -0.00918506 0.026337 -0.020683 -0.00923598 0.0263015 -0.0144042 -0.00932412 0.0271776 -0.0207657 -0.00869339 0.027196 -0.0145023 -0.00872601 0.0273146 -0.0142197 -0.00899618 0.0305134 -0.0142499 -0.00890008 0.039251 -0.014183 -0.00139696 0.030262 -0.012982 -0.00139696 0.030528 -0.0142383 -0.00139696 0.0311857 -0.0126888 -0.00139692 0.039251 -0.014183 0.00110298 0.0303356 -0.012857 0.00110305 0.0305994 -0.0142076 0.00110298 0.0302904 -0.0144882 0.00110298 0.0274546 -0.0142222 0.00817351 0.0266276 -0.0142125 0.00875992 0.0305658 -0.0142111 0.00815526 0.0292946 -0.0126875 0.0105579 0.0266325 -0.0136343 0.0095518 0.0257036 -0.0136703 0.0116404 0.0257068 -0.0141815 0.0114345 0.0250758 -0.014252 0.0121835 0.0251084 -0.0144645 0.0116035 0.0235507 -0.0144875 0.0144397 0.0214898 -0.0144742 0.0173235 0.0194375 -0.0144915 0.0195504 0.013241 -0.020683 0.0240559 0.013241 -0.019833 0.0240559 0.01184 -0.019833 0.024761 0.0152386 -0.0142176 0.0232616 0.0181969 -0.0143459 0.0207468 0.0192418 -0.0141725 0.0205652 0.0208347 -0.0136682 0.0189188 0.0210759 -0.0141826 0.0190106 0.023014 -0.0142092 0.0157868 0.0205282 -0.0141758 0.0190463 0.028693 -0.014183 0.026594 0.0295219 -0.014183 0.027032 0.0290834 -0.012683 0.0268736 0.030169 -0.0126832 0.0270228 0.0273695 -0.012683 0.0290313 0.0273746 -0.014183 0.0291697 0.0272307 -0.0126829 0.0300389 0.026925 -0.014183 0.028362 0.0270331 -0.0113377 0.0305731 0.0270836 -0.014183 0.0304168 0.016994 -0.014183 0.037169 0.0193985 -0.014183 0.0378153 0.0272015 -0.014183 0.0310824 0.020284 -0.014183 0.0380715 0.020859 -0.014183 0.039315 0.02535 -0.014183 0.036614 0.020859 -0.012683 0.039315 0.021628 -0.012683 0.04117 0.0204863 -0.0111328 0.0384143 0.02535 -0.012683 0.036614 0.026461 -0.012683 0.038277 0.029493 -0.012683 0.0334049 0.0309099 -0.012683 0.034822 0.029493 -0.014183 0.0334049 0.0311127 -0.0112048 0.0349115 0.030973 -0.014183 0.0348744 0.026461 -0.014183 0.038277 0.029017 -0.014183 0.0385409 0.034993 -0.014183 0.0332659 0.0310638 -0.0153511 0.0369206 0.022281 -0.014183 0.0427459 0.022281 -0.011133 0.042746 0.0272328 -0.0153334 0.0398242 0.021628 -0.014183 0.04117 0.0219719 -0.0155629 0.0427512 0.0220614 -0.0151853 0.0428592 0.0214445 -0.015327 0.0429622 0.0216366 -0.0124548 0.0429894 0.020847 -0.012483 0.0427419 0.0201675 -0.0149332 0.0413932 0.0196675 -0.0124831 0.0407302 0.0194159 -0.015053 0.0403611 0.018114 -0.012483 0.039873 0.0181709 -0.0152411 0.0398381 0.016831 -0.012483 0.040042 0.0157724 -0.0153359 0.0408105 0.0152655 -0.0152796 0.0420465 0.0168345 -0.0154669 0.0399755 0.015804 -0.012483 0.0408299 0.0152926 -0.012483 0.0423357 0.016093 -0.0150622 0.0449041 0.0161064 -0.0124873 0.0452351 0.0148899 -0.011133 0.045808 0.022147 -0.010983 0.042815 0.0150332 -0.010983 0.0457619 0.013096 -0.0111329 0.0414775 0.0130179 -0.014183 0.0411248 0.0130859 -0.0110183 0.0409677 0.0133609 -0.014183 0.0403111 0.0133644 -0.0110556 0.0403718 0.014684 -0.014183 0.038125 0.0148086 -0.012683 0.0386514 0.00987248 -0.0141726 0.0263296 0.0147357 -0.014183 0.0392617 0.00143397 -0.014183 0.03887 0.00314221 -0.0112412 0.0413039 0.00304584 -0.014183 0.0405987 0.00318396 -0.012683 0.042403 0.00268125 -0.0111799 0.0404891 0.00312775 -0.0112206 0.0445076 -0.00277107 -0.0112282 0.0445059 0.00318396 -0.012683 0.0444029 0.0134505 -0.012683 0.042336 0.00318396 -0.014183 0.0444624 -0.012022 -0.014183 0.046103 0.012391 -0.014183 0.046103 0.0123734 -0.0153974 0.0460616 0.0148866 -0.0141831 0.0457988 0.0139391 -0.0154862 0.0459196 0.0159767 -0.0154716 0.0448879 0.0153791 -0.0154366 0.0433229 0.015433 -0.0156822 0.045103 0.0148794 -0.0156526 0.0419713 0.0155814 -0.0156505 0.040567 0.012391 -0.015616 0.0458529 0.0178353 -0.0156584 0.0393653 0.012391 -0.015683 0.045603 0.00142552 -0.0160325 0.0289825 0.00500623 -0.0157446 0.0290825 0.00110036 -0.015683 0.0298558 -0.00781759 -0.015679 0.0352132 -0.00917031 -0.014183 0.0345207 -0.0098156 -0.0142113 0.0337432 -0.0127298 -0.0146261 0.0389098 -0.0133844 -0.0144993 0.0396855 -0.014259 -0.0145823 0.0398022 -0.015677 -0.011133 0.039282 -0.0182686 -0.0109546 0.0383752 -0.0180175 -0.0146829 0.0383603 -0.015733 -0.010983 0.039422 -0.0131704 -0.0141771 0.0402033 -0.0126085 -0.014183 0.0410011 -0.0124924 -0.0142073 0.0391539 -0.0130744 -0.014183 0.0423321 -0.013081 -0.012683 0.0423392 -0.00281596 -0.014183 0.042403 -0.0126122 -0.0111189 0.0410753 -0.0127657 -0.0109816 0.0411132 -0.014521 -0.011133 0.045808 -0.014664 -0.010983 0.045762 -0.0130381 -0.0110342 0.0403562 -0.0176878 -0.0123425 0.0446741 -0.0155598 -0.0124698 0.0453985 -0.0145187 -0.0141831 0.0457992 -0.013857 -0.014183 0.0442782 -0.012022 -0.015183 0.046103 -0.00281596 -0.014183 0.0444525 -0.012022 -0.015433 0.046036 -0.0136195 -0.0154847 0.04591 -0.0155848 -0.0154456 0.0452025 -0.0157027 -0.0150933 0.0446964 -0.0150249 -0.0154117 0.0433504 -0.0145269 -0.0156505 0.041952 -0.0120872 -0.0156516 0.0457989 -0.0096094 -0.0156794 0.035436 -0.0154186 -0.0155658 0.0406849 -0.0096429 -0.0146558 0.034271 -0.0136403 -0.0156832 0.0266024 -0.017939 -0.015683 0.039193 -0.032791 -0.0156616 0.0346671 -0.0281807 -0.0156674 0.038503 -0.0338117 -0.0153619 0.0340945 -0.032489 -0.014183 0.035357 -0.037269 -0.014183 0.030273 -0.0370232 -0.0153592 0.0305455 -0.0397267 -0.0153883 0.0269437 -0.041264 -0.014183 0.024553 -0.041133 -0.014183 0.021297 -0.0382399 -0.014183 0.02613 -0.0382399 -0.012683 0.02613 -0.034785 -0.012683 0.030579 -0.036577 -0.012683 0.025019 -0.041133 -0.012683 0.021297 -0.039278 -0.012683 0.0205279 -0.039278 -0.014183 0.0205279 -0.036577 -0.014183 0.025019 -0.031248 -0.014183 0.027043 -0.033367 -0.014183 0.029162 -0.033367 -0.012683 0.029162 -0.0349263 -0.0113328 0.0307206 -0.0348273 -0.011183 0.0308336 -0.0307958 -0.011183 0.0348641 -0.030684 -0.011333 0.034964 -0.0348356 -0.014183 0.0306437 -0.0306793 -0.0142323 0.0349716 -0.0305984 -0.0142643 0.0352119 -0.0303473 -0.0146837 0.0352981 -0.0304343 -0.0146821 0.0347568 -0.0267319 -0.014183 0.0309763 -0.0225792 -0.0146829 0.0267409 -0.019058 -0.0146829 0.0388499 -0.0225697 -0.014183 0.0267118 -0.0210705 -0.011034 0.0408725 -0.02094 -0.0146829 0.040707 -0.0213302 -0.0143139 0.0412787 -0.0216899 -0.0142927 0.0413317 -0.0215168 -0.0146847 0.0411747 -0.0248618 -0.0146576 0.0393163 -0.027414 -0.0142686 0.0378165 -0.0270269 -0.014183 0.039698 -0.0253066 -0.0142162 0.0394085 -0.0214908 -0.014182 0.0417236 -0.021912 -0.014183 0.0427459 -0.0218721 -0.0110068 0.0427854 -0.0241614 -0.0156156 0.0412336 -0.0250721 -0.015351 0.0409683 -0.0215968 -0.015556 0.0427595 -0.0210684 -0.0155277 0.0428157 -0.0204842 -0.015149 0.0426972 -0.0202835 -0.0124831 0.0425579 -0.02109 -0.015107 0.042967 -0.0203795 -0.0148085 0.042705 -0.021198 -0.015133 0.0429709 -0.021189 -0.015131 0.0429709 -0.0216065 -0.015188 0.0429007 -0.0212934 -0.0124277 0.0430012 -0.0197901 -0.0149325 0.0413783 -0.019068 -0.0150823 0.0403627 -0.019043 -0.012483 0.040451 -0.018003 -0.012483 0.039921 -0.016836 -0.012483 0.039921 -0.0165403 -0.0155612 0.0399154 -0.0148942 -0.015278 0.041912 -0.0153958 -0.0124835 0.0407716 -0.0149153 -0.0124829 0.0425809 -0.0157117 -0.012483 0.0448055 -0.0178948 -0.0154316 0.0397918 -0.0199378 -0.0156142 0.0402342 -0.0214795 -0.0156831 0.0424342 -0.0296385 -0.0153799 0.0377708 -0.0127668 -0.014683 0.0275017 -0.00967774 -0.0144328 0.0329449 -0.00947025 -0.0142388 0.0329748 -0.00897949 -0.0141705 0.0327573 -0.00876887 -0.0147155 0.0326994 -0.00896727 -0.0156769 0.0317759 -0.000955687 -0.014174 0.0279182 -0.00639827 -0.0142167 0.0269187 -0.00642674 -0.0144902 0.0266345 0.00111977 -0.0141803 0.0278677 0.00130009 -0.0136734 0.02793 0.00141662 -0.0141828 0.0281923 -0.000971736 -0.0136376 0.0280025 0.00143397 -0.0126885 0.0308483 -0.00106592 -0.0126923 0.0308344 0.00158823 -0.012683 0.0396706 -0.00111721 -0.012683 0.0392871 -0.00184085 -0.0126832 0.0402192 -0.00117197 -0.014183 0.0395365 -0.00212894 -0.0112544 0.0403366 0.00213599 -0.011333 0.040256 0.00240343 -0.0126829 0.0402743 0.00288376 -0.0113142 0.0404838 0.00172622 -0.014183 0.039806 -0.00228519 -0.014183 0.0403779 -0.00274584 -0.0112516 0.0409288 -0.00275314 -0.014183 0.0408614 -0.00281596 -0.012683 0.042403 -0.0138712 -0.012683 0.0442466 -0.00281596 -0.012683 0.0444029 -0.0083039 -0.014183 0.0344033 -0.00801633 -0.014183 0.0331909 -0.00797119 -0.0147079 0.0335647 -0.00703996 -0.015683 0.033902 -0.00831372 -0.0147247 0.0343943 -0.00728847 -0.0156779 0.0326369 -0.00488586 -0.0156831 0.0294694 -0.00390099 -0.0158133 0.0291287 -0.0024042 -0.0162872 0.0287999 0.00518346 -0.0162671 0.0284988 0.00501897 -0.0224251 0.0283364 -0.00236137 -0.0224124 0.0286388 0.0122508 -0.0224276 0.0261021 0.005 -0.023415 0.0274359 0.00482798 -0.023683 0.026451 -0.00894797 -0.023683 0.025262 -0.00198975 -0.0235372 0.0275781 0.0120159 -0.0234891 0.025097 0.017386 -0.023683 0.020664 0.022815 -0.0235378 0.0159475 0.018024 -0.023415 0.021435 0.0185536 -0.022443 0.0221302 0.0236859 -0.0224843 0.0166267 0.0275474 -0.02246 0.00945526 0.028389 -0.021683 0.00899595 0.0269104 -0.023416 0.00884687 0.0288002 -0.0235673 0.00759688 0.0288418 -0.0227239 0.00863325 0.029762 -0.021683 0.00870198 0.0292387 -0.0216732 0.0088352 0.0295733 -0.0165006 0.00881112 0.0301583 -0.0163432 0.00838709 0.030279 -0.0158327 0.00895302 0.0303101 -0.01633 0.00781942 0.0302909 -0.0215384 0.00769108 0.030128 -0.021683 0.00833594 0.0300007 -0.0229382 0.00810947 0.0302867 -0.0224437 0.0068344 0.0271733 -0.0221017 0.007396 0.0274008 -0.0144888 0.00792471 0.0273168 -0.0207168 0.00791525 0.0302862 -0.0145011 0.0078594 0.0307317 -0.0158222 0.00742158 0.0311081 -0.0157036 0.00731552 0.0302624 -0.0157549 0.00724491 0.0302629 -0.015683 -0.00764996 0.0302922 -0.014487 -0.00139696 0.0311202 -0.0156869 -0.00777909 0.0305614 -0.0156842 0.00941367 0.0255181 -0.0156831 0.0160269 0.0397275 -0.0156477 0.0175349 0.040782 -0.015683 0.014893 0.0209685 -0.0156829 0.0215696 0.0206404 -0.0158228 0.0211799 0.0158343 -0.0157628 0.0249703 0.0187801 -0.0162713 0.022207 0.0214076 -0.01628 0.0197173 0.0156344 -0.0162812 0.0244758 0.012396 -0.0162676 0.0262426 0.0111197 -0.0157459 0.0274434 0.00904333 -0.0163008 0.0275254 0.023862 -0.0163001 0.0167077 0.0258056 -0.0162851 0.0135633 0.0254618 -0.0158116 0.0151809 0.0276617 -0.0162899 0.00960625 0.0281542 -0.0157175 0.00992452 0.0287755 -0.0158205 0.00936986 0.0285638 -0.0162599 0.00898879 0.0382615 -0.0156513 0.0290608 0.0405862 -0.0156325 0.0200423 0.0430696 -0.0154658 0.0208469 0.0429441 -0.015654 0.0216397 0.0418051 -0.0153691 0.0242228 0.0433736 -0.0124664 0.0211613 0.0432427 -0.0152562 0.0216713 0.043077 -0.014183 0.02195 0.041501 -0.012683 0.021297 0.038608 -0.014183 0.02613 0.041501 -0.014183 0.021297 0.040018 -0.014183 0.02708 0.039799 -0.0153629 0.0273647 0.0351972 -0.014183 0.030631 0.03524 -0.0112157 0.030781 0.035153 -0.012683 0.030579 0.036945 -0.012683 0.025019 0.038608 -0.012683 0.02613 0.033736 -0.012683 0.029162 0.0311569 -0.014183 0.0266799 0.033736 -0.014183 0.029162 0.0272552 -0.0112 0.0301734 0.0304873 -0.0112403 0.0268823 0.0313588 -0.0112394 0.0268661 0.0273259 -0.011244 0.0311706 0.036945 -0.014183 0.025019 0.039646 -0.014183 0.0205279 0.039646 -0.012683 0.0205279 0.0431138 -0.0110179 0.0219308 0.0383799 -0.0110262 0.0198832 0.0394991 -0.0110193 0.0162117 0.046093 -0.010983 0.014702 0.044463 -0.0123353 0.0190556 0.0458598 -0.0124597 0.0151909 0.045122 -0.012483 0.015569 0.0437406 -0.0150448 0.0150797 0.0424526 -0.0151007 0.0148818 0.045364 -0.015597 0.015045 0.0447885 -0.0150259 0.0155266 0.0452639 -0.015523 0.015171 0.0455663 -0.0156873 0.0147008 0.0453589 -0.0155939 0.015052 0.0458338 -0.0156194 0.0147308 0.0468369 -0.0153685 0.0120908 0.0476591 -0.0153522 0.0083927 0.048176 -0.014183 0.00483399 0.0467052 -0.014183 0.00284741 0.045935 -0.014183 0.00844198 0.048342 -0.014183 -0.00313497 0.0483071 -0.015314 0.00350545 0.0480379 -0.0156172 0.00383555 0.0484066 -0.0153995 -0.000316816 0.0482201 -0.0153403 -0.00453855 0.047193 -0.014183 -0.011022 0.0478314 -0.0153601 -0.00766025 0.0469323 -0.0156577 -0.0108965 0.0478581 -0.0156198 -0.00584007 0.0481194 -0.0156628 -0.00105469 0.0432593 -0.0156846 -0.0140024 0.0457483 -0.0156587 -0.0150123 0.045935 -0.014183 -0.00873596 0.044562 -0.014183 -0.014199 0.0467388 -0.014183 -0.00313864 0.046637 -0.012683 -0.00314695 0.046844 -0.0112067 -0.00306802 0.046637 -0.012683 0.00285297 0.046839 -0.0113035 0.00284203 0.044633 -0.012683 0.00285297 0.0412912 -0.0112029 0.00273144 0.0413804 -0.014183 0.00283515 0.044633 -0.014183 0.00285297 0.043973 -0.014183 0.00805199 0.043973 -0.012683 0.00805199 0.042708 -0.014183 0.013137 0.042708 -0.012683 0.013137 0.0418079 -0.011133 0.012765 0.046139 -0.0111329 0.0145589 0.044562 -0.012683 0.013906 0.044562 -0.014183 0.013906 0.0461966 -0.0141749 0.0145718 0.045935 -0.012683 0.00844198 0.0460619 -0.0152668 0.0148325 0.04519 -0.0149873 0.0155862 0.0457037 -0.0153279 0.0152981 0.0417496 -0.010983 0.0129028 0.0414047 -0.014183 0.0126613 0.0407872 -0.014183 0.00240418 0.0406114 -0.014183 0.0131094 0.040452 -0.012683 0.013447 0.0406488 -0.0111343 0.0130136 0.0410449 -0.011009 0.0127858 0.0384325 -0.0126831 0.018306 0.039996 -0.012683 0.014115 0.0380987 -0.012683 0.0170458 0.039996 -0.014183 0.014115 0.0389823 -0.014183 0.0144776 0.0390993 -0.012683 0.014488 0.0375 -0.014183 0.0166629 0.038201 -0.014183 0.0172074 0.0384171 -0.014183 0.0183181 0.0381739 -0.014183 0.0197586 0.038169 -0.0110469 0.0190632 0.0259035 -0.0141827 0.0118464 0.028343 -0.0126897 0.01287 0.0407987 -0.0113284 0.00243232 0.0400435 -0.012683 0.00125315 0.040649 -0.0126829 0.00205075 0.0406003 -0.0126832 -0.00217227 0.039672 -0.012683 -0.00144222 0.0402913 -0.014183 -0.00176705 0.0412159 -0.0112087 -0.00299364 0.0407443 -0.0112201 -0.0024874 0.0407062 -0.011223 0.00197372 0.0410574 -0.014183 -0.00307897 0.041636 -0.011333 -0.00314695 0.044633 -0.012683 -0.00314695 0.044633 -0.014183 -0.00314695 0.043973 -0.012683 -0.00834596 0.042708 -0.014183 -0.013431 0.043973 -0.014183 -0.00834596 0.045935 -0.012683 -0.00873596 0.042708 -0.012683 -0.013431 0.044562 -0.012683 -0.014199 0.0414199 -0.0110301 -0.0130126 0.0414966 -0.014183 -0.012967 0.0403289 -0.014183 0.00149609 0.0472488 -0.0156197 0.00938419 0.0473726 -0.015683 0.00753672 0.0429345 -0.0156195 0.0141528 0.0411426 -0.0154331 0.0153612 0.0401383 -0.0152654 0.0178258 0.040354 -0.0154694 0.0163692 0.0401244 -0.0124827 0.0178998 0.0405509 -0.012483 0.01615 0.041376 -0.012483 0.0153249 0.0428611 -0.012483 0.0149558 0.0409217 -0.0150864 0.0194299 0.041157 -0.012483 0.0194487 0.0429135 -0.0148829 0.0203459 0.042951 -0.012483 0.020372 0.0433088 -0.0151011 0.0210048 0.0368502 -0.0153527 0.0312337 0.0335136 -0.0153725 0.0347094 0.0333536 -0.0156604 0.0345101 0.0242868 -0.0153953 0.0416166 0.0274001 -0.0156474 0.0393866 0.0217936 -0.0156933 0.0424487 0.0203345 -0.0156312 0.0402273 0.02123 -0.015523 0.042561 0.020969 -0.015342 0.0425546 0.021388 -0.015597 0.042542 0.0207688 -0.0150285 0.0426781 0.021379 -0.015593 0.0425439 0.0263493 -0.021435 0.00843162 0.0249066 -0.0226828 0.00722323 0.025664 -0.0224162 0.00786952 0.0229456 -0.0213769 0.0151749 0.021884 -0.0225597 0.0145688 0.01802 -0.022415 0.019452 0.017347 -0.022683 0.018713 0.0118295 -0.0226698 0.0219314 0.0119291 -0.0223087 0.0230672 0.010976 -0.019833 0.0220629 0.0122559 -0.0198325 0.0240518 0.0116614 -0.0214889 0.0231298 0.0123602 -0.0212952 0.0240569 0.00929099 -0.019833 0.021841 0.00859296 -0.019833 0.0223769 0.0101629 -0.019833 0.0217259 0.00829251 -0.0220073 0.0226933 0.00940288 -0.0223354 0.0216016 0.0106143 -0.0220547 0.0217258 0.0109139 -0.0226808 0.0208823 0.00795104 -0.0225197 0.0225241 0.0078382 -0.0226756 0.0215104 0.00142497 -0.022683 0.025323 -0.00772705 -0.0226838 0.0242042 -0.00490397 -0.022415 0.0258599 -0.015791 -0.022683 0.0197289 -0.0113395 -0.0222062 0.0241601 -0.016418 -0.022415 0.020508 -0.0166723 -0.0213392 0.0215197 -0.0210957 -0.0222405 0.0152137 -0.0216014 -0.021301 0.0152562 -0.0218409 -0.0211533 0.0161086 -0.0212708 -0.0221343 0.0162539 -0.0218265 -0.0198324 0.0154355 -0.023712 -0.019833 0.012325 -0.019987 -0.019833 0.012526 -0.020108 -0.019833 0.014065 -0.0198629 -0.019833 0.0133099 -0.019478 -0.0225172 0.0137925 -0.0198392 -0.0220388 0.0136863 -0.021458 -0.0220612 0.0114128 -0.0228422 -0.0218492 0.011922 -0.0219447 -0.019833 0.0115445 -0.020594 -0.019833 0.011776 -0.0236743 -0.0210852 0.0123006 -0.023638 -0.0223671 0.0115754 -0.022565 -0.0223897 0.0114911 -0.0225953 -0.0226854 0.0108183 -0.0242685 -0.0214828 0.0120213 -0.0259808 -0.0224051 0.00927263 -0.026083 -0.0216954 0.00997387 -0.0250426 -0.022175 0.0101447 -0.024781 -0.020683 0.011386 -0.0252539 -0.020683 0.0107419 -0.0261777 -0.0207869 0.0102325 -0.0251502 -0.0143643 0.0109204 -0.023597 -0.0146829 0.013663 -0.0236297 -0.0143254 0.0138682 -0.0214671 -0.0144842 0.0169216 -0.0219161 -0.014218 0.0167814 -0.0188209 -0.0142423 0.0201502 -0.0186049 -0.0145083 0.0200167 -0.020931 -0.020683 0.017472 -0.015632 -0.017683 0.022349 -0.013092 -0.016183 0.024394 -0.0111006 -0.0176205 0.0250199 -0.010424 -0.0207833 0.0252652 -0.00665554 -0.0144812 0.026797 -0.00730086 -0.0150792 0.0279984 -0.00791888 -0.0146829 0.029257 -0.0151494 -0.0150853 0.0245385 -0.0194189 -0.015085 0.021224 -0.0206336 -0.0146838 0.0224405 -0.0187453 -0.0144075 0.0204651 -0.0186551 -0.0161135 0.0204509 -0.0185824 -0.0170526 0.0200255 -0.0189019 -0.0136442 0.0205464 -0.0189632 -0.0142005 0.020315 -0.0200796 -0.0141841 0.0191564 -0.0205527 -0.0141748 0.0189295 -0.0205564 -0.0136291 0.0189393 -0.0226068 -0.0126922 0.0208759 -0.0208362 -0.0126894 0.0226412 -0.0235266 -0.0146829 0.025453 -0.0234887 -0.014183 0.025348 -0.0267889 -0.014183 0.0301959 -0.023313 -0.014183 0.025826 -0.0270997 -0.014183 0.0292293 -0.0268208 -0.0113281 0.0301118 -0.0267394 -0.0112139 0.0306129 -0.0269619 -0.0112369 0.0311657 -0.0301814 -0.0112187 0.0268792 -0.0309283 -0.0111822 0.0269735 -0.0309616 -0.0113173 0.0268166 -0.0298947 -0.0126831 0.0269665 -0.0269473 -0.0126831 0.0298928 -0.0287392 -0.012683 0.0269047 -0.026839 -0.012683 0.0287076 -0.0290962 -0.014183 0.0270336 -0.00652804 -0.0166541 0.0266173 -0.00221997 -0.020683 0.027248 -0.00521474 -0.021451 0.026704 0.00152296 -0.020683 0.027321 0.00150996 -0.021683 0.027053 0.00147396 -0.022415 0.0263219 0.00824986 -0.0214218 0.0260172 0.00497395 -0.020683 0.0269329 0.00806397 -0.019833 0.0262 -0.00107413 -0.0144689 0.0274038 -0.000859088 -0.0142485 0.0276176 0.00503624 -0.0142105 0.0273023 0.00383778 -0.0144886 0.0271764 0.00790378 -0.0144924 0.0262913 0.0110266 -0.0144887 0.025174 0.0103694 -0.0142429 0.0257178 0.0147612 -0.0144793 0.0232598 0.012242 -0.014183 0.025696 0.0131995 -0.012691 0.0280085 0.0120261 -0.0136342 0.0254179 0.00988788 -0.0136394 0.0262934 0.0108891 -0.0126875 0.0289635 0.0173674 -0.012683 0.037721 0.0142833 -0.0126832 0.0398961 0.0185906 -0.0126834 0.0381018 0.0165674 -0.0110218 0.0391497 0.0201896 -0.011 0.0380988 0.0194859 -0.0110424 0.0378234 0.0178478 -0.014183 0.0380082 0.0118316 -0.0141779 0.0253554 0.0102326 -0.014183 0.0259838 0.00881154 -0.0198328 0.0254423 0.00873219 -0.0215334 0.0251162 0.00790149 -0.0223801 0.0252857 0.00781589 -0.0226216 0.0242177 0.00832327 -0.022082 0.0241635 0.00825596 -0.019833 0.02319 -0.0217841 -0.0198328 0.0163818 -0.024605 -0.019833 0.011758 -0.0242399 -0.019833 0.0121699 -0.0253034 -0.0141737 0.0116304 -0.0253146 -0.0136947 0.0116113 -0.025638 -0.014255 0.0106745 -0.0257535 -0.0139411 0.0104272 -0.0287757 -0.0127156 0.0104852 -0.0279378 -0.0126974 0.0128549 -0.0385909 -0.012683 0.0144755 -0.038088 -0.014183 0.014353 -0.0392594 -0.014183 0.0144088 -0.039575 -0.012683 0.014157 -0.0401062 -0.014183 0.0133799 -0.0400966 -0.012683 0.0134069 -0.040048 -0.012683 0.013541 -0.0379585 -0.012683 0.01728 -0.0379896 -0.014183 0.0175538 -0.0377725 -0.014183 0.0190183 -0.0285481 -0.0144119 0.0104006 -0.0297868 -0.0141989 0.0108959 -0.0301823 -0.01449 0.00110298 -0.0304763 -0.0142082 0.00110298 -0.0204888 -0.0225961 0.0152093 -0.0189374 -0.0226823 0.0139519 0.0130158 -0.0221474 0.0235787 0.0183857 -0.0213274 0.0203952 0.0269365 -0.0224136 -0.0077384 0.0251343 -0.0226774 -0.00722015 0.0302968 -0.0222497 -0.008036 0.030262 -0.022683 -0.00664997 0.0301286 -0.0231829 -0.00765188 0.0297621 -0.0235489 -0.00764982 0.0292626 -0.0236829 -0.00763844 0.0271698 -0.0233911 -0.00917684 0.0295749 -0.0233953 -0.00861469 0.0299362 -0.0227588 -0.00918052 0.0271419 -0.0216559 -0.00846277 0.0268658 -0.0236817 -0.00820312 0.0265192 -0.023682 0.00769863 0.0295972 -0.0236451 0.0069077 0.030128 -0.023183 0.006836 0.030262 -0.022683 0.00583594 0.0267122 -0.0226823 0.0059694 0.02641 -0.0144745 0.00857732 -0.00928599 -0.023415 0.026203 -0.0154998 -0.0234891 0.0229021 -0.021089 -0.023415 0.0180589 -0.021828 -0.02246 0.0185462 -0.0162645 -0.0224523 0.0236072 -0.0192548 -0.0163104 0.02145 -0.0162611 -0.0162999 0.0238172 -0.0131626 -0.0162902 0.025678 -0.00963234 -0.0224534 0.0270273 -0.00584172 -0.0163106 0.0282793 -0.00948367 -0.0163006 0.0272617 -0.00979298 -0.015817 0.0276149 -0.0108006 -0.0156746 0.0332511 -0.00958794 -0.014733 0.033113 -0.0146486 -0.015817 0.0254294 -0.0207999 -0.0158199 0.0206639 -0.0222387 -0.0156835 0.0200082 -0.0290415 -0.0159753 0.0115343 -0.02871 -0.0166645 0.0113282 -0.0288049 -0.0226416 0.0110708 -0.028835 -0.0233964 0.0103185 -0.0264711 -0.0226679 0.0113515 -0.0263402 -0.0216866 0.0118631 -0.0273763 -0.0217279 0.0113202 -0.027249 -0.0162593 0.0114241 -0.0274518 -0.0158265 0.0118195 -0.026394 -0.0162973 0.0119023 -0.0268353 -0.0157157 0.0122843 -0.0243061 -0.0160821 0.0156247 -0.0219227 -0.0162873 0.0187174 -0.0289351 -0.0216606 0.0112919 -0.0403013 -0.0150472 0.0190235 -0.042523 -0.015523 0.020899 -0.0425171 -0.0153418 0.0206377 -0.0401295 -0.0156374 0.0199919 -0.0424884 -0.0156907 0.021528 -0.041605 -0.0153502 0.0239526 -0.0428118 -0.0153716 0.0216869 -0.0429092 -0.0153117 0.0209732 -0.0429689 -0.0124203 0.021352 -0.0425052 -0.0124831 0.0203234 -0.0425275 -0.0148286 0.0203133 -0.042505 -0.015597 0.0210569 -0.042506 -0.015593 0.0210479 -0.0413832 -0.014961 0.0198641 -0.039836 -0.012483 0.017783 -0.0403855 -0.0156628 0.0254183 -0.0372319 -0.015615 0.0299947 -0.0152245 -0.0155504 0.0454429 -0.0152843 -0.015673 0.0450169 -0.0155438 -0.0151832 0.0454326 0.0156842 -0.015556 0.0454046 0.0158142 -0.0151863 0.0454929 0.01424 -0.014183 0.0442772 0.0142492 -0.012683 0.0442766 0.0134437 -0.014183 0.0423437 0.00318396 -0.014183 0.042403 0.0186296 -0.0124202 0.0444115 0.0192479 -0.0136689 0.0205037 0.0212139 -0.0126913 0.0226509 0.0229837 -0.0126881 0.0208848 0.0265479 -0.0141724 0.00954579 0.029298 -0.0126903 -0.0108534 0.0265275 -0.0136997 -0.00985896 0.0265446 -0.0141764 -0.00983751 0.0260668 -0.0143166 -0.0098757 0.025694 -0.0137022 -0.0119009 0.0256871 -0.0141807 -0.0117962 0.0249594 -0.014358 -0.0122692 0.026027 -0.014183 -0.012204 0.0283112 -0.0126932 -0.0131502 0.0390283 -0.012683 -0.0147715 0.025903 -0.014683 -0.00988491 0.00875831 -0.0198327 -0.0253985 0.0294603 -0.014183 -0.0273263 0.0270891 -0.0113327 -0.0305446 0.0273271 -0.0111827 -0.0304753 0.031616 -0.011333 -0.027336 0.0311725 -0.0112088 -0.0271262 0.0305282 -0.0112347 -0.0271481 0.0272173 -0.0112129 -0.0312579 0.0384742 -0.0110464 -0.0202356 0.0382077 -0.0111618 -0.0191585 0.0396212 -0.014183 -0.0146881 0.045785 -0.015131 -0.015524 0.0450407 -0.0148162 -0.0159068 0.040303 -0.0154802 -0.0167647 0.026073 -0.0234939 -0.0105612 0.00245227 -0.023684 -0.0271625 -0.00730395 -0.0236829 -0.026088 -0.00743835 -0.0231312 -0.0275837 -0.0137859 -0.023415 -0.024413 -0.0132913 -0.0237026 -0.0235748 -0.0133622 -0.020683 -0.022423 -0.0135016 -0.0206828 -0.0239922 -0.0108489 -0.020683 -0.0225442 -0.0095611 -0.0206836 -0.0219593 -0.011819 -0.019833 -0.024282 -0.0119827 -0.020683 -0.0245016 -0.008398 -0.019833 -0.025699 -0.00791079 -0.0198327 -0.0239012 -0.00804284 -0.019833 -0.0263511 -0.00831435 -0.021606 -0.0252667 -0.00804324 -0.0213316 -0.0262343 -0.0142905 -0.0224078 -0.0251892 -0.0154684 -0.0237147 -0.0217961 -0.0425435 -0.0155247 0.0143287 -0.045424 -0.015133 0.015223 -0.0455315 -0.0124353 0.0151582 -0.045296 -0.01509 0.015336 -0.045417 -0.015131 0.01523 -0.0446752 -0.0148215 0.0156159 -0.0457568 -0.0110424 0.0146047 -0.047576 -0.0153533 0.00663888 -0.0480205 -0.0153659 0.00190752 -0.047973 -0.014183 0.00284099 -0.047808 -0.014183 -0.00512797 -0.0477043 -0.0156165 0.00342135 -0.0477474 -0.0156651 -0.000837842 -0.0479467 -0.015349 -0.00361399 -0.0473229 -0.0153494 -0.00852204 -0.0464817 -0.0153674 -0.0123381 -0.0472573 -0.0156458 -0.00765524 -0.0463902 -0.014183 -0.00313706 -0.045567 -0.014183 -0.00873596 -0.0467204 -0.0156554 0.0100342 -0.0397237 -0.0156514 -0.0166908 -0.0268506 -0.01574 -0.0182546 -0.0262954 -0.015765 -0.0179917 -0.0261304 -0.0163096 -0.0185241 -0.04499 -0.0155939 -0.015346 -0.0413674 -0.0110163 -0.0131182 -0.0410392 -0.014183 -0.00313385 -0.0410751 -0.014183 -0.0129532 -0.0402869 -0.014183 -0.0133269 -0.0310392 -0.0142086 -0.00754225 -0.0293239 -0.0143566 -0.0110163 -0.0386379 -0.012683 -0.014793 -0.0390565 -0.014183 -0.0147839 -0.0396269 -0.012683 -0.0144089 -0.0380637 -0.0126831 -0.0185954 -0.040083 -0.012683 -0.013741 -0.0402827 -0.0111408 -0.0133005 -0.0406446 -0.0110033 -0.0130874 -0.0391995 -0.011024 -0.0163044 -0.0377888 -0.0110327 -0.0194501 -0.0377861 -0.014183 -0.0192999 -0.0307839 -0.014183 -0.027074 -0.0379675 -0.014183 -0.0201983 -0.030251 -0.014183 -0.027086 -0.0283239 -0.014183 -0.026887 -0.0287156 -0.012683 -0.0271676 -0.0293049 -0.014183 -0.0273682 -0.0297994 -0.0126832 -0.0273093 -0.0268646 -0.0126829 -0.0303335 -0.0270004 -0.012683 -0.0293231 -0.0269718 -0.014183 -0.0293907 -0.0265559 -0.014183 -0.028655 -0.0164318 -0.019683 -0.0231841 -0.0208496 -0.01269 -0.0229486 -0.0188881 -0.0136599 -0.0208037 -0.0205243 -0.0136409 -0.0192279 -0.0226044 -0.0126907 -0.0211674 -0.0305292 -0.0113601 -0.0269925 -0.0308922 -0.011182 -0.0272374 -0.0312464 -0.0113334 -0.0273349 -0.0379062 -0.0111314 -0.0200789 -0.0380065 -0.014183 -0.0176301 -0.0376786 -0.012683 -0.0172905 -0.0283403 -0.0143222 -0.0133154 -0.0200132 -0.0156827 -0.0400872 -0.0214374 -0.0156835 -0.0427259 -0.0198255 -0.015538 -0.0405738 -0.020861 -0.0155229 -0.042854 -0.0203052 -0.0150728 -0.0427934 -0.02102 -0.015597 -0.042836 -0.02101 -0.015593 -0.042838 -0.024946 -0.0153663 -0.0413366 -0.0246461 -0.0156168 -0.0412498 -0.0277239 -0.0156669 -0.0391259 -0.0328475 -0.015659 -0.0349496 -0.03965 -0.014183 -0.027374 -0.03935 -0.0153573 -0.0277805 -0.0413619 -0.015354 -0.0246539 -0.0382399 -0.014183 -0.026424 -0.0348506 -0.014183 -0.0309508 -0.0382399 -0.012683 -0.026424 -0.041133 -0.014183 -0.02159 -0.0364292 -0.0153549 -0.0315798 -0.0330889 -0.015381 -0.0350537 -0.00643098 0.0167209 0.047018 -0.00302351 0.0177172 0.0461448 -0.0139984 0.0176903 0.0447644 -0.0122665 0.015151 0.0470136 -0.012826 0.015502 0.046802 -0.012694 0.0163973 0.046372 -0.0117103 0.0145997 0.0472121 -0.012355 0.01453 0.047106 -0.0126229 0.0145 0.04706 -0.012356 0.01453 0.047106 -0.0126229 0.0145 0.04706 -0.012355 0.01453 0.047106 -0.00963986 0.0148096 0.0475024 -0.00517553 0.0151917 0.0479535 0.0010783 0.0149057 0.0483911 -0.00593775 0.0142949 0.0479939 -0.0112753 0.00610452 0.048226 -0.0129936 0.0145241 0.0469898 -0.020115 0.00729697 0.046478 -0.027313 0.00729399 0.044011 -0.0374105 0.0100856 0.038713 -0.0203009 0.0146864 0.0450886 -0.0261551 0.0149005 0.0427799 -0.0185732 0.0165089 0.0448999 -0.016807 0.014694 0.046107 -0.012866 0.0145669 0.047008 -0.012866 0.0145669 0.047008 -0.012864 0.0145669 0.047008 -0.012866 0.0145669 0.047008 -0.012866 0.0145669 0.047008 -0.012866 0.0145669 0.047008 -0.012751 0.014484 0.047038 -0.012776 0.01448 0.047034 -0.012714 0.014579 0.047035 -0.012743 0.014485 0.047039 -0.012749 0.014484 0.047038 -0.012751 0.014484 0.047038 -0.012751 0.014484 0.047038 -0.0126229 0.0145 0.04706 -0.0126989 0.0144899 0.047047 -0.0126229 0.0145 0.04706 -0.0126229 0.0145 0.04706 -0.0126229 0.0145 0.04706 -0.0126229 0.0145 0.04706 -0.012597 0.014503 0.047065 -0.012502 0.014514 0.047081 -0.012433 0.0145219 0.047093 -0.012393 0.0145259 0.0470999 -0.012371 0.014529 0.047103 -0.01236 0.01453 0.047105 -0.012357 0.01453 0.047106 -0.012612 0.014501 0.047062 -0.0126229 0.0145 0.04706 -0.0126229 0.0145 0.04706 -0.0126189 0.0145 0.047061 -0.012621 0.0145 0.04706 -0.0126229 0.0145 0.04706 -0.0126229 0.0145 0.04706 -0.012751 0.014484 0.047038 -0.012751 0.014484 0.047038 -0.012751 0.014484 0.047038 -0.012751 0.014484 0.047038 -0.012751 0.014484 0.047038 -0.012751 0.014484 0.047038 -0.012751 0.014484 0.047038 -0.012751 0.014484 0.047038 -0.012751 0.014484 0.047038 -0.0209637 0.017717 0.0426183 -0.0256814 0.0166095 0.0421583 -0.0333634 0.0166784 0.0383052 -0.0369309 0.0150141 0.0373459 -0.044311 0.016783 0.0321199 -0.0471905 0.015271 0.0313083 -0.0542235 0.0103531 0.0291913 -0.061316 0.012081 0.025243 -0.0613165 0.00530644 0.0277422 -0.061316 -0.000683005 0.0285529 -0.061316 -0.00570995 -0.000147001 -0.061316 -0.00744796 0.0274809 -0.0544736 0.000216347 0.0309884 -0.0612727 -0.0034127 0.00383734 -0.054318 -0.00741798 0.030429 -0.061316 0.00434399 -0.000146999 -0.0610972 0.00387954 -0.000152134 -0.061316 0.012081 -0.0255369 -0.0612753 0.00349597 -0.00254596 -0.0612848 0.00349973 0.0022846 -0.061316 -0.000682995 -0.028847 -0.054318 -0.00741797 -0.030723 -0.061316 -0.00744795 -0.027775 -0.0612692 -0.00336187 -0.00413495 -0.054321 0.00016871 -0.0313593 -0.0613164 0.00531392 -0.0280357 -0.0542916 0.0102362 -0.0294897 -0.0472326 0.015273 -0.031573 -0.0442786 0.0167766 -0.0324399 -0.0556856 0.0178928 -0.0234743 -0.05463 0.0156026 -0.0267767 -0.0565289 0.0171493 -0.0244461 -0.0613159 0.0163261 -0.0230312 -0.061316 0.017385 -0.021936 -0.061316 0.018134 -0.0202425 -0.0550765 0.0181658 -0.0221493 -0.0546854 0.0181652 -0.00738888 -0.053248 0.0181651 -0.00880401 -0.0461405 0.0182307 -0.0180031 -0.0467053 0.0182057 -0.0119069 -0.0468938 0.0181649 -0.00744349 -0.0457117 0.0182206 -0.00547809 -0.0454895 0.0182136 0.00276939 -0.0470196 0.018165 0.00732828 -0.0466965 0.0182068 0.0114965 -0.0486149 0.0180712 0.00808623 -0.0528217 0.0174384 0.0072827 -0.0529685 0.0179573 0.00779873 -0.053988 0.0179547 0.00677965 -0.0547421 0.018165 0.00704241 -0.0534118 0.0181652 0.00843908 -0.0550878 0.0181658 0.0218499 -0.0564952 0.0171809 0.0241306 -0.0547513 0.0156526 0.0263846 -0.0613162 0.0180107 0.0206026 -0.0613159 0.0162468 0.022811 -0.0461395 0.0182441 0.0176585 -0.0433557 0.018166 0.0244935 -0.0424656 0.0184597 0.0243799 -0.040103 0.018666 0.026646 -0.0403399 0.0182442 0.0270305 -0.044207 0.018666 0.020851 -0.04575 0.018666 0.017215 -0.0436007 0.0193268 0.0217764 -0.044862 0.0193335 0.0190465 -0.0455642 0.0194593 0.0170527 -0.0458006 0.0193238 0.0166516 -0.0461592 0.0194361 0.0147103 -0.046203 0.0192767 0.0149525 -0.0462609 0.0193575 0.0132103 -0.0459473 0.0194555 0.0117235 -0.0461116 0.0193163 0.0119331 -0.045604 0.0191665 0.00924302 -0.046181 0.018666 0.011518 -0.0456567 0.0193351 0.00958873 -0.045276 0.0193334 0.00713923 -0.045258 0.018666 0.005718 -0.0449499 0.018666 -0.000146997 -0.0449345 0.0193016 0.00379696 -0.0448152 0.019314 0.00104461 -0.0448055 0.0193402 -0.000813294 -0.0448606 0.0192208 -0.00257351 -0.0370572 0.019466 0.00160735 -0.0367436 0.0194423 -0.00367766 -0.0363679 0.0191581 -0.00432931 -0.0358462 0.018176 -0.0067653 -0.0360574 0.0176634 -0.00722387 -0.0350155 0.0176705 -0.0068685 -0.035319 0.0179462 -0.00665573 -0.0297942 0.0179273 -0.0056005 -0.029956 0.017899 -0.00272196 -0.029774 0.017716 -0.00270694 -0.029389 0.0177292 -0.00549772 -0.0295992 0.0176426 -0.00582685 -0.0297069 0.0174659 -0.00270098 -0.029374 0.012143 -0.00547806 -0.0295941 0.0121257 -0.00579857 -0.0311632 0.0125758 -0.00622036 -0.0323624 0.0111535 -0.00791086 -0.0320165 0.0112036 -0.0068501 -0.0325637 0.0109152 -0.00798115 -0.0350051 0.0103497 -0.00599369 -0.0351725 0.0106039 -0.0049605 -0.0312316 0.0114634 -0.0061227 -0.0295942 0.0118948 -0.00551833 -0.0298501 0.0119371 -0.0034776 -0.029754 0.0121698 -0.00294421 -0.0302113 0.0120169 -0.00266835 -0.0348715 0.0117871 -0.00360456 -0.048316 0.010542 -0.00501996 -0.0483059 0.0103077 -0.00639977 -0.04717 0.010317 -0.00886196 -0.0328446 0.0103715 -0.0137575 -0.0453228 0.010316 -0.0162874 -0.0306063 0.010317 -0.0200379 -0.0392884 0.0104533 -0.0278112 -0.038522 0.00533897 -0.030004 -0.041551 0.00537896 -0.022912 -0.044958 0.00542098 -0.015978 -0.043196 0.010317 -0.022169 -0.0424809 0.0103169 -0.0225876 -0.0449315 -0.00194878 -0.016079 -0.042303 -0.00846499 -0.02352 -0.045491 -0.00857299 -0.016521 -0.0465897 -0.0112758 -0.0140965 -0.0476577 -0.00797018 -0.00897136 -0.0470878 -0.00918103 -0.0119683 -0.0475922 -0.00957037 -0.0117705 -0.051285 -0.01144 -0.013765 -0.0481954 -0.00885343 -0.00890558 -0.0482723 -0.00847892 -0.00816595 -0.0487835 -0.00801721 -0.0077465 -0.0486496 -0.00757487 -0.00768251 -0.0517117 -0.00780293 -0.00745338 -0.0517627 -8.72763e-05 -0.00741872 -0.04854 0.00981694 -0.00775796 -0.047964 0.00981694 -0.00825399 -0.0479593 -0.00784273 -0.00825894 -0.0477707 -0.00840676 -0.00890375 -0.0476729 0.00862873 -0.0089511 -0.0453471 0.00865617 -0.016119 -0.045496 0.010317 -0.016884 -0.0480677 0.0101751 -0.00788701 -0.0475878 0.0101153 -0.00893948 -0.0484778 0.0103265 -0.00712321 -0.0488519 0.0102069 -0.0074557 -0.0523315 0.00146515 -0.00745534 -0.049316 0.0104589 -0.00755995 -0.049316 0.016024 -0.00755995 -0.0483601 0.0177339 -0.0075742 -0.0493163 0.016666 -0.00756001 -0.049358 0.017416 -0.00775999 -0.0489612 0.0180886 -0.00844172 -0.0528529 0.0177383 -0.00776491 -0.0539812 0.0179735 -0.00713335 -0.0534897 0.0174256 -0.00685715 -0.052732 0.0166059 -0.00737297 -0.0532773 0.0166449 -0.00678858 -0.0534016 0.00430316 -0.000152526 -0.053418 0.00354942 0.00252305 -0.053488 0.00354122 -0.00277185 -0.053316 0.003878 -0.00302499 -0.053316 0.001638 -0.00645494 -0.0533415 0.00156292 -0.00484146 -0.0530361 0.000885507 -0.00684784 -0.0528508 0.000509861 -0.00530377 -0.0523702 -0.000216028 -0.00542574 -0.0522917 -0.000221834 -0.00684639 -0.0528051 0.00129043 -0.0073109 -0.053188 0.001638 -0.00694495 -0.0522536 -0.00797019 -0.00691579 -0.0523386 -0.0100378 -0.00486621 -0.0525971 -0.0110078 -0.00421127 -0.0526222 -0.00984677 -0.00584539 -0.0525937 -0.00928876 -0.00739679 -0.0562355 -0.00960967 -0.00743407 -0.0560255 -0.00938358 -0.00875525 -0.0562394 -0.00972953 -0.0105126 -0.0559861 -0.0100289 -0.0116017 -0.0562191 -0.0114971 -0.0133578 -0.0562852 -0.0162698 -0.014744 -0.0563102 -0.0197521 -0.0130176 -0.0561753 -0.0187337 -0.0141364 -0.0561951 -0.0210367 -0.0117643 -0.0562831 -0.0215672 -0.00966497 -0.0561996 -0.021607 -0.00726831 -0.0561141 -0.0209928 -0.00564398 -0.056023 -0.0218609 -0.00875996 -0.0470966 -0.0223793 -0.00850595 -0.051368 -0.0218469 -0.00686896 -0.0560189 -0.020029 -0.00435279 -0.0562945 -0.0199055 -0.00463677 -0.0559879 -0.0187463 -0.00335694 -0.0562384 -0.0173991 -0.00290087 -0.0556443 -0.0158685 -0.00246998 -0.0525256 -0.0154331 -0.00226544 -0.0525553 -0.0126595 -0.00298487 -0.052383 -0.0141505 -0.00231352 -0.0524765 -0.0181111 -0.00275457 -0.052614 -0.020124 -0.0040859 -0.0517075 -0.021571 -0.00562016 -0.0485276 -0.0216446 -0.00464301 -0.0479769 -0.0219363 -0.00641365 -0.048059 -0.021756 -0.00484598 -0.0474852 -0.0224198 -0.00612807 -0.048059 -0.021756 0.00455194 -0.048557 -0.021622 0.00459998 -0.0479403 -0.0219456 0.00613203 -0.0517013 -0.0215712 0.00528947 -0.051368 -0.021847 0.00657498 -0.0521501 -0.0212189 0.00516877 -0.0523469 -0.0205189 0.00386573 -0.0521552 -0.0212232 -0.0054692 -0.0524187 -0.0181495 0.00245232 -0.0523764 -0.0204002 -0.0040478 -0.0523907 -0.0050774 -0.0027037 -0.0523446 -0.0122128 -0.0029445 -0.0523359 -0.00596934 -0.000160939 -0.0526181 -0.00565465 -0.000147281 -0.05679 -0.00478595 -0.00251496 -0.05679 -0.00478595 0.00222194 -0.0524111 -0.00319231 0.00425649 -0.05679 -0.003052 0.00395596 -0.05679 -0.000683001 0.00458997 -0.0527878 -0.000683344 0.00480016 -0.0525439 3.43194e-05 0.00492996 -0.0532341 0.000882233 0.00466731 -0.0537064 0.0014676 0.00425948 -0.05679 0.00341898 0.00222194 -0.0609844 0.0015896 0.00380103 -0.0610181 0.0032628 0.00213232 -0.0612851 0.00172229 0.00403846 -0.0610213 -0.000690147 0.00440993 -0.0607873 0.000472599 0.00423827 -0.0607845 -0.00181569 0.00424467 -0.0610148 -0.00294646 0.00380465 -0.0607769 -0.00378414 0.0031704 -0.0610968 -0.00463481 0.00212856 -0.0607628 -0.00514409 0.000739497 -0.0610839 -0.00525296 -0.00041488 -0.0610964 -0.00465703 -0.00237613 -0.060767 -0.00399549 -0.00325491 -0.0610024 -0.00302769 -0.00405026 -0.061018 -0.000701466 -0.0047041 -0.0612864 -0.000650345 -0.00498276 -0.05679 -0.003052 -0.00424898 -0.0607631 -0.00196145 -0.00450499 -0.05679 -0.000682999 -0.00488394 -0.0607608 0.000572249 -0.0045115 -0.0609852 0.00162447 -0.00406713 -0.0536677 0.00144358 -0.00457095 -0.05679 0.00341898 -0.00251496 -0.0532502 0.000945965 -0.00494233 -0.0526006 -0.000300589 -0.00514869 -0.052411 -0.00323999 -0.00452085 -0.0607882 0.00378104 0.00071499 -0.0607701 0.00262721 0.00296207 -0.060992 0.0032247 -0.00248161 -0.0607866 0.0025196 -0.00335732 -0.0607625 0.00367242 -0.00143559 -0.0612857 0.00173194 -0.0043308 -0.0612864 -0.000650176 0.00468857 -0.0533468 0.00157096 0.00453567 -0.053316 0.00163799 0.00616097 -0.053188 0.00163799 0.00665098 -0.0530487 0.000898709 0.00655014 -0.0527937 0.00129309 0.00702338 -0.0523317 0.00146219 0.00716133 -0.0488317 0.016645 0.00713667 -0.049283 0.00985854 0.007267 -0.0488189 0.0101169 0.00721258 -0.0479571 0.00999484 0.00793059 -0.0476729 0.00862857 0.008657 -0.0471674 0.010296 0.0085257 -0.0475768 0.0101525 0.00864343 -0.0327329 0.010368 0.0137133 -0.048316 0.010317 0.00564796 -0.0453279 0.0103162 0.0160181 -0.0453471 0.00864271 0.0158198 -0.044958 0.00542098 0.0156839 -0.045496 0.010317 0.01659 -0.043196 0.010317 0.021875 -0.041551 0.00537896 0.022618 -0.0424703 0.0103169 0.0223014 -0.038522 0.00533896 0.02971 -0.0392737 0.0104723 0.0275523 -0.0449338 -0.00197039 0.0157798 -0.042303 -0.008465 0.023226 -0.045491 -0.008573 0.0162269 -0.0465878 -0.0112805 0.0138075 -0.0470878 -0.00918086 0.0116739 -0.0475825 -0.0095776 0.011502 -0.048178 -0.00883823 0.00860123 -0.0525064 -0.0091089 0.00824662 -0.0482727 -0.00849051 0.00787845 -0.0492764 -0.00731645 0.00726757 -0.051708 -0.00783201 0.00716895 -0.04854 0.00981694 0.00746399 -0.0513805 -4.67636e-05 0.00719392 -0.0518591 -0.000138623 0.00705126 -0.0522876 -0.000226395 0.00656054 -0.0523748 -0.00066794 0.00500511 -0.0523914 -0.00508626 0.00240042 -0.0524286 -0.0097817 0.00556599 -0.0523408 -0.0114409 0.00309835 -0.0525995 -0.0110323 0.00389088 -0.0559841 -0.0112997 0.00394705 -0.052259 -0.00803745 0.00663583 -0.0522762 -0.00888701 0.00718304 -0.0525967 -0.00928752 0.00711204 -0.0559632 -0.0100016 0.011263 -0.051285 -0.01144 0.013472 -0.0562349 -0.00959981 0.00971396 -0.0560266 -0.00938389 0.00843444 -0.0562814 -0.0100132 0.00625655 -0.0562399 -0.0112159 0.0127758 -0.0562415 -0.0129556 0.0140401 -0.0559889 -0.0140118 0.0145221 -0.0561755 -0.015509 0.0147015 -0.0560033 -0.0171818 0.014528 -0.0498209 -0.018894 0.0141989 -0.056225 -0.0185348 0.0139343 -0.0534057 -0.0155743 0.0148888 -0.051287 -0.0138856 0.0147563 -0.046176 -0.0138797 0.0151166 -0.0463275 -0.0156374 0.0152849 -0.0456596 -0.0157733 0.0155675 -0.0450789 -0.0157501 0.0158511 -0.0495142 -0.0212696 0.0118637 -0.0450478 -0.0161302 0.0154111 -0.0321246 -0.0193955 0.0149916 -0.0315103 -0.0161094 0.0161419 -0.0309924 -0.0160766 0.0163998 -0.0313348 -0.015796 0.0165054 -0.031132 -0.0157051 0.0168935 -0.0297021 -0.0159987 0.0186413 -0.0284765 -0.0157087 0.0210044 -0.0405409 -0.0156439 0.0260292 -0.0405799 -0.0153489 0.0263985 -0.0406161 -0.015183 0.0264138 -0.042358 -0.015183 0.023456 -0.0427981 -0.0154298 0.0225708 -0.0440101 -0.0151847 0.0202738 -0.0446417 -0.0154545 0.0186018 -0.0458451 -0.0152407 0.0156827 -0.0454209 -0.0156258 0.0160665 -0.0436345 -0.0156707 0.0201701 -0.0387325 -0.0045457 0.030746 -0.034547 -0.00839395 0.036336 -0.035508 -0.00152398 0.03684 -0.029782 -0.001467 0.041924 -0.03518 0.00533795 0.036595 -0.0294819 0.00544595 0.041853 -0.0377672 0.0120124 0.0294948 -0.0296203 0.0120133 0.0379111 -0.020823 0.0120169 0.043183 -0.022537 0.0080281 0.0443896 -0.015234 0.00557398 0.045995 -0.0152096 0.0117939 0.0459562 -0.0150972 0.0120247 0.0456144 0.00968396 -0.015183 0.046253 -0.00460293 -0.01575 0.0351009 -0.00536755 -0.0159768 0.0347586 -0.0017306 -0.0159676 0.0351528 -2.50495e-05 -0.0157517 0.0354072 0.00319751 -0.0157839 0.0352365 0.000131554 -0.0161972 0.0351581 0.00386483 -0.0160004 0.0349968 0.00980514 -0.0156872 0.0374511 0.00863547 -0.0158071 0.0350002 0.00707983 -0.0157121 0.0348131 0.00714398 -0.0159913 0.0345295 0.00667657 -0.0185429 0.0345693 0.0081886 -0.0185641 0.034918 0.00619807 -0.0196799 0.0403861 0.00655966 -0.0195505 0.0355605 0.00083517 -0.0202846 0.0362978 0.000231 -0.019832 0.035467 0.0066073 -0.0190889 0.0348691 -0.00641596 -0.020015 0.034861 0.002594 -0.0190768 0.0350872 -0.00196245 -0.0192812 0.0351198 -0.00665131 -0.0193135 0.0344714 -0.00886124 -0.019378 0.0339847 -0.00901471 -0.0157482 0.0342013 -0.00984293 -0.0160101 0.0337402 -0.0135244 -0.0157172 0.0327213 -0.0140054 -0.0159956 0.0322049 -0.0172338 -0.0157206 0.0308941 -0.0215342 -0.0157163 0.028082 -0.0195274 -0.0160057 0.0291455 -0.021281 -0.0160033 0.0279003 -0.025018 -0.020259 0.024538 -0.0246698 -0.0203154 0.0249174 -0.023016 -0.020679 0.026876 -0.018193 -0.020218 0.03036 -0.0184502 -0.0207012 0.0311088 -0.0229828 -0.0211005 0.0280044 -0.0229762 -0.0200721 0.0264817 -0.020537 -0.0197885 0.0284421 -0.0173273 -0.0159876 0.0305323 -0.0180522 -0.0195902 0.0300801 -0.01472 -0.0194247 0.0318558 -0.0128005 -0.0199955 0.0330206 -0.0117259 -0.0194222 0.0330995 -0.027643 -0.0218008 0.023918 -0.0293005 -0.0223196 0.0214892 -0.0305408 -0.0227034 0.0179203 -0.0306664 -0.0230403 0.0193502 -0.0323906 -0.0244839 0.0152759 -0.032566 -0.0244572 0.016038 -0.0330649 -0.0244258 0.0124398 -0.0335311 -0.0251991 0.0122559 -0.038592 -0.026104 0.011075 -0.0386334 -0.0256271 0.0109355 -0.0436344 -0.0267101 0.00974825 -0.0450215 -0.0272638 0.00928819 -0.0437535 -0.0272509 0.0101334 -0.0438323 -0.0273985 0.0108009 -0.0476412 -0.0260904 0.0131818 -0.037248 -0.026254 0.0127549 -0.047543 -0.021518 0.022164 -0.0555033 -0.0220426 0.0194665 -0.0543 -0.019624 0.0231669 -0.0356008 -0.0213257 0.0258246 -0.0543 -0.01713 0.0259899 -0.045007 -0.0198885 0.0266912 -0.045095 -0.0180954 0.0302491 -0.0306572 -0.0200977 0.0322691 -0.0341261 -0.018263 0.0366791 -0.0270915 -0.0186437 0.0401556 -0.020038 -0.0197497 0.0387599 -0.019615 -0.0189578 0.0440615 -0.0128066 -0.0197585 0.0438603 -0.00649094 -0.020259 0.0403179 -0.00454023 -0.0187842 0.0470704 -0.0128596 -0.0195028 0.0454998 -0.0128561 -0.018833 0.0466204 -0.00646387 -0.0194666 0.0460417 -0.000235 -0.019326 0.0462069 -0.000234 -0.019326 0.0462069 -0.000232 -0.019326 0.0462069 -0.000235 -0.019326 0.0462069 0.00190496 -0.018855 0.0469029 0.00802041 -0.0185669 0.0467373 0.00189298 -0.0182019 0.047362 0.0006135 -0.0192956 0.0462313 -0.000216123 -0.0193253 0.0462091 0.000631 -0.02013 0.0406679 0.00775247 -0.0188565 0.046142 0.0101423 -0.0174332 0.037556 0.010155 -0.0160008 0.0457557 0.00993395 -0.01575 0.045753 0.0101018 -0.0156784 0.0462359 0.010184 -0.015183 0.046753 0.0101349 -0.0174395 0.0465278 0.0099915 -0.0174719 0.0470382 0.00947968 -0.0175133 0.0474302 0.00968175 -0.0153069 0.0479932 0.0101834 -0.0151375 0.0471399 0.010184 0.011517 0.046753 0.010184 -0.000655008 0.047884 0.000756459 -0.015683 0.0357452 0.00968309 -0.0156123 0.0460095 0.0096449 -0.0156829 0.0457667 0.00968359 -0.0154301 0.0461879 0.00968397 0.011517 0.046253 0.00993395 -0.015183 0.04632 0.010117 -0.015183 0.0465029 0.00968397 0.0120169 0.045753 -0.013649 0.011767 0.046186 -0.013649 0.0119499 0.046003 -0.00757025 0.0120464 0.0353784 -0.0128257 0.012017 0.0340408 -0.0134169 0.0120836 0.0334542 -0.0203411 0.012017 0.0301011 -0.0186958 0.0120955 0.0308335 -0.0152258 0.0123189 0.0324333 -0.0182102 0.0123021 0.0308302 -0.019775 0.016967 0.030033 -0.0138231 0.0166573 0.0330455 -0.0198182 0.0162006 0.0297699 -0.0235439 0.0169678 0.0271115 -0.0230423 0.0175732 0.0283449 -0.0235235 0.0181169 0.0294742 -0.0220859 0.0176765 0.0296181 -0.0143413 0.0175974 0.0337495 -0.00791604 0.0176348 0.0358852 -0.00167495 0.017717 0.037302 -0.00163698 0.0175159 0.036553 0.00546932 0.0176813 0.037045 0.00994793 0.0141456 0.0471607 0.00702254 0.0163895 0.047328 0.00768398 0.0152193 0.048111 0.00976321 0.01415 0.0476858 0.00618367 0.0161419 0.0478747 0.00723209 0.0148075 0.0483717 8.61371e-05 0.0156806 0.0481304 0.00518495 0.017252 0.046969 -0.000238 0.016996 0.047231 0.00535116 0.0176964 0.0461492 0.000255833 -0.000644506 0.0490976 0.00950253 0.00603719 0.0488874 0.00958322 0.0130426 0.0484468 0.00919998 -0.000683008 0.0490839 0.00964898 -0.000682008 0.049003 0.010149 -0.000667008 0.0483709 0.00991047 -0.000678404 0.0488583 0.00918698 -0.00398499 0.048947 0.00962597 -0.00398899 0.04887 0.00937517 -0.00701107 0.0487578 0.00914086 -0.0162867 0.0480083 0.00265944 -0.0167127 0.047856 -0.00537199 -0.007289 0.048466 -0.0126192 -0.000685519 0.0483292 -0.00504798 -0.0164536 0.0477613 -0.0128559 -0.0173963 0.0474885 -0.0203572 -0.000407953 0.0470296 -0.0199446 -0.0166983 0.0460289 -0.0273664 -0.0160299 0.043365 -0.0277673 -0.0178265 0.0420172 -0.0201099 -0.018075 0.045174 -0.0341224 -0.014588 0.0402655 -0.034062 -0.01676 0.039449 -0.034188 -0.007307 0.041107 -0.040829 -0.016176 0.035929 -0.0471543 -0.00100209 0.034771 -0.0453642 -0.0138986 0.0341805 -0.047543 -0.015451 0.03221 -0.047569 -0.00732697 0.0339129 -0.0559978 -0.0139946 0.027572 -0.0613167 -0.0157152 0.0241563 -0.061316 -0.019429 0.02132 -0.061316 -0.022054 0.018709 -0.0613143 -0.0243689 0.0157303 -0.0594169 -0.02544 0.013924 -0.059542 -0.025769 0.01333 -0.059433 -0.026733 0.0117699 -0.059542 -0.0257699 0.01333 -0.059542 -0.0257699 0.01333 -0.0595339 -0.025731 0.013403 -0.0595305 -0.0257321 0.0134129 -0.061316 -0.027002 0.010902 -0.061316 -0.028629 0.00548094 -0.0598711 -0.0269078 0.0110368 -0.0596101 -0.0280451 0.00960226 -0.0457869 -0.0278359 0.00988811 -0.0537072 -0.028996 0.00732395 -0.0476533 -0.0287446 0.00712057 -0.0480441 -0.029303 0.00607152 -0.059406 -0.029018 0.00784194 -0.053719 -0.028996 0.00732398 -0.053719 -0.028996 0.00732398 -0.053719 -0.028996 0.00732398 -0.05372 -0.028996 0.00732398 -0.0593951 -0.0292041 0.0073258 -0.0598396 -0.0290206 0.00728703 -0.0595625 -0.0299948 0.0057947 -0.0598038 -0.0313553 0.00464869 -0.0595956 -0.0330608 0.00433073 -0.0598208 -0.0374065 0.00407836 -0.0594156 -0.037747 0.00390806 -0.0596343 -0.0372932 0.00426512 -0.0486675 -0.03725 0.00431131 -0.053659 -0.032854 0.00435596 -0.0482852 -0.0326966 0.00430827 -0.0481929 -0.0309581 0.00470889 -0.048475 -0.029608 0.00580298 -0.053719 -0.028996 0.00732398 -0.0461544 -0.0276876 0.00838112 -0.0471599 -0.0282208 0.00692165 -0.0474747 -0.0288536 0.005632 -0.047624 -0.0304817 0.00403153 -0.0477891 -0.0223345 -0.000307107 -0.0477004 -0.0327004 0.00374241 -0.047788 -0.037084 -0.000147006 -0.0477509 -0.0372691 0.00364672 -0.0480115 -0.0376843 -0.00377184 -0.0481466 -0.0372955 0.00414076 -0.0482449 -0.0377821 0.00372839 -0.048468 -0.0380498 -4.52978e-05 -0.048533 -0.0379039 0.00345215 -0.0596194 -0.0377857 -0.00411707 -0.0595908 -0.0380734 -0.000770222 -0.0598831 -0.0378157 -0.000318978 -0.0599015 -0.0374552 0.00377396 -0.0598903 -0.0330633 0.00404517 -0.0599159 -0.029137 -0.000147005 -0.059891 -0.0297649 0.0055992 -0.0599159 -0.02857 0.00554198 -0.0599159 -0.02857 -0.00583595 -0.061316 -0.028629 -0.00577397 -0.061316 -0.029184 -0.000147005 -0.0598905 -0.0330624 -0.00433783 -0.0598901 -0.0297473 -0.00590235 -0.0595701 -0.0299944 -0.00609061 -0.0597996 -0.0312695 -0.00498529 -0.053659 -0.032854 -0.00464899 -0.0595815 -0.0330636 -0.00463289 -0.0482797 -0.0326946 -0.00460251 -0.0486686 -0.0372247 -0.00461083 -0.0481883 -0.03093 -0.00502245 -0.048475 -0.0296079 -0.00609696 -0.0480887 -0.029332 -0.00636115 -0.05372 -0.028996 -0.00761795 -0.053719 -0.028996 -0.00761795 -0.053719 -0.028996 -0.00761795 -0.053244 -0.0289799 -0.007617 -0.052786 -0.028292 -0.00953699 -0.059406 -0.029018 -0.00813598 -0.0537106 -0.028996 -0.00761795 -0.053719 -0.028996 -0.00761795 -0.053719 -0.028996 -0.00761795 -0.059613 -0.0280012 -0.00997036 -0.0597624 -0.0291547 -0.00757956 -0.0598696 -0.0268849 -0.0113701 -0.0595871 -0.02593 -0.0133193 -0.0594169 -0.02544 -0.014218 -0.0477244 -0.0260041 -0.0136215 -0.051423 -0.0230781 -0.0181916 -0.0543 -0.021785 -0.020426 -0.061316 -0.0220539 -0.019003 -0.061316 -0.019429 -0.021614 -0.047543 -0.021518 -0.022458 -0.0441857 -0.0220326 -0.0216901 -0.0506697 -0.0199624 -0.024335 -0.0371672 -0.0262277 -0.0130995 -0.04386 -0.0274027 -0.0110886 -0.0336301 -0.0257697 -0.0136324 -0.0325736 -0.0244526 -0.016346 -0.0293473 -0.0223348 -0.0217254 -0.0307093 -0.0230741 -0.0195505 -0.0305961 -0.0227263 -0.0181018 -0.0330289 -0.0226897 -0.0126123 -0.032664 -0.022429 -0.013013 -0.03149 -0.019914 -0.01567 -0.031813 -0.021885 -0.014996 -0.031691 -0.019707 -0.015425 -0.031486 -0.019898 -0.015678 -0.031485 -0.019897 -0.015679 -0.031485 -0.019897 -0.015679 -0.031485 -0.019897 -0.015679 -0.031485 -0.019896 -0.01568 -0.031485 -0.019897 -0.015679 -0.0314408 -0.0197373 -0.0157699 -0.031334 -0.0193249 -0.015984 -0.0305346 -0.0215501 -0.0175313 -0.031857 -0.0233778 -0.0153984 -0.0294559 -0.022269 -0.0202403 -0.0276338 -0.0216658 -0.0226787 -0.028732 -0.0213036 -0.0204622 -0.0282906 -0.0208437 -0.0209847 -0.023016 -0.020679 -0.027169 -0.0263368 -0.0205108 -0.0234089 -0.0231214 -0.0211151 -0.0281928 -0.0184293 -0.020708 -0.031435 -0.0276501 -0.0218005 -0.0242313 -0.0287459 -0.0203112 -0.0325607 -0.0361948 -0.0219511 -0.023296 -0.047543 -0.0178569 -0.029419 -0.0409572 -0.0188983 -0.031366 -0.047543 -0.0154509 -0.0325029 -0.040829 -0.016176 -0.036223 -0.0342418 -0.0183266 -0.0366628 -0.0201099 -0.020266 -0.035378 -0.0238428 -0.0193224 -0.0395481 -0.00649094 -0.020259 -0.040612 0.000631 -0.02013 -0.040961 -0.00639793 -0.0194667 -0.0463369 -0.0198787 -0.018939 -0.0442671 -0.0128636 -0.0195881 -0.0455634 -0.0128559 -0.0188026 -0.046936 -0.0201099 -0.018075 -0.045468 -0.0198316 -0.0167485 -0.0463475 -0.027187 -0.017383 -0.0429569 -0.0273073 -0.0160814 -0.0436699 -0.0341204 -0.0145816 -0.0405627 -0.0346381 -0.000879273 -0.0416898 -0.0409149 -0.00731396 -0.0378719 -0.0273479 -0.000890545 -0.0450499 -0.0202389 -0.000680748 -0.0473484 -0.0125794 -0.000685169 -0.0486315 -0.00537199 -0.00728898 -0.048759 -0.0110518 0.0066515 -0.0485139 -6.69874e-05 -0.00064306 -0.0493932 0.00100804 0.0148787 -0.0486896 -0.0051757 0.0151982 -0.0482444 -0.00593745 0.0142949 -0.0482879 0.00518495 0.017252 -0.0472619 -0.00643098 0.016721 -0.047312 -0.000238 0.016996 -0.047525 2.52256e-05 0.0156813 -0.0484201 0.00616634 0.0161461 -0.0481679 0.00924458 0.0140212 -0.0485223 0.00724246 0.0148117 -0.0486623 0.00957562 0.0130341 -0.0487431 0.0100614 0.0130195 -0.0483188 0.0101583 0.00646558 -0.0484786 0.0099088 0.00743193 -0.0488612 0.00919998 -0.000682992 -0.049378 0.00989245 -0.000678618 -0.0491744 0.00949925 0.00623902 -0.0491757 0.00918698 -0.00398498 -0.04924 0.00937631 -0.00703624 -0.0490513 0.00982172 -0.000686656 -0.0492781 0.010146 -0.00397598 -0.048513 0.00997895 -0.000675992 -0.049051 0.010157 -0.000665992 -0.0486259 0.010184 -0.000654992 -0.048178 0.010149 -0.000666992 -0.048665 0.00968398 -0.015183 -0.046547 0.010117 -0.015183 -0.046797 -0.0165216 -0.015683 -0.0454255 -0.0137194 -0.0154207 -0.0464876 -0.0152969 -0.0153301 -0.0462668 -0.0152641 -0.00764034 -0.0462844 -0.0175379 -0.015183 -0.045455 -0.022037 -0.00844794 -0.044556 -0.028704 -0.00840294 -0.041496 -0.022625 -0.00142097 -0.045041 -0.0240254 -0.015183 -0.0423706 -0.0204773 -0.0151831 -0.0442136 -0.0240088 -0.0154461 -0.0423029 -0.0252783 -0.0156166 -0.04134 -0.0335568 -0.0156449 -0.0348185 -0.0296032 -0.0156066 -0.0383416 -0.0302251 -0.0153224 -0.0381298 -0.0329814 -0.0154638 -0.0356642 -0.0329319 -0.0151829 -0.0357898 -0.0348994 -0.0154424 -0.0337784 -0.0372078 -0.0156113 -0.0309689 -0.0346949 -0.015183 -0.0340877 -0.0393447 -0.015183 -0.0285145 -0.0365847 -0.0151896 -0.0320364 -0.0421464 -0.0151869 -0.0241497 -0.034547 -0.00839394 -0.03663 -0.0386898 -0.00439642 -0.031128 -0.038156 -0.015183 -0.0300985 -0.038732 -0.015438 -0.0292791 -0.0409735 -0.0151874 -0.0261204 -0.0411439 -0.0155032 -0.025644 -0.043413 -0.015333 -0.0217213 -0.0433303 -0.0151831 -0.0219263 -0.0448007 -0.0152829 -0.0187006 -0.0458449 -0.0152455 -0.0159823 -0.0454627 -0.0158697 -0.0158533 -0.0437935 -0.0156528 -0.0203436 -0.0454174 -0.0156334 -0.0163394 -0.0450935 -0.0157247 -0.0162114 -0.0314402 -0.0161241 -0.016425 -0.0450551 -0.0161371 -0.0157011 -0.0498209 -0.0188939 -0.014493 -0.036967 -0.0219996 -0.0122613 -0.0321191 -0.0193994 -0.0152831 -0.0314843 -0.01645 -0.0163072 -0.0312723 -0.015769 -0.0168476 -0.0312329 -0.0156936 -0.017265 -0.0289406 -0.0159869 -0.0201641 -0.0309822 -0.0160628 -0.0167133 -0.0301681 -0.0211127 -0.0181189 -0.030244 -0.021133 -0.017989 -0.030265 -0.0211383 -0.0179543 -0.030256 -0.021136 -0.017969 -0.030256 -0.021136 -0.01797 -0.030256 -0.021136 -0.01797 -0.030256 -0.021136 -0.01797 -0.030252 -0.021135 -0.017976 -0.030256 -0.021136 -0.01797 -0.0293957 -0.0209691 -0.0193658 -0.0260003 -0.0159834 -0.0238648 -0.0264143 -0.0157284 -0.0238194 -0.0233864 -0.0159708 -0.0264661 -0.0219822 -0.0158076 -0.0277856 -0.021251 -0.0161829 -0.028169 -0.0249252 -0.0203254 -0.0249491 -0.0221871 -0.0199387 -0.0274604 -0.0181643 -0.019612 -0.0303167 -0.018193 -0.0202179 -0.030654 -0.0133999 -0.0194512 -0.0327726 -0.00890944 -0.0193672 -0.0342644 -0.00641596 -0.020015 -0.035155 -0.0128129 -0.0199977 -0.0333097 -0.00652507 -0.0205075 -0.0359477 0.000839411 -0.0202983 -0.0365829 0.000231 -0.0198319 -0.03576 -0.000274435 -0.0191834 -0.0354463 -0.00549943 -0.0193205 -0.0349857 0.00256 -0.0190914 -0.0353867 0.000309079 -0.0160499 -0.0354675 0.00373585 -0.0159937 -0.0353115 0.00667387 -0.0185413 -0.0348649 0.00660517 -0.0190823 -0.0351561 0.00769347 -0.0185628 -0.0349108 0.00852935 -0.0184056 -0.0354209 0.00769964 -0.0188787 -0.0463933 0.00987789 -0.0176382 -0.036937 0.0101589 -0.0173707 -0.0378287 0.0101337 -0.0159586 -0.0377653 0.00971431 -0.0158064 -0.0363722 0.00981817 -0.0156887 -0.0376759 0.00861389 -0.0158199 -0.0352673 0.00709561 -0.0157117 -0.0351115 0.0028063 -0.015683 -0.0358746 0.0028113 -0.0157561 -0.0356178 0.00968402 -0.0154309 -0.0464817 -0.00368815 -0.0156874 -0.035638 -0.00995433 -0.0157207 -0.034292 -0.0070328 -0.0159893 -0.0347329 -0.0106332 -0.0159931 -0.0337753 -0.0138319 -0.0157157 -0.03289 -0.0184857 -0.0160024 -0.0301597 -0.0184339 -0.0157196 -0.0305078 -0.0235567 -0.015683 -0.0269936 -0.0142131 -0.0160073 -0.0324017 -0.00276062 -0.0159874 -0.0353791 0.00993395 -0.015183 -0.046614 0.0101091 -0.0156707 -0.0465581 0.00993244 -0.0157394 -0.0462284 0.010184 -0.0171749 -0.046798 0.0101624 -0.0160172 -0.0460672 0.0100701 -0.0175117 -0.0471638 0.00999776 -0.0174607 -0.0473395 0.00939969 -0.0175293 -0.0477494 0.00314799 -0.016773 -0.0481548 0.00918115 -0.0159465 -0.0483421 -0.00423456 -0.0170466 -0.0480217 -0.0128536 -0.0173721 -0.0477844 0.00189298 -0.0182019 -0.047656 0.00190496 -0.018855 -0.047197 0.00619 -0.0196816 -0.0406413 0.006549 -0.0195608 -0.0358797 -4.8735e-05 -0.019319 -0.046517 0.00801681 -0.0185678 -0.0470278 -0.00480616 -0.0188977 -0.0472293 0.00968579 -0.0153487 -0.0482802 0.0100502 -0.015148 -0.0479543 0.0102019 -0.0158322 -0.0471658 0.00965656 -0.0156828 -0.0460617 0.00968273 -0.015612 -0.0463039 0.00714985 -0.0159943 -0.0348236 0.00884063 -0.0180591 -0.035289 0.00992767 -0.0173835 -0.0365759 -0.00142507 -0.0194049 -0.0354538 -0.0132953 -0.0205359 -0.0340418 -0.0331243 -0.0221517 -0.012706 -0.0385118 -0.0227087 -0.0112625 -0.0436824 -0.022516 -0.0102085 -0.0453502 -0.0226545 -0.00937551 -0.043699 -0.023224 -0.00995195 -0.0467702 -0.022975 -0.00782717 -0.0461432 -0.0276568 -0.00866785 -0.0471591 -0.0282 -0.00719855 -0.0450298 -0.0272592 -0.00955823 -0.0458126 -0.0278461 -0.0101167 -0.0437762 -0.0272502 -0.0104205 -0.0335256 -0.0254645 -0.0127492 -0.0336361 -0.0257791 -0.0134167 -0.038592 -0.026104 -0.011369 -0.0386334 -0.0256271 -0.0112296 -0.0436338 -0.0267234 -0.0100425 -0.0333705 -0.0247747 -0.0125557 -0.0332409 -0.0254398 -0.0129868 -0.0328636 -0.0243055 -0.0129725 -0.0324334 -0.0245347 -0.0154934 -0.0476711 -0.0287495 -0.00742861 -0.0476238 -0.0305075 -0.00431397 -0.047475 -0.0288614 -0.00592734 -0.0476997 -0.0326949 -0.00403619 -0.0477561 -0.0372641 -0.00394714 -0.0481462 -0.0372953 -0.00443448 -0.0484099 -0.0378535 -0.00397136 -0.0495235 -0.0212812 -0.0121459 -0.0560187 -0.0200571 -0.0131609 -0.0560169 -0.0216577 -0.0103353 -0.0559986 -0.0172412 -0.0148135 -0.0534273 -0.0155727 -0.01518 -0.0464538 -0.0138817 -0.0153358 -0.0459662 -0.0138829 -0.0156968 -0.0463102 -0.0156161 -0.0155761 -0.0512848 -0.013883 -0.015049 -0.0559927 -0.0127747 -0.0143451 -0.0559919 -0.0152967 -0.015034 -0.0562469 -0.014115 -0.0146737 -0.0404403 -0.015665 -0.0263247 -0.035508 -0.00152396 -0.037134 -0.029782 -0.00146698 -0.0422169 -0.03518 0.00533796 -0.036888 -0.0294819 0.00544596 -0.042147 -0.0377821 0.0120104 -0.0297736 -0.0383433 0.0117738 -0.0290319 -0.0287705 0.0119916 -0.0221128 -0.0296882 0.0105724 -0.0205648 -0.0294124 0.0109831 -0.0205439 -0.0290381 0.0117875 -0.02162 -0.0289599 0.011924 -0.0213215 -0.029021 0.016666 -0.021154 -0.0282174 0.0123345 -0.0223103 -0.0250182 0.0123239 -0.0258874 -0.0243482 0.0166039 -0.026501 -0.0198327 0.0162028 -0.0300539 -0.019775 0.016967 -0.030327 -0.0226229 0.0172994 -0.0285301 -0.020078 0.017516 -0.030785 -0.0138136 0.0166925 -0.0333546 -0.0079031 0.0167478 -0.0353131 -0.00163698 0.017516 -0.036847 -0.00154244 0.0167989 -0.036191 -0.00866461 0.0123183 -0.0350703 -0.00710835 0.0120351 -0.0357739 -0.0116129 0.0122029 -0.0342465 -0.0122679 0.012017 -0.0345111 -0.013649 0.012017 -0.046047 -0.00479109 0.0120828 -0.0360796 -0.000260178 0.0123277 -0.0361873 -0.00509878 0.0123257 -0.0358128 0.000212 0.016217 -0.036143 0.00361687 0.0123225 -0.0360331 0.00505947 0.0164606 -0.0358434 0.00490484 0.0170961 -0.0360833 0.00747699 0.0147314 -0.0355395 0.00874922 0.0143426 -0.0359607 0.00857706 0.0151496 -0.0364167 0.00521749 0.017589 -0.03667 -0.00167495 0.017717 -0.037596 0.00545495 0.0176831 -0.037265 0.00695597 0.0164229 -0.0476297 0.00995543 0.0141183 -0.0474763 0.0101876 0.0132657 -0.0477075 0.0101513 0.0123165 -0.04605 0.00985738 0.0120297 -0.0460307 0.0101127 0.0120015 -0.0465545 0.00983897 0.0120362 -0.0384808 0.0101543 0.0123252 -0.0385088 0.0101839 0.0133196 -0.0385225 0.00863711 0.0121383 -0.0360028 0.00714598 0.0123209 -0.0355404 0.00710946 0.0120439 -0.0358275 0.00971202 0.0121432 -0.0370742 0.00181167 0.0120904 -0.0363988 -0.000368473 0.012017 -0.0367127 -0.013649 0.011517 -0.046547 0.00961337 0.0117279 -0.0465066 0.00993395 0.011517 -0.046614 0.010117 0.011517 -0.046797 0.010184 0.011517 -0.0470469 0.00968397 0.01195 -0.0462969 -0.013649 0.011767 -0.04648 -0.015234 0.011517 -0.046289 -0.015234 0.00557399 -0.046289 -0.0224985 0.00810843 -0.0446596 -0.020823 0.012017 -0.043476 -0.0298487 0.012012 -0.0381055 -0.015137 0.0120005 -0.0460126 -0.0220214 0.0123186 -0.0285116 -0.0227752 0.0120621 -0.0282529 -0.0186945 0.0120518 -0.0311589 -0.0154132 0.0120855 -0.0328661 -0.0151442 0.0123195 -0.0327603 -0.0188059 0.012314 -0.030771 -0.0261045 0.0120422 -0.0252069 -0.013649 0.01195 -0.0462969 0.00984875 0.0136855 -0.0371543 0.00990495 0.0141978 -0.0380877 0.00994416 0.0138965 -0.0481081 -0.00781939 0.0176521 -0.0362236 0.00535154 0.017697 -0.0464417 -0.00242084 0.0177166 -0.0464679 -0.014129 0.017628 -0.0341707 -0.0235543 0.0181246 -0.0297565 -0.0221679 0.017713 -0.030221 -0.0237286 0.0176943 -0.0279117 -0.0243327 0.0174105 -0.0268132 -0.0248656 0.0179925 -0.02709 -0.0284539 0.0173529 -0.0221648 -0.0287046 0.0175567 -0.021833 -0.0287032 0.0179901 -0.0226404 -0.0290215 0.0194283 -0.0212566 -0.0287795 0.0194084 -0.0218669 -0.028884 0.0194177 -0.0225822 -0.0293924 0.0194564 -0.0231113 -0.0320934 0.0194212 -0.0199178 -0.0326857 0.0194039 -0.02087 -0.0348799 0.0194235 -0.0209195 -0.0375449 0.0194499 -0.0164985 -0.0386366 0.0194129 -0.0133979 -0.0354593 0.0125344 -0.0202038 -0.0372424 0.0125864 -0.0167498 -0.0385021 0.0125323 -0.0134669 -0.0388202 0.0125732 -0.0114082 -0.0389113 0.0194152 -0.0120474 -0.038739 0.0194566 -0.0100032 -0.0386421 0.0193547 -0.0102156 -0.0381925 0.0123912 -0.00942801 -0.0379797 0.0193449 -0.0088977 -0.0360972 0.0193406 -0.00724685 -0.0359566 0.0191584 -0.00696463 -0.0361804 0.0194296 -0.00714604 -0.0372044 0.019416 -0.00798547 -0.0370724 0.0128981 -0.00790301 -0.0347884 0.0125318 -0.00690699 -0.0363674 0.0121034 -0.00783097 -0.0323467 0.0118242 -0.00823275 -0.0322077 0.0118715 -0.00900387 -0.0312731 0.0119025 -0.0120661 -0.0336662 0.0121886 -0.0129352 -0.0348817 0.0120061 -0.0130572 -0.0340799 0.0119191 -0.0121531 -0.0346386 0.0125807 -0.0136589 -0.035402 0.011983 -0.0143813 -0.0379275 0.0119333 -0.0134179 -0.0347229 0.0119459 -0.0201897 -0.0348079 0.0126167 -0.0208974 -0.0340566 0.0121418 -0.0208816 -0.0326807 0.0129169 -0.020846 -0.033891 0.014504 -0.021186 -0.0338436 0.0129075 -0.0211891 -0.0356042 0.0194216 -0.0201858 -0.033891 0.017679 -0.021186 -0.0338439 0.0192539 -0.0211893 -0.0337816 0.0194332 -0.02125 -0.0322611 0.0129178 -0.0204336 -0.0325535 0.0123915 -0.0205997 -0.0325174 0.012112 -0.0199643 -0.0329397 0.0119689 -0.02027 -0.0348165 0.0125569 -0.0143342 -0.0347391 0.0194281 -0.0141825 -0.03427 0.01262 -0.0133172 -0.0333284 0.0129396 -0.0133507 -0.0313068 0.0125552 -0.0174433 -0.0294042 0.0126005 -0.0205627 -0.0335176 0.0194533 -0.0169057 -0.0322615 0.0193342 -0.0194299 -0.0333295 0.0193525 -0.017507 -0.034671 0.0193394 -0.0146511 -0.0326806 0.019457 -0.015092 -0.0344538 0.0194197 -0.0134912 -0.0336638 0.0192824 -0.0132051 -0.0333146 0.019346 -0.0133668 -0.0331718 0.0163523 -0.0135752 -0.0320957 0.0193401 -0.0160609 -0.03353 0.0194462 -0.0132951 -0.0336666 0.012915 -0.013205 -0.0321437 0.0126213 -0.0197896 -0.0322245 0.0194312 -0.0204369 -0.0321633 0.0194549 -0.0193698 -0.0312337 0.0194539 -0.0179595 -0.0304531 0.0193461 -0.0190655 -0.0296497 0.0119922 -0.0192618 -0.0296196 0.0108611 -0.0193805 -0.0295611 0.0118845 -0.0186013 -0.0295336 0.0106255 -0.0183164 -0.0300096 0.0110235 -0.0148012 -0.0293964 0.0109084 -0.0166778 -0.0296983 0.0104619 -0.0198995 -0.0316923 0.0108992 -0.0111567 -0.0315503 0.0111429 -0.0109724 -0.0308205 0.0117977 -0.0129141 -0.032873 0.0119619 -0.0128672 -0.03092 0.01205 -0.017203 -0.0296898 0.0119009 -0.0156587 -0.0295888 0.0117917 -0.0156298 -0.0293459 0.0118689 -0.0171145 -0.0332199 0.012429 -0.0132698 -0.0366167 0.0193445 -0.0182149 -0.0377868 0.0193452 -0.0155988 -0.0383608 0.0120355 -0.0120452 -0.036842 0.0119123 -0.00880787 -0.0322634 0.0118625 -0.00746891 -0.0318983 0.0120533 -0.00675292 -0.0452162 0.0194537 -0.0078916 -0.0458189 0.0194231 -0.0108988 -0.0462505 0.0194165 -0.0138113 -0.0462161 0.0192458 -0.012778 -0.046181 0.018666 -0.0118109 -0.045602 0.0191663 -0.00952335 -0.0453614 0.0193414 -0.00808431 -0.045258 0.018666 -0.00601095 -0.0451444 0.019221 -0.00625452 -0.0449343 0.0193454 -0.00422619 -0.044815 0.0194521 -0.0039201 -0.04575 0.018666 -0.017509 -0.0462011 0.0193313 -0.0152412 -0.0458323 0.0193719 -0.0168157 -0.0449385 0.0193345 -0.0191523 -0.044207 0.018666 -0.021145 -0.0414913 0.0193637 -0.0256503 -0.0422795 0.0193654 -0.0245194 -0.0402978 0.0193717 -0.0266662 -0.0409864 0.0194634 -0.026145 -0.0388036 0.0193976 -0.0273548 -0.0361119 0.0194368 -0.0275328 -0.0350389 0.018666 -0.027428 -0.0345429 0.0193019 -0.0271071 -0.033259 0.018666 -0.0264619 -0.0333674 0.019294 -0.026366 -0.0338332 0.0194563 -0.0265697 -0.0293395 0.0193385 -0.0232172 -0.0292974 0.0189707 -0.0232161 -0.0289688 0.0184222 -0.0231341 -0.0292004 0.0185356 -0.0233856 -0.0341388 0.018232 -0.0276192 -0.0288708 0.018185 -0.023809 -0.0375029 0.018166 -0.0328493 -0.0253836 0.0181674 -0.0391849 -0.0240174 0.0181646 -0.0373534 -0.0253404 0.0177555 -0.0410767 -0.0172408 0.0177266 -0.0440905 -0.022389 0.0177181 -0.0376534 -0.0185706 0.0164915 -0.0452047 -0.0124061 0.0177167 -0.0452177 -0.0125876 0.0171602 -0.0460059 -0.0127038 0.0163918 -0.0466674 -0.0122716 0.0151227 -0.0473179 -0.0096472 0.0148104 -0.0477939 -0.0117448 0.0145963 -0.0475007 -0.012355 0.01453 -0.0474 -0.012355 0.01453 -0.0474 -0.012356 0.01453 -0.047399 -0.0126229 0.0145 -0.047354 -0.0126229 0.0145 -0.047354 -0.0126229 0.0145 -0.047354 -0.012612 0.014501 -0.0473559 -0.0126229 0.0145 -0.047354 -0.012714 0.014579 -0.047328 -0.012743 0.014485 -0.047333 -0.012751 0.014484 -0.047332 -0.012751 0.014484 -0.047332 -0.012751 0.014484 -0.047332 -0.012749 0.014484 -0.047332 -0.0126989 0.0144899 -0.047341 -0.012776 0.01448 -0.047327 -0.012502 0.014514 -0.047375 -0.012597 0.014503 -0.047358 -0.0126229 0.0145 -0.047354 -0.0126229 0.0145 -0.047354 -0.0126229 0.0145 -0.047354 -0.0126229 0.0145 -0.047354 -0.0129336 0.0145199 -0.0472958 -0.012866 0.014567 -0.047301 -0.016807 0.014694 -0.046401 -0.020115 0.00729699 -0.046772 -0.027313 0.00729401 -0.044305 -0.0203006 0.0146753 -0.045385 -0.0263909 0.0149029 -0.0429628 -0.0258495 0.0166282 -0.0423545 -0.0331425 0.0166723 -0.0387213 -0.0371426 0.010071 -0.039143 -0.0462574 0.000629386 -0.035476 -0.047569 -0.00732695 -0.034207 -0.0461272 -0.0138578 -0.0340398 -0.0560544 -0.0139752 -0.0278478 -0.0543 -0.0171299 -0.026284 -0.0613161 -0.0157485 -0.0244192 -0.0370403 0.0150465 -0.0375691 -0.0378581 0.0177858 -0.0345988 -0.012826 0.015502 -0.0470959 -0.012866 0.014567 -0.047301 -0.012866 0.014567 -0.047301 -0.012866 0.014567 -0.047301 -0.0128649 0.014567 -0.0473019 -0.012866 0.014567 -0.047301 -0.012433 0.014522 -0.047386 -0.012393 0.0145259 -0.047393 -0.012371 0.014529 -0.0473969 -0.01236 0.01453 -0.047399 -0.012357 0.01453 -0.047399 -0.012751 0.014484 -0.047332 -0.012751 0.014484 -0.047332 -0.012751 0.014484 -0.047332 -0.012751 0.014484 -0.047332 -0.012751 0.014484 -0.047332 -0.012751 0.014484 -0.047332 -0.012751 0.014484 -0.047332 -0.012751 0.014484 -0.047332 -0.012751 0.014484 -0.047332 -0.0126229 0.0145 -0.047354 -0.0126229 0.0145 -0.047354 -0.0126189 0.0145 -0.047355 -0.0126204 0.0145 -0.0473545 -0.012355 0.01453 -0.0474 -0.0433857 0.018166 -0.0247645 -0.0404079 0.0182272 -0.0273314 -0.040103 0.018666 -0.02694 -0.0424653 0.0184601 -0.0246729 -0.0435887 0.0193794 -0.0220716 -0.037035 0.018666 -0.027762 -0.0378005 0.0192929 -0.0276092 -0.0371165 0.018225 -0.0282422 -0.0442704 0.0194574 -0.0204183 -0.0456092 0.0194626 -0.0171294 -0.030026 -0.015183 -0.0383241 -0.0270109 -0.0151829 -0.0404881 -0.0269264 -0.0154535 -0.040477 -0.0261793 -0.0156832 -0.0405342 -0.0196169 -0.01562 -0.0443561 -0.0211573 -0.015404 -0.0438308 -0.0183799 -0.0153876 -0.0450856 -0.015155 -0.0156159 -0.046053 -0.0136508 -0.0156123 -0.0463035 -0.0133354 -0.015683 -0.0460594 0.00964898 -0.000681992 -0.049297 -0.034062 -0.01676 -0.0397429 -0.0268374 -0.0183414 -0.0417005 -0.0595069 -0.025444 -0.01422 -0.0613145 -0.0243407 -0.0160613 -0.061316 -0.027002 -0.011196 -0.059542 -0.0257699 -0.013624 -0.0595339 -0.025731 -0.013696 -0.059542 -0.0257699 -0.013623 -0.059542 -0.025769 -0.013624 -0.05954 -0.025762 -0.0136369 -0.059542 -0.0257699 -0.013624 -0.0596031 -0.0372806 -0.00456643 -0.0598791 -0.0374223 -0.00428786 -0.0596125 -0.0379181 0.00328582 -0.0468056 -0.0229879 0.00746745 -0.045425 -0.0230454 0.00890611 -0.0436989 -0.0230301 0.00968019 -0.0384986 -0.0229144 0.0109461 -0.0386022 -0.022349 0.0111733 -0.033178 -0.0220702 0.0124342 -0.031691 -0.019707 0.0151319 -0.0314862 -0.0198985 0.0153849 -0.031485 -0.019897 0.015385 -0.0326699 -0.0224133 0.0127135 -0.031813 -0.021885 0.014703 -0.0314414 -0.0197383 0.0154749 -0.031485 -0.019896 0.015386 -0.0305813 -0.0215542 0.0171582 -0.031485 -0.019897 0.015385 -0.031334 -0.019325 0.01569 -0.0296306 -0.021003 0.0187356 -0.0302638 -0.0211379 0.0176623 -0.030256 -0.021136 0.017676 -0.030256 -0.021136 0.017676 -0.0302486 -0.0211342 0.0176871 -0.030223 -0.021127 0.017733 -0.030256 -0.021136 0.017675 -0.030256 -0.021136 0.017676 -0.030256 -0.021136 0.017676 -0.0278111 -0.0159802 0.0214194 -0.0251865 -0.0157202 0.0248161 -0.0246882 -0.0159944 0.0249293 -0.0313548 -0.0163376 0.0160681 -0.0288117 -0.0213148 0.0200576 -0.0276285 -0.0216782 0.0224123 -0.0295295 -0.0223171 0.0198302 -0.0273006 -0.0206922 0.0220285 -0.0322663 -0.0236635 0.0140158 -0.033009 -0.0226835 0.0123234 -0.0265659 -0.0207139 0.0229016 -0.031485 -0.019897 0.015385 -0.031485 -0.019897 0.015385 -0.0435805 -0.0225095 0.00995914 -0.0456001 -0.0224642 0.00931023 -0.0471328 -0.0223773 0.00827037 -0.0562451 -0.0215881 0.00994517 -0.0560104 -0.0218682 0.0084536 -0.0561185 -0.0210335 0.0115248 -0.0562457 -0.0214837 0.00668073 -0.0560017 -0.0210306 0.00535512 -0.0561397 -0.0199845 0.00407605 -0.052639 -0.020119 0.00378712 -0.0559518 -0.0168627 0.00233623 -0.0559839 -0.0187489 0.00305981 -0.0563106 -0.0181806 0.00307804 -0.0562906 -0.0150519 0.00250377 -0.0559942 -0.0156393 0.00222196 -0.0560082 -0.0140062 0.00244623 -0.0526399 -0.0130591 0.00248895 -0.0525233 -0.0156742 0.00198051 -0.0524406 -0.013862 0.00213889 -0.0523166 -0.0148586 0.00151371 -0.0562476 -0.0124531 0.00322455 -0.0562449 -0.0199544 0.0128118 -0.0474933 -0.0224082 0.00581701 -0.05954 -0.025762 0.013344 -0.059542 -0.0257699 0.01333 -0.0350185 0.000355911 0.0411714 -0.0272049 -0.000570475 0.0448121 0.0100459 -0.0151838 0.0476614 0.0100631 -0.000677414 0.0487011 0.00997895 -0.000676008 0.0487569 0.010157 -0.000666008 0.048332 0.0101562 0.00604112 0.0482113 0.010117 0.011517 0.0465029 0.00993395 0.011517 0.04632 0.00968397 0.011767 0.046186 0.00177504 0.0120169 0.036333 0.00716705 0.0120169 0.0357216 0.00364037 0.012191 0.0357812 0.00713991 0.0122033 0.0352851 0.00987789 0.0120475 0.0382122 0.0101482 0.0123147 0.0382094 0.0101836 0.0133249 0.0382328 0.00989438 0.013616 0.0481042 0.0100709 0.0130633 0.048003 0.00990803 0.00743483 0.0485712 0.0101873 0.0132634 0.0474151 0.0100521 0.0119759 0.0462287 0.0100645 0.0121663 0.0458289 0.0101817 0.0124363 0.0462646 0.00968397 0.0119499 0.046003 0.0100549 0.0139518 0.0382778 0.0098335 0.0139715 0.0369117 0.00873701 0.0143662 0.0356711 0.00761539 0.0157645 0.0359614 0.00490988 0.017102 0.0357933 0.00753287 0.0147116 0.0352456 0.00504101 0.0164681 0.0355568 0.00518994 0.0175838 0.0363633 -0.00766704 0.0167294 0.0350605 -0.00164143 0.0167946 0.0358888 0.000212 0.016217 0.03585 -8.82381e-05 0.0123372 0.0358879 -0.00117152 0.0120493 0.0361478 -0.00402289 0.0123231 0.0356444 -0.0116001 0.0123049 0.0339148 -0.00787441 0.0123313 0.0349768 0.0086298 0.0121346 0.0357027 0.00969957 0.0121587 0.0367425 0.00903176 0.0149029 0.0364968 -0.037533 0.018166 0.0325391 -0.03407 0.0182191 0.0273354 -0.025397 0.0181672 0.0388872 -0.0249991 0.01805 0.026755 -0.0285397 0.017974 0.022636 -0.0287981 0.0182694 0.0229888 -0.0288368 0.0181911 0.0234482 -0.033259 0.018666 0.026168 -0.0350389 0.018666 0.027135 -0.0369736 0.01838 0.0275947 -0.0360583 0.0193184 0.0272612 -0.0346289 0.0193996 0.0268329 -0.0338588 0.0194567 0.026291 -0.0374232 0.01945 0.0272758 -0.0377687 0.0192875 0.0273173 -0.0394801 0.0193716 0.026817 -0.0408679 0.0194568 0.0259229 -0.0414803 0.01938 0.0253656 -0.0422774 0.0193658 0.0242324 -0.0433594 0.0194567 0.0220264 -0.0348769 0.0194222 0.0206281 -0.033359 0.0193295 0.0260647 -0.0293868 0.0194541 0.0228165 -0.0287809 0.0194071 0.0215642 -0.0290325 0.0194243 0.020921 -0.0285826 0.0171476 0.0215168 -0.0288885 0.0187046 0.0225206 -0.0288937 0.0194221 0.0222991 -0.0291991 0.0185323 0.0230925 -0.0293269 0.0189865 0.0229412 -0.0293434 0.0193385 0.0229279 -0.0287137 0.0175692 0.0215302 -0.0243307 0.0174091 0.0265208 -0.0245321 0.0163635 0.0260034 -0.0261025 0.0123446 0.0244727 -0.0304576 0.0193463 0.0187677 -0.029366 0.0125271 0.0202952 -0.0296509 0.0119905 0.0189701 -0.0296378 0.0119098 0.0186411 -0.0293444 0.0118656 0.0168424 -0.0293424 0.0111377 0.0163833 -0.0314024 0.011916 0.011714 -0.0296798 0.0119002 0.0153801 -0.0295954 0.011805 0.0153263 -0.029527 0.0106314 0.0180523 -0.0296609 0.0106046 0.0203121 -0.029658 0.010488 0.0195929 -0.0285407 0.0121718 0.0216387 -0.029009 0.0117731 0.0212258 -0.0383422 0.0117701 0.0287395 -0.0306063 0.010317 0.019744 -0.0283926 0.0120533 0.0222454 -0.0244292 0.0120467 0.0265519 -0.0235429 0.0123124 0.0269645 -0.020331 0.0123282 0.0294683 -0.0296556 0.0108693 0.0157963 -0.0314051 0.0108989 0.0117107 -0.0324521 0.0109013 0.0082941 -0.0299473 0.0111793 0.014536 -0.0315336 0.0111664 0.0107105 -0.0322569 0.0111747 0.00824631 -0.0305577 0.0118356 0.0132435 -0.0328341 0.0119678 0.0126392 -0.032268 0.0118941 0.0087571 -0.0323376 0.01182 0.0079417 -0.0314826 0.0117907 0.0108714 -0.0322651 0.011862 0.00717792 -0.0312525 0.0114695 0.00585293 -0.0295911 0.011901 0.00522311 -0.0295881 0.0121197 0.00550261 -0.0293758 0.0121437 0.00518891 -0.0297585 0.011915 0.00365673 -0.0297472 0.0121621 0.00272195 -0.0351306 0.0106057 0.00467926 -0.048316 0.0105419 0.00472634 -0.048316 0.011791 0.00329799 -0.048316 0.010317 0.006266 -0.048603 0.0103008 0.00703629 -0.0483568 0.0166348 0.0066103 -0.048115 0.017416 0.006266 -0.0301466 0.0120338 0.00229238 -0.0302097 0.0118202 0.00328355 -0.048316 0.012017 0.00237596 -0.048316 0.0118475 -0.00350797 -0.0482264 0.0172278 -0.00652816 -0.0486058 0.0167458 -0.00734839 -0.047566 0.017965 -0.00655996 -0.0486428 0.0172959 0.00728197 -0.0476573 0.0179633 0.00688244 -0.049316 0.016024 0.00726599 -0.049316 0.0104589 0.00726599 -0.0493163 0.0166659 0.00726607 -0.0350156 0.0103606 0.00565186 -0.032246 0.0111186 0.00698742 -0.0298534 0.012324 -8.5165e-05 -0.0297069 0.0174659 0.00240696 -0.0298738 0.0177225 0.000967024 -0.029956 0.017899 0.00242895 -0.0303859 0.0179659 0.000182648 -0.0296333 0.0179022 0.00527207 -0.0293694 0.0176103 0.00519113 -0.0295785 0.0176145 0.0055196 -0.0349418 0.0176621 0.0065601 -0.0311387 0.01262 0.00590265 -0.0318933 0.0120474 0.00645533 -0.0347066 0.0123261 0.00666033 -0.0368712 0.0123079 0.00763407 -0.0381827 0.012386 0.00913568 -0.0386314 0.0193454 0.00990383 -0.0386967 0.0194549 0.00964701 -0.0389155 0.019422 0.0118095 -0.038577 0.0194036 0.0132773 -0.0388336 0.0125821 0.0111465 -0.0385023 0.0125328 0.0131735 -0.0372343 0.01257 0.0164784 -0.0383719 0.0120444 0.0117249 -0.0379108 0.0119372 0.0131488 -0.0346884 0.0119516 0.0199581 -0.0341833 0.0119179 0.0118705 -0.0367118 0.0119123 0.00847096 -0.0348995 0.0120092 0.0128113 -0.0346498 0.0125812 0.0133807 -0.0342772 0.0125782 0.0129992 -0.0348202 0.0125577 0.0140222 -0.0321382 0.0126371 0.0195122 -0.0324791 0.0124101 0.0202664 -0.0325152 0.0121169 0.0196619 -0.0329746 0.0119727 0.019998 -0.0353837 0.0119838 0.014094 -0.0340653 0.012146 0.0205891 -0.0338288 0.0128951 0.0208951 -0.033891 0.0145039 0.020892 -0.0350311 0.0125707 0.0204692 -0.033891 0.017679 0.020892 -0.0356142 0.0194234 0.0198876 -0.0322606 0.0129181 0.0201392 -0.0327076 0.0129159 0.02057 -0.0323119 0.0194253 0.0203239 -0.0323057 0.0194552 0.0156262 -0.0304349 0.0194561 0.0190088 -0.0320936 0.0194214 0.019637 -0.0322435 0.0194088 0.0191421 -0.033176 0.0163263 0.0132737 -0.033314 0.0193479 0.0130803 -0.0320944 0.0193416 0.0157684 -0.0345629 0.0194331 0.013371 -0.0342461 0.0193315 0.0130419 -0.0347638 0.0193735 0.0139662 -0.0339314 0.0193521 0.016001 -0.0345511 0.0194617 0.0144147 -0.0333225 0.0129344 0.0130621 -0.03323 0.0124184 0.0129633 -0.0313549 0.0125419 0.0170635 -0.0336409 0.0129168 0.0129159 -0.0336386 0.0121907 0.0126374 -0.033696 0.0193366 0.0129146 -0.0334837 0.0194507 0.0130453 -0.0326901 0.0193294 0.0205639 -0.0337894 0.0194333 0.0209604 -0.0371198 0.0194177 0.0169709 -0.0338375 0.0192563 0.0208955 -0.037972 0.019345 0.00859427 -0.0375967 0.0194526 0.00795079 -0.0371118 0.0193812 0.00763575 -0.0359626 0.0191593 0.00665153 -0.0355425 0.0179715 0.00640495 -0.0360434 0.0176768 0.00691798 -0.036097 0.0179993 0.00144145 -0.0363852 0.018412 0.00308603 -0.0365158 0.0183772 -0.000180791 -0.0364521 0.0191517 0.00328732 -0.0368213 0.0194015 0.000719184 -0.0365837 0.0194 0.00410841 -0.0358875 0.0182516 0.00653476 -0.036217 0.0194457 0.00686876 -0.0360525 0.0193224 0.00693417 -0.0365945 0.0191561 -0.00100501 -0.0363812 0.0184319 -0.00351014 -0.036079 0.01806 -0.00329798 -0.0256604 0.0178134 0.0405206 -0.0226114 0.0177229 0.0384477 -0.0240366 0.0181657 0.0370681 -0.0378071 0.0177837 0.0343343 -0.0556375 0.0178789 0.0232692 0.0101548 -0.0159892 0.0375146 0.00970674 -0.0158094 0.036067 0.00973708 -0.0176502 0.0359431 0.00759259 -0.01846 0.0345627 0.00855464 -0.0181195 0.0348532 -0.00666268 -0.020508 0.0356662 -0.013132 -0.0205345 0.0338293 -0.0343084 -0.022227 0.022012 -0.0451469 -0.0228687 0.0189031 -0.033632 -0.0257663 0.0133509 -0.0336172 -0.025773 0.0130392 -0.033245 -0.0254546 0.0127151 -0.00760393 -0.015683 0.0348549 -0.0136611 -0.0156829 0.0457735 -0.0136506 -0.0156121 0.0460097 -0.0151548 -0.0156159 0.045759 -0.0182546 -0.0156463 0.0445738 -0.0215008 -0.0155705 0.0432281 -0.0175379 -0.015183 0.0451609 -0.0191323 -0.0153847 0.044489 -0.0153106 -0.0153352 0.0459687 -0.0152533 -0.007589 0.0459921 -0.022037 -0.00844795 0.044263 -0.0137074 -0.0153936 0.0462111 -0.013649 0.011517 0.046253 -0.028704 -0.00840295 0.0412019 -0.022625 -0.00142098 0.044747 -0.0329332 -0.015183 0.035495 -0.0328946 -0.0154456 0.0354656 -0.0329315 -0.0156467 0.0351024 -0.0285556 -0.0156141 0.038851 -0.0306648 -0.0154256 0.0374241 -0.0300699 -0.015183 0.0379972 -0.0277498 -0.0153575 0.0396593 -0.0270133 -0.0151829 0.0401926 -0.0240194 -0.015183 0.0420788 -0.0242166 -0.0153475 0.0419434 -0.0247368 -0.0155867 0.0414231 -0.0261202 -0.0156832 0.040282 -0.0203582 -0.015183 0.0439712 -0.0349729 -0.0155598 0.0332738 -0.0350518 -0.0151884 0.0334347 -0.0375975 -0.0154552 0.0304332 -0.0378165 -0.0151825 0.0302606 -0.0373547 -0.0156508 0.0303348 -0.0559675 -0.00978002 0.00611231 -0.0518025 -0.00865549 0.00759134 -0.0487851 -0.0080035 0.00744348 -0.0485287 -0.00761242 0.00746784 -0.0479602 -0.00784227 0.00796435 -0.0476834 -0.0081733 0.00860727 -0.0527333 0.0166975 0.00708273 -0.053277 0.0166538 0.00647679 -0.053419 0.0173756 0.00659018 -0.0562116 -0.0113557 -0.00428702 -0.0560161 -0.0125177 -0.00335592 -0.0559981 -0.0140375 -0.00272548 -0.0562533 -0.0150695 -0.00267235 -0.05619 -0.0101851 -0.00581393 -0.0525083 -0.00911188 -0.0085542 -0.0517809 -0.0086461 -0.00787645 -0.052258 -0.00885652 -0.00747752 -0.0492807 0.00985953 -0.00756103 -0.0446741 0.0194529 0.0011584 -0.0451711 0.019452 0.00729958 -0.012355 0.01453 0.047106 -0.061316 -0.014941 -0.024629 -0.061316 -0.00806897 -0.027475 -0.061316 -0.020844 -0.0201 -0.0618223 -0.0137408 -0.0259073 -0.0618086 -0.0198216 -0.0217894 -0.062316 -0.0171477 -0.0238587 -0.062316 -0.0296612 0.00227149 -0.062316 -0.029454 -0.00364799 -0.061816 -0.029454 0.00375396 -0.061316 -0.02822 0.00742894 -0.061316 -0.029191 5.29952e-05 -0.061316 -0.02822 -0.00732398 -0.061801 -0.0296509 -0.00210172 -0.0621631 -0.0287069 -0.00759603 -0.0622051 -0.0275151 -0.0111521 -0.061316 -0.025373 -0.014197 -0.0621631 -0.0257725 -0.0145863 -0.061816 -0.023709 -0.017588 -0.062316 -0.0228606 -0.0187453 -0.0618109 -0.0283165 0.00905809 -0.061316 -0.025373 0.014303 -0.062316 -0.028069 0.00981478 -0.0618111 -0.0250388 0.0159093 -0.062316 -0.0245471 0.0166283 -0.061316 -0.020844 0.020206 -0.0621626 -0.0212242 0.0205862 -0.061816 -0.018332 0.02307 -0.061316 -0.014941 0.024735 -0.061316 -0.00806797 0.027582 -0.0617939 -0.0138153 0.0259774 -0.062316 -0.0117429 0.026865 -0.062316 -0.0163618 0.0245129 -0.062316 0.0253587 0.0128787 -0.062316 0.0213946 0.0189078 -0.061808 0.0232377 0.0165271 -0.061816 0.0261199 0.011105 -0.061316 0.02399 0.014303 -0.061316 0.026838 0.00742895 -0.061316 0.027809 5.30045e-05 -0.062316 0.0282773 0.00240101 -0.0618212 0.0283159 0.00171019 -0.062083 0.0281403 -0.00357867 -0.0621631 0.027325 -0.00759576 -0.0621535 0.026098 -0.0111982 -0.062316 0.022326 -0.0175879 -0.0621624 0.0244564 -0.0144662 -0.061816 0.022326 -0.0175879 -0.062316 0.019815 -0.020453 -0.062316 0.01695 -0.022964 -0.0618161 0.0198146 -0.0204529 -0.061816 0.01695 -0.022964 -0.061316 0.019461 -0.0201 -0.061316 0.02399 -0.014197 -0.061316 0.013558 -0.024629 -0.061316 0.00668395 -0.0274759 -0.061872 0.00863932 -0.0275342 -0.0618046 0.001102 -0.0289524 -0.062316 0.00300998 -0.0287099 -0.062316 0.00919976 -0.0272372 -0.062316 0.013809 -0.025062 -0.0618161 0.0138085 -0.0250619 -0.062316 -0.000690995 -0.028947 -0.062316 -0.00439298 -0.0287099 -0.061816 -0.00439298 -0.0287099 -0.061316 -0.000691995 -0.028447 -0.0618161 -0.00819714 -0.0279586 -0.062316 -0.0117429 -0.026758 -0.062316 -0.00819694 -0.027959 -0.061316 0.026838 -0.00732296 -0.0621293 0.0272907 0.00789236 -0.061316 0.013559 0.024735 -0.0615215 0.019424 0.0207494 -0.062316 0.0169499 0.02307 -0.062316 0.013809 0.025168 -0.0618085 0.0154364 0.0241981 -0.061816 0.0103609 0.026865 -0.061316 0.00668495 0.027582 -0.062316 0.00860809 0.0275316 -0.061816 0.00681394 0.028065 -0.0621062 0.00285953 0.0288839 -0.0621631 -0.00083204 0.0290936 -0.061316 -0.000691005 0.0285529 -0.061794 -0.00664453 0.0284935 -0.062316 -0.0058438 0.0286589 -0.069597 0.0223075 0.0118425 -0.0694406 0.0235392 0.00946107 -0.0694285 0.0220669 0.0126285 -0.0695681 0.0242933 0.00701075 -0.0695353 0.0249386 0.00418188 -0.0696038 0.0251444 -0.000402266 -0.069616 0.023823 0.00222099 -0.069616 0.0227049 0.00786964 -0.069296 0.021953 0.00968999 -0.069296 0.0230467 0.00664922 -0.069296 -0.025248 0.00167399 -0.069296 -0.0240878 -0.00776393 -0.069296 0.00147695 -0.024461 -0.069296 0.0237135 -0.00353529 -0.069296 -0.0248202 0.00502194 -0.069296 0.0139356 -0.019813 -0.069305 -0.00101862 0.0247163 -0.069296 -0.0140118 -0.0206612 -0.069296 -0.0232296 0.0100013 -0.069296 0.00428579 0.0241798 -0.069296 0.00520295 -0.023841 -0.069296 -0.0212096 0.0136734 -0.069296 0.0219675 -0.00961247 -0.069296 0.0102115 0.0221837 -0.069296 -0.0170942 -0.0183166 -0.069296 0.019831 0.0136695 -0.0692925 -0.00417493 -0.0243743 -0.069296 -0.021568 -0.012979 -0.069296 0.023823 0.00222099 -0.069296 -0.0188191 0.0167234 -0.069296 0.020012 -0.0132834 -0.069296 -0.0197781 -0.0155104 -0.069296 -0.0103456 -0.0226106 -0.069296 -0.0159736 0.019365 -0.069296 0.0145069 0.0194312 -0.069296 0.00843722 -0.0228277 -0.069296 -0.00712638 0.023832 -0.069296 0.0176764 -0.0163527 -0.069296 0.017352 0.016814 -0.069296 -0.011763 0.0220701 -0.0694788 -0.025206 -0.00211496 -0.069616 -0.0252112 0.00236598 -0.0696041 -0.0257287 0.00648016 -0.0694209 -0.0257182 0.00709834 -0.0695147 -0.0247769 0.00970735 -0.0694375 -0.0236707 0.012213 -0.0628134 -0.023616 0.0123251 -0.0626632 -0.0221807 0.014547 -0.0694375 -0.0217007 0.0153669 -0.0694173 -0.0192708 0.0182471 -0.0694268 -0.0142234 0.0222344 -0.0694209 -0.011766 0.0235772 -0.0696008 -0.00619268 0.0252895 -0.0695945 -0.0104918 0.0239882 -0.0695977 -0.0146158 0.0218107 -0.069616 -0.0144608 0.0204747 -0.0695668 -0.0164865 0.0206429 -0.069616 -0.0175969 0.0179713 -0.0695963 -0.0202481 0.0169259 -0.069616 -0.0202947 0.01496 -0.0695976 -0.0229425 0.0132235 -0.069616 -0.0223137 0.0118569 -0.069616 -0.0243603 0.00694722 -0.069616 -0.00984944 0.0229158 -0.069616 -0.00658495 0.023947 -0.0696168 -0.00151476 0.0247067 -0.0696017 0.00205597 0.0257669 -0.0694336 -0.000118096 0.0260271 -0.0628007 0.000763343 0.0260071 -0.0626316 0.00288252 0.0256275 -0.0628083 0.00440135 0.02555 -0.0626388 0.00642237 0.0249017 -0.0626338 0.00998273 0.0235709 -0.062616 0.00844895 0.022903 -0.062616 0.00431377 0.024168 -0.062936 0.00413456 0.0242138 -0.0628437 0.001756 0.0209165 -0.0629358 -0.00130287 0.0210655 -0.062616 -0.00175196 0.021026 -0.0628446 -0.00543398 0.02051 -0.062616 0.000370003 -0.02092 -0.062616 -0.00323098 -0.020793 -0.062616 0.019397 -0.00606799 -0.062616 -0.020779 0.00617396 -0.062616 0.014654 0.01439 -0.062616 -0.00673496 -0.020058 -0.062616 -0.012145 0.017654 -0.062616 -0.020014 -0.00816995 -0.062616 0.0169279 0.011479 -0.062616 0.016092 -0.0125689 -0.062616 0.00535297 0.020165 -0.062616 -0.0132959 -0.016744 -0.062616 0.018632 0.008277 -0.062616 0.010763 -0.017548 -0.062616 -0.0174749 0.012675 -0.062616 -0.018311 -0.011373 -0.062616 0.00405199 -0.020404 -0.062616 0.020343 -0.000647991 -0.062616 -0.0217262 0.00075464 -0.0627989 0.011913 0.01685 -0.0627989 0.00882494 0.018773 -0.062936 0.00535297 0.020165 -0.062936 0.00891982 0.0227379 -0.062936 0.0126287 0.0207671 -0.062616 0.0122561 0.0210398 -0.062936 0.0156842 0.0184403 -0.062616 0.0159594 0.0181985 -0.062936 0.0183592 0.0156656 -0.062936 0.0158809 0.0130278 -0.062936 0.020185 0.0130849 -0.062616 0.0191209 0.0147346 -0.062616 0.021953 0.00968999 -0.0626297 0.019448 0.0162558 -0.0626649 0.0223224 0.0119818 -0.062805 0.0210081 0.0143669 -0.069425 0.0175062 0.0186328 -0.0627991 0.0187619 0.0172959 -0.0626758 0.0160598 0.0198727 -0.0626623 0.0136333 0.0216574 -0.0628077 0.0114766 0.0230327 -0.0694277 0.0116459 0.022935 -0.0695704 0.00828502 0.0243955 -0.0628042 0.00806921 0.0245317 -0.0694313 0.00634731 0.0250792 -0.0694341 0.00264795 0.0258347 -0.0695993 0.0124541 0.0223172 -0.069616 0.00896664 0.0227154 -0.069616 0.0126287 0.0207671 -0.0695986 0.0168911 0.0190019 -0.0694361 0.0147208 0.0209892 -0.069616 0.0156542 0.0184778 -0.069616 0.0193262 0.0144866 -0.069558 0.0200026 0.0157061 -0.069616 0.00397121 0.0242448 -0.0626985 0.0235101 0.00945424 -0.0627942 0.0246471 0.00586389 -0.0626284 0.0247058 0.00486834 -0.0627904 0.0252104 0.00222149 -0.0626617 0.0252311 -0.00044019 -0.0694404 0.0253016 0.000481084 -0.069616 0.023865 -0.00156694 -0.0695987 0.0246322 -0.0050262 -0.0694225 0.0250829 -0.00339781 -0.0694423 0.0243275 -0.00699633 -0.0628107 0.0243406 -0.00698751 -0.0626374 0.0244799 -0.00586485 -0.0627985 0.0250607 -0.00350249 -0.062936 0.023865 -0.00156694 -0.062616 0.0237123 -0.0035003 -0.062936 0.0234808 -0.00474968 -0.062936 0.020166 -0.00238895 -0.062936 0.020279 0.00117195 -0.062936 0.019397 -0.00606799 -0.062776 0.018052 -0.00941795 -0.062936 0.022158 -0.00908696 -0.062616 0.0219994 -0.00952875 -0.062616 0.0200669 -0.0131936 -0.062936 0.020336 -0.0128105 -0.062616 0.0177452 -0.0162719 -0.0626302 0.0196954 -0.0158381 -0.0627961 0.0184433 -0.0175207 -0.0628107 0.0202358 -0.0153803 -0.0628087 0.02222 -0.0122432 -0.0694213 0.0202605 -0.0153491 -0.0696008 0.0212588 -0.0135488 -0.0695953 0.0191602 -0.0164796 -0.0694202 0.017856 -0.0181785 -0.069616 0.0160748 -0.0179862 -0.069616 0.0191771 -0.0145473 -0.069616 0.0218129 -0.00998287 -0.069616 0.023472 -0.00481092 -0.0695776 0.0234247 -0.00944902 -0.0694254 0.0222288 -0.0122374 -0.0626537 0.0230419 -0.0103997 -0.069616 0.0127859 -0.0205601 -0.0695967 0.0165688 -0.0191698 -0.0695981 0.0128503 -0.0219677 -0.0695514 0.00852347 -0.0242067 -0.069616 0.00894594 -0.022591 -0.0695566 0.00498885 -0.025268 -0.0626586 0.0103408 -0.0234138 -0.0628027 0.00872679 -0.0241797 -0.0626701 0.0058172 -0.0250447 -0.0627954 0.00320081 -0.0256509 -0.0694261 0.00145117 -0.0258594 -0.0626533 0.000629246 -0.0258358 -0.0694327 -0.00231876 -0.0258933 -0.0695965 -0.0038137 -0.0255895 -0.0694435 -0.0060645 -0.0253805 -0.0695733 -0.00854676 -0.0246552 -0.0628062 -0.00596572 -0.025407 -0.0626644 -0.00846096 -0.0246795 -0.0626353 -0.00391948 -0.0255748 -0.0627994 -0.0022102 -0.0259027 -0.062936 -0.000323261 -0.0246044 -0.0629358 -7.91132e-05 -0.0209595 -0.062936 -0.00323098 -0.020793 -0.062936 -0.00565867 -0.0240754 -0.062936 -0.00673496 -0.020058 -0.062936 -0.00983095 -0.022797 -0.0627989 -0.0102079 -0.018667 -0.062616 -0.0139227 -0.0207155 -0.062936 -0.0135278 -0.0209952 -0.0626324 -0.0150639 -0.021436 -0.0628029 -0.013792 -0.0223866 -0.0694298 -0.0174689 -0.0198051 -0.0696028 -0.0180078 -0.0191476 -0.0695956 -0.0235585 -0.0120264 -0.0695638 -0.0217274 -0.0150977 -0.0628056 -0.0202495 -0.0170791 -0.0626573 -0.0219153 -0.0148416 -0.062616 -0.0197781 -0.0155104 -0.062616 -0.0170429 -0.0183661 -0.0626636 -0.0182172 -0.0190632 -0.0627896 -0.0161075 -0.0208757 -0.0694233 -0.020264 -0.0170679 -0.062936 -0.0174253 -0.0180124 -0.062936 -0.0132959 -0.016744 -0.0627989 -0.016036 -0.014283 -0.062936 -0.0192775 -0.00982388 -0.062936 -0.020704 -0.0143529 -0.062616 -0.021568 -0.012979 -0.062936 -0.023336 -0.00958395 -0.062616 -0.0239897 -0.00806063 -0.0626735 -0.0254859 -0.00758835 -0.0626821 -0.0244562 -0.0103483 -0.0627984 -0.0234119 -0.0125763 -0.0694477 -0.0249397 -0.00929219 -0.069424 -0.0234053 -0.0126032 -0.0695956 -0.0253377 -0.00767689 -0.069616 -0.0227054 -0.0110239 -0.069616 -0.0244838 -0.00634247 -0.0696003 -0.0263338 -0.00323358 -0.0694367 -0.0260195 -0.00579328 -0.0694344 -0.0265932 -0.00215973 -0.0695986 -0.0264873 0.00151525 -0.0694391 -0.0263071 0.00437056 -0.0626342 -0.0259482 0.00545208 -0.0627975 -0.0264479 0.00355926 -0.0626398 -0.0264865 0.00169586 -0.062616 -0.025248 0.00167399 -0.062616 -0.0248083 0.00504982 -0.062936 -0.021549 0.00249594 -0.062936 -0.0252016 0.00254599 -0.062936 -0.021662 -0.00106597 -0.062936 -0.025206 -0.00211496 -0.0627989 -0.0211689 -0.00459999 -0.062936 -0.0244675 -0.00639319 -0.062616 -0.025206 -0.00211496 -0.0626326 -0.0263355 -0.00322197 -0.0628153 -0.0263849 -0.00396392 -0.0628006 -0.026686 -0.000188224 -0.0694155 -0.0266558 0.00155814 -0.062936 -0.020779 0.00617396 -0.062776 -0.019434 0.00952398 -0.062936 -0.0243603 0.00694722 -0.062936 -0.0223906 0.0116995 -0.062616 -0.0231834 0.0100992 -0.062936 -0.0174749 0.012675 -0.062816 -0.0150239 0.0154019 -0.062936 -0.0202947 0.01496 -0.062616 -0.0206695 0.0144904 -0.062936 -0.0177167 0.0178477 -0.062616 -0.0174321 0.0181031 -0.0626767 -0.0205682 0.0167363 -0.062679 -0.0179678 0.0194264 -0.062616 -0.0141933 0.0206578 -0.0626845 -0.0149304 0.0217548 -0.062798 -0.0118306 0.023543 -0.062616 -0.010328 0.022698 -0.0626405 -0.0108017 0.023866 -0.0626618 -0.00481186 0.0256676 -0.0627991 -0.00827315 0.0249248 -0.0694353 -0.00825995 0.0249223 -0.0695723 -0.00206928 0.0259339 -0.0694165 -0.00478146 0.0257341 -0.0626602 -0.00173116 0.02596 -0.062616 -0.00103236 0.0247141 -0.062936 -0.00149938 0.0247025 -0.062616 -0.00712638 0.023832 -0.062936 -0.00658495 0.023947 -0.062936 -0.00982404 0.0229324 -0.0627989 -0.00885695 0.0194 -0.062936 -0.0144559 0.020486 -0.062936 -0.012145 0.017654 -0.0626366 -0.0245953 0.00991267 -0.0628045 -0.0247852 0.00978896 -0.0627983 -0.0257201 0.00708412 -0.069616 -0.0194706 -0.0159232 -0.069616 -0.0159637 -0.0192636 -0.0695989 -0.0135163 -0.0223955 -0.069616 -0.0117636 -0.0219946 -0.0694353 -0.0113033 -0.0236793 -0.0626995 -0.0112157 -0.0236867 -0.062616 -0.0052586 -0.0241609 -0.062616 -0.0103166 -0.0226166 -0.0694232 -0.0145664 -0.0219409 -0.069616 -0.00574701 -0.0240536 -0.0695982 0.000734207 -0.0257601 -0.0696172 -0.000453005 -0.0246219 -0.069616 0.00569779 -0.0237413 -0.062936 0.00405199 -0.020404 -0.062936 0.00574784 -0.0237252 -0.062936 0.00894594 -0.022591 -0.0627989 0.00747496 -0.019294 -0.062936 0.0135121 -0.0201202 -0.062936 0.010763 -0.017548 -0.062816 0.013641 -0.015296 -0.062936 0.0175191 -0.0165429 -0.062616 0.0140665 -0.0197108 -0.0626748 0.0134446 -0.0217068 -0.0626311 0.0165798 -0.0191534 -0.0694322 0.0119835 -0.0226541 -0.069433 0.0149951 -0.0206734 -0.0627994 0.0163477 -0.0195825 -0.062616 0.00848726 -0.0228104 -0.062616 0.00520295 -0.023841 -0.062616 0.000254575 -0.0246072 -0.062936 0.016092 -0.0125689 -0.0627989 0.019787 0.00470698 -0.062936 0.023823 0.00222099 -0.062616 0.023823 0.00222099 -0.062936 0.0227098 0.00783491 -0.062616 0.0231049 0.00641114 -0.062936 0.018632 0.008277</float_array>
                    <technique_common>
                        <accessor count="4547" source="#shape0-lib-positions-array" stride="3">
                            <param name="X" type="float"/>
                            <param name="Y" type="float"/>
                            <param name="Z" type="float"/>
                        </accessor>
                    </technique_common>
                </source>
                <source id="shape0-lib-normals" name="normal">
                    <float_array id="shape0-lib-normals-array" count="27042">-1 0 0 0.239947 -6.2665e-07 0.970786 -5.43224e-07 -1 -1.4711e-07 0.000124465 -1 0.000267936 -6.01725e-05 -1 -0.0001018 8.8443e-05 -1 0.000153479 0.586319 -0.555281 -0.589824 0.521756 -0.678565 -0.51703 0.695133 -0.195578 -0.691765 0.69633 -0.182491 -0.694133 0.707078 -0.00174676 -0.707134 -0.184174 -0.96548 0.184199 -1.71918e-07 -1 9.06351e-08 -0.500085 -0.706988 0.500083 -0.686542 -0.239406 0.686546 1.46883e-06 1 1.07709e-06 0.843006 0 0.537904 4.55566e-07 -1 6.51415e-08 0.904744 0 0.425955 0.94367 -0.0411941 0.328314 0.843006 -2.03185e-07 0.537904 0.925904 -1.37967e-07 0.377759 0.953791 -0.0657716 0.293182 0.943024 -0.0398698 0.330328 -0.695954 -0.165026 0.698867 0.967208 -0.001694 0.253981 0.951708 -0.0263694 0.305871 -0.720868 0.584997 -0.371655 0.673621 0.00045854 0.739077 0.899688 -0.00108391 0.436531 0.677858 -6.07342e-05 0.735193 0 1 0 6.26183e-07 1 1.04319e-06 5.11453e-07 1 9.36337e-07 0.350588 -2.56533e-07 0.93653 0.514657 -2.34857e-07 0.857396 4.46428e-08 1 1.57438e-07 3.84069e-08 1 1.61556e-07 0 1 0 -4.63459e-08 1 1.4129e-07 -1.50128e-07 1 7.54568e-08 0.995002 0.000329033 0.099854 0.99495 0.000435341 -0.100375 -3.34677e-06 1 -3.35867e-07 6.76675e-07 1 3.56212e-07 -6.67171e-07 1 3.53507e-07 3.28002e-06 1 -3.30904e-07 0.970658 3.29341e-08 -0.240466 0.919256 5.39156e-08 -0.393661 0.919256 5.39156e-08 -0.393661 0.841973 7.38922e-08 -0.539519 0.841973 1.47784e-07 -0.539519 0.933358 9.83225e-08 -0.358948 0.841973 0 -0.539519 0.960566 -0.0690958 -0.269331 0.952973 -0.0480845 -0.299217 0.934071 0.000383938 -0.357088 0.927148 0 -0.374696 -0.00107193 -0.999997 0.00198605 0.693113 -0.194731 0.694028 0.693699 -0.195151 0.693323 -0.541563 -0.644603 -0.539626 -0.706935 -0.0541343 -0.705204 -0.706703 -0.0539676 -0.705449 -0.682664 -0.252788 -0.685615 -0.541389 -0.644859 -0.539495 -0.707102 -0.000209328 -0.707111 -0.186122 -0.964764 -0.18598 0.000492803 -1 0.000376388 0.501732 -0.704593 0.501811 0.686282 -0.241497 0.686073 0.698483 -0.152393 0.699213 -5.38533e-05 -1 9.30896e-05 0.000140138 -1 -0.000300619 0.230647 6.19737e-07 -0.973037 -1 -3.73797e-14 5.86892e-08 -0.000284799 -1 0.000610661 0.277143 0.0188566 -0.960644 -0.708102 -0.70611 1.48273e-05 -0.96783 -0.251607 -7.3378e-05 -0.70714 -0.707074 -1.04178e-07 -0.258906 -0.965903 -1.49576e-07 -1 0 0 -1 -6.72003e-05 -8.15881e-06 -0.999999 -0.0013384 -0.000166767 -1 0.000177979 3.27505e-05 -0.966124 -0.25808 -4.07845e-08 8.84772e-08 -1 1.70399e-07 -3.0177e-08 -1 -4.31059e-07 5.47876e-08 -1 -2.919e-07 1.67799e-08 -1 -1.76322e-07 -0.258904 -0.965903 -1.72846e-07 -0.431059 -9.35459e-08 0.902324 -0.430939 4.83109e-05 0.902381 -0.58201 -0.000586258 0.813182 -5.2e-08 1 3.87538e-07 3.59086e-07 1 -7.51922e-07 -6.95071e-07 1 1.39833e-06 0 1 0 0 1 0 -0.29285 -3.11767e-07 0.956158 -0.445114 -2.59089e-07 0.895474 -0.29285 -3.39955e-07 0.956158 -0.445036 3.47487e-05 0.895513 0 -1 0 0 -1 0 0 -1 0 0.188645 0.0299616 0.981588 0.212345 0.0138919 0.977096 0.152628 0.0616022 0.986362 0.350588 -1.20041e-07 0.93653 0.198754 -6.80529e-08 0.980049 0.350573 -9.16094e-06 0.936535 0.23901 0.000663763 0.971017 0.552854 -4.49816e-07 0.833278 2.35993e-05 1 3.55696e-05 0.337302 -5.21302e-07 0.941397 0.374588 -0.0707473 0.924488 0.300636 -0.0184683 0.95356 0.258248 -0.0332877 0.965505 0.279077 -0.0230898 0.959991 0.00168742 -0.999994 0.00314229 -1.10852e-06 -1 -1.10851e-06 0.00122476 -0.999999 0.000671643 0.00157435 0.999997 0.00157433 -0.70711 1.46342e-06 -0.707104 0.70711 -1.46342e-06 0.707104 0.70711 -1.46657e-06 0.707104 -0.70711 1.46657e-06 -0.707104 -5.66175e-07 -1 -3.10484e-07 0.00202655 0.999996 0.00200896 0.397428 0.044698 0.916544 0.696642 -0.164229 -0.698368 0.683798 -0.257823 -0.682603 0.506222 -0.697933 -0.506585 0.314622 -0.00909605 0.949174 0.346521 0.00106581 0.938042 0.355259 -0.000773718 0.934768 0.555133 -0.00155748 0.83176 0.193193 0.00223386 0.981158 0.0307902 -0.000114893 0.999526 0.0305094 -2.03802e-07 0.999534 -0.133069 -1.41166e-07 0.991107 0.272673 0.0168922 0.961958 0.000344503 -0.999984 0.00570177 -1 0.000529009 -9.77499e-05 -1 -5.88286e-05 7.11465e-06 -0.999991 -0.00417174 0.000520311 -0.540483 -0.645377 0.539785 -0.501571 -0.704466 0.50215 -0.557317 -0.615495 0.557282 0 -0.70716 -0.707054 -8.15289e-05 -0.705269 -0.70894 0.000203315 -0.964927 -0.262518 0 -1 0 0 -0.964657 0.263508 0 -0.707117 0.707096 0 -0.964657 0.263508 0 -0.260063 0.965592 0 -0.707117 0.707096 0.000594561 -0.61532 0.788278 -0.000602696 -0.704613 0.709592 -1 0 0 -1 0 -2.93233e-05 -1 2.96058e-07 -6.22553e-07 -1 5.24707e-05 -2.93148e-05 0 -0.194618 -0.980879 -1 0 6.75353e-05 -1 0.000112731 6.03855e-05 -1 0 0 -1 0 0 -1 -0.000117509 0.000375525 -1 0 0 8.50277e-09 -0.707159 -0.707054 -4.67443e-11 -0.999993 0.00378914 -1.64421e-06 0 -1 -6.09399e-06 -0.25985 -0.965649 -0.99976 -0.00484592 0.0213524 1 0.000136739 -1.36459e-05 -1 -4.83534e-05 4.38532e-06 -1 2.36538e-06 8.7902e-06 -1 8.74348e-06 8.78899e-06 -1 3.8177e-05 1.03864e-05 -1 -0.000746994 6.8899e-05 -1 0 0 -1 0 0 -1 0 0 -0.682673 -0.260452 -0.682731 -1 -0.000534378 -4.27664e-05 -0.501451 -0.705045 -0.501455 -1 4.57253e-05 -3.69181e-06 -1 0 0 -1 0 0 0.693744 -0.196435 0.692916 0.685992 -0.241721 0.686284 0.696144 -0.178404 0.695382 -3.1364e-07 -1 -3.94915e-07 0.185793 -0.964865 0.185789 -1 -0.000162521 -0.000421009 -0.58755 -0.5564 -0.587541 -0.693402 -0.195713 -0.693463 -0.693445 -0.195434 -0.693498 -0.707082 -0.000420718 -0.707131 -0.707088 0.00062799 -0.707125 -0.682832 -0.259656 -0.682876 -0.693423 -0.195657 -0.693457 -0.587311 -0.556888 -0.587317 -0.587812 -0.555848 -0.587801 -0.693337 -0.196353 -0.693347 -0.50012 -0.706936 -0.500122 1.17549e-08 -1 -1.20999e-07 0.970658 3.29341e-08 -0.240466 1.34389e-07 -1 -1.84729e-07 -2.66605e-08 -1 -2.34232e-07 0.000941109 -0.999965 0.00826832 0.99148 1.78401e-08 -0.130259 0.993665 0.0119548 -0.111745 0.994515 0.0208588 -0.102493 0.996709 -0.00227535 -0.0810343 0.995572 0.0377525 -0.0860916 3.88193e-05 -1 0.000293679 -0.00133906 -0.999788 -0.0205294 0.994432 0.0189772 0.103658 0.993192 0.00698824 0.116276 0.995622 0.00288572 0.0934317 0.993802 0.0121653 0.110495 0.995962 0.00167171 0.0897633 0.000648676 -0.132636 -0.991165 2.92897e-09 -0.222506 0.974931 0 -0.258989 -0.96588 4.32453e-08 -1 -1.48522e-07 2.12489e-06 -1 2.78752e-07 0.971175 -3.26465e-08 0.238367 0.991505 -1.59316e-08 0.13007 0 -0.713066 -0.701097 -1.49506e-06 -0.636471 0.771301 0 -0.260063 0.965592 0 0 1 0.996331 0 -0.0855811 0.995996 0.00222515 -0.0893715 0.994896 -1.61231e-08 0.100905 0.971175 -3.80876e-08 0.238367 0.996183 0.0613722 0.0620764 0.994809 1.85822e-08 -0.101757 0.970658 4.4763e-08 -0.240466 0.920612 -5.08037e-08 0.390478 0.843006 -7.36709e-08 0.537904 0.971175 -4.08082e-08 0.238367 0.920612 -6.68495e-08 0.390478 0 1 0 0.996009 0.0657346 -0.0603687 -0.499749 -0.707471 -0.499735 1.38751e-07 -1 1.94348e-13 7.43708e-07 1 -3.37736e-07 0.953736 -0.0238042 -0.299701 0.906615 -0.0924087 -0.411716 0.185921 -0.964815 0.18592 0.500119 -0.706935 0.500125 -1 9.87313e-05 2.26844e-05 0.502363 -0.703819 0.502265 -1 7.512e-05 -5.60443e-05 -0.999997 0.00139443 -0.0018323 -1 -3.96265e-06 2.63275e-07 -1 -7.8871e-05 5.89375e-06 -1 0.000207829 -4.21034e-05 1 0.000170664 -1.70711e-05 -0.707125 -0.0279576 0.706535 -0.675595 -0.282251 0.681106 -1 -2.30012e-07 -6.05527e-14 0 -0.556392 -0.83092 0 0 1 0 -0.222506 0.974931 -1 6.95433e-07 -7.00347e-07 0 -0.556392 -0.83092 -0.00013949 -1 -5.4117e-05 -0.500306 -0.70667 0.500311 -0.683035 -0.258631 0.683061 -0.689535 -0.221328 0.689605 -0.707092 -0.000951887 0.707121 -0.68979 -0.219858 0.689821 -0.683474 -0.2562 0.683538 -0.70701 -0.00839686 0.707153 8.74323e-08 -1 -2.63258e-07 -0.186036 -0.96477 0.186035 -0.707223 -0.00120745 0.706989 -0.683371 -0.258437 0.682799 0.186389 -0.964634 -0.186387 0.500897 -0.705827 -0.50091 0.707108 -0.00186535 -0.707104 0.690211 -0.218943 -0.689691 0.502751 -0.703232 -0.502699 0.682846 -0.259191 -0.683039 0.702568 -0.144348 -0.696823 -0.999999 0.00110802 0.000730591 -0.999999 0.00131946 0.000933819 0.624838 -0.464774 -0.627346 0.500299 -0.706759 -0.500193 0.588044 -0.555316 -0.588071 0.497672 -0.710364 -0.497701 0.688973 -0.214971 -0.692173 0.704352 -0.101307 -0.702585 -0.583741 0.00105642 0.811939 -0.133068 -3.68791e-07 0.991107 -0.506312 -9.74711e-08 0.86235 -0.506312 -8.14958e-08 0.86235 -2.09602e-06 -1 3.85512e-07 -7.80702e-08 -1 -1.18508e-07 -5.26023e-07 -1 3.64343e-07 -0.95305 -5.82953e-08 0.302814 -0.822065 -1.08703e-07 0.569393 0 1 0 -3.33316e-07 1 3.59283e-07 -0.822065 -5.48075e-08 0.569393 -0.953026 -2.84348e-05 0.302889 -4.05678e-06 1 1.28932e-06 2.76376e-07 1 2.44929e-09 -0.983518 -4.0303e-06 0.18081 0 1 0 -0.997434 -7.42964e-08 0.0715955 -0.997434 -1.3488e-08 0.0715957 -0.996861 1.30974e-08 -0.0791668 -0.996861 1.14304e-08 -0.0791668 2.9312e-07 -1 6.1833e-08 -0.978467 2.98016e-08 -0.206405 -2.21858e-07 -1 -2.52033e-07 1.44528e-07 -1 -2.48784e-07 -3.76918e-08 -1 -1.8505e-07 -1.12553e-07 -1 -1.70548e-07 8.40665e-08 -1 -1.75974e-07 -1.86225e-07 -1 -4.21422e-07 -0.404192 2.47712e-07 -0.914674 -0.581837 7.69475e-08 -0.813306 -0.404191 8.80429e-08 -0.914675 -0.764418 6.20583e-08 -0.644721 0 1 0 -0.926775 3.54855e-08 -0.375618 0 1 0 1.45439e-06 -1 1.22665e-06 1.40073e-07 -1 -1.96135e-07 -0.764418 6.20583e-08 -0.644721 -0.926775 3.61554e-08 -0.375618 -0.581837 7.82856e-08 -0.813306 -0.978467 1.98677e-08 -0.206405 5.99244e-07 1 6.04132e-07 0 1 0 -5.27379e-08 1 1.17563e-07 2.99818e-08 1 1.23728e-07 -0.550813 2.66714e-07 -0.834629 -3.42596e-07 1 3.30232e-07 -0.550813 1.65268e-07 -0.834629 -0.598393 1.54241e-07 -0.801203 -0.460818 2.59566e-07 -0.887495 -0.598393 2.69439e-07 -0.801203 0 1 0 0 1 0 -0.460818 2.1521e-07 -0.887495 -0.308533 2.12818e-07 -0.951214 -0.308533 2.12818e-07 -0.951214 -0.147728 1.8287e-07 -0.989028 -0.147728 2.04619e-07 -0.989028 0 1 0 0.0169469 1.93504e-07 -0.999856 0 1 0 0.0172251 -0.00011435 -0.999852 0.18137 0.00238658 -0.983412 0 1 0 0.340671 1.76282e-07 -0.940183 0.187283 2.04946e-07 -0.982306 0.340671 1.40888e-07 -0.940183 0.561403 9.98599e-08 -0.827542 0.561403 4.53358e-07 -0.827543 0.346091 1.39727e-07 -0.938201 0.346079 0.00818867 -0.93817 0.388834 5.04726e-07 -0.921308 0.283985 -0.0307484 -0.958336 0.307468 -0.0205755 -0.951336 0.262289 -0.0426498 -0.964047 0.298195 -0.0150802 -0.954386 -0.639871 0.185735 -0.7457 0.518044 -0.681598 0.516773 0 1 0 -2.26336e-06 -1 3.78066e-06 0.54546 -0.635539 0.546411 0.474716 -0.0199562 -0.879913 0.923949 0.254926 0.285187 -0.842964 -0.0397595 0.536498 0.860694 -0.000518307 -0.509122 0.614074 0.000905766 -0.789248 0.621284 1.43092e-07 -0.783585 0.860758 -0.000507814 -0.509014 0.346091 1.71327e-07 -0.938201 -6.84097e-07 1 1.85448e-06 -3.24647e-06 1 4.09456e-06 8.00248e-07 1 -3.07757e-07 0 1 0 -6.64092e-07 1 1.10631e-06 0.561403 1.53779e-07 -0.827543 0.490709 1.86543e-07 -0.871323 0.490709 1.3432e-07 -0.871323 0.340635 -2.2171e-05 -0.940196 0.187793 0.0230628 -0.981938 0.14539 0.0563143 -0.987771 0.209443 0.0103742 -0.977766 0.231653 0.00126478 -0.972798 0.000292365 -0.999985 -0.00549001 1.20212e-07 -1 8.0481e-07 1.06135e-07 -1 3.27217e-07 -3.01427e-08 1 3.01429e-07 4.51653e-08 1 8.71726e-08 -0.983503 -3.38122e-05 0.180891 4.70912e-08 -1 -1.59238e-07 -0.501303 -0.705261 -0.501301 -0.176696 -0.968275 -0.1767 0.96651 -0.00802938 -0.256502 -0.695644 -0.136094 -0.705377 0 1 0 0.498694 0.00804279 0.866741 0.919455 0.00246289 0.393188 -0.500797 -0.705969 0.500809 0.186416 -0.964624 -0.186415 -0.0777538 0.794181 0.602686 -0.00250568 0.999997 0.000430127 -0.16056 0.70142 0.694428 -0.0631075 0.439614 0.895967 -0.209102 0.44824 0.869113 -0.114566 0.420445 0.900056 -0.112093 0.424177 0.898615 -0.155329 0.192259 0.968973 -0.138805 -0.0541194 0.98884 0 0.966697 0.255922 -0.0134732 0.871368 -0.490445 0 0 0 0 0 0 0.0601662 -0.961972 0.266439 -0.11133 0.138911 0.984027 -0.055991 0.253135 0.965809 -0.0648962 0.0998428 0.992885 -0.0623559 0.0688469 0.995677 -0.136206 0.116637 0.983791 -0.178953 0.107065 0.978015 -0.308819 0.0775777 0.947952 -0.183559 0.0759392 0.980071 -0.32289 0.091518 0.942002 -0.319708 0.167309 0.932628 -0.244388 0.173237 0.954077 -0.409338 0.206154 0.888788 -0.435478 0.118413 0.892377 -0.412295 0.0867153 0.906914 -0.352942 0.201596 0.913669 -0.263524 0.343147 0.901557 -0.174707 -0.776695 0.605163 -0.210751 0.218904 0.952715 -0.210349 0.223861 0.951651 -0.232348 0.371667 0.89882 0 0 0 0 0 0 0 0 0 0 -0.389481 0.921035 0 0 0 0 0 0 0 0 0 0 0 0 0 0 0 0 0.215146 0.976582 0.2057 -0.218517 -0.953907 -0.174742 0.115829 0.977778 -0.177617 0.0999171 0.979014 -0.221079 0.220407 0.950024 -0.192074 0.186259 0.963543 -0.174676 0.172867 0.969333 -0.174976 0.107809 0.978652 -0.183704 0.0983329 0.978051 -0.188174 0.0996715 0.977065 0 0.0313522 0.999508 0 0 0 0 0 0 0 0 0 -0.180713 0.1011 0.978326 0 0 0 0 0 0 0.17806 -0.100545 -0.978869 0.179237 -0.0915114 -0.979541 0 0 0 -0.201228 0.808402 0.553166 -0.0820925 -0.526243 0.846363 -0.151793 -0.141508 0.97823 -0.207762 0.578976 0.78843 -0.110817 -0.404653 0.907731 0.185948 -0.744939 -0.640695 -0.191312 0.638497 0.745468 -0.193516 0.614539 0.764783 0 -1 0 0.141725 0.327795 -0.934058 0 0 0 0 0 0 0 0 0 0 0 0 0 0 0 0 0 0 0 0 0 0.185882 -0.908683 -0.373823 0 0.894262 -0.447544 0 0 0 0 0 0 0 -1 0 0 0 0 0 0 0 0 0 0 0 0 0 0 0 0 0 0 0 0 0 0 0 0 0 0 0 0 0 0 0 0 0 0 0 0.706136 -0.708076 0 0 0 0 0 0 0.00122163 -0.710919 0.703273 0 0 0 0 0 0 0 0 0 -0.324246 0.396301 0.858959 -0.18273 0.776744 0.602725 -0.32463 0.401477 0.856406 -0.23465 0.735684 0.63538 -0.239834 0.783662 0.573022 -0.407283 0.40977 0.816217 -0.407771 0.401331 0.820156 -0.308883 0.768976 0.559703 -0.428855 0.477096 0.767114 -0.473606 0.324918 0.818612 -0.469996 0.278105 0.837712 -0.448534 0.435121 0.780697 -0.494319 0.36789 0.787595 -0.401166 0.317071 0.859379 -0.366752 0.406626 0.836749 -1 -0.000197776 -0.000762671 -1 0 0 -0.999623 0.0270531 -0.0047385 -0.383625 -0.144535 0.912108 -0.34729 0.125756 0.929287 -1 0 0 -0.999989 -0.00459121 -0.0012442 -0.999999 0.000193167 -0.00123763 -0.999998 -0.00117558 -0.00137192 -0.99716 -0.0741798 -0.0129931 -0.325516 -0.0756903 0.942502 -0.895857 -0.423486 0.134536 -0.896984 -0.42104 -0.134706 -1 0 0 -1 -1.26341e-05 -3.84994e-06 -0.99539 -0.0944747 0.0165478 -1 -3.1958e-05 9.7384e-06 -1 -1.19941e-05 -3.41078e-06 -0.328419 -0.0790731 -0.941216 -0.383618 -0.144535 -0.912111 -1 0 0 -0.999586 0.0283395 0.00496381 -0.999981 -0.00596593 0.00124573 -0.999999 -4.47215e-05 0.00123765 -0.999987 0.0051441 0.000726516 -0.348854 0.125617 -0.92872 -1 -0.00015195 0.000585942 -0.400362 0.317439 -0.859618 -0.366933 0.401182 -0.839293 -0.494471 0.367134 -0.787852 -0.258105 0.862269 -0.435746 -0.453119 0.52703 -0.718973 -0.46259 0.478529 -0.746338 -0.315911 0.65148 -0.689764 -0.312593 0.682885 -0.660268 -0.2069 0.855372 -0.474901 -0.189502 0.897971 -0.397162 -1 4.41902e-05 -7.67394e-05 -0.0586361 0.982734 -0.175488 -0.00504373 0.999987 0.000174032 0.000119574 1 3.7213e-05 -0.00778975 0.999969 0.00112089 -0.00237995 0.999942 -0.0105381 -0.00445965 0.999983 0.00369393 -0.0404715 0.999153 0.00741833 0.0141849 0.998975 0.0429944 -0.0580829 0.99829 0.00666661 -0.0507048 0.998711 0.00221732 -0.0325522 0.99947 -0.000282202 -0.0499976 0.99873 -0.00614512 -0.0611871 0.998112 -0.00527144 -0.00360029 0.999977 -0.00572215 0.0159768 0.998685 -0.0487035 -0.00430066 0.950246 -0.31147 0.0240239 0.708356 -0.705447 0.0270231 0.719225 -0.694251 0.523494 0.670704 -0.525462 0.197813 0.959542 -0.200373 0.190358 0.964801 -0.181446 -7.66693e-05 1 -5.49993e-05 -0.00285924 0.999917 0.0125825 -0.00932012 0.999956 -0.00121021 -0.449849 0.538043 0.712844 -0.259568 0.860326 0.438706 -0.461919 0.478997 0.746454 -0.390745 0.464087 0.794948 -1 0.000130335 0.000217128 -0.306704 0.743674 0.594038 -0.314969 0.654428 0.6874 -0.207116 0.850701 0.483126 -0.0596085 0.98267 0.17552 -0.0247568 0.999693 -0.000631128 -0.295436 0.94632 0.131133 -0.266534 0.919627 0.288522 -0.513771 0.717501 0.470352 -0.784894 0.460801 0.414252 -0.572023 0.783495 0.242746 -0.910005 0.150867 0.386174 -0.881603 0.23747 0.407903 -0.87724 0.183461 0.443612 -0.853707 0.251479 0.456006 -0.682477 0.658619 0.316932 -0.54878 0.799662 0.243682 -0.905657 0.233418 0.353978 -0.815826 0.483171 0.317765 -0.688867 0.705151 0.168001 -0.839223 0.511503 0.184579 -0.942727 0.330288 0.0466361 -0.0504215 0.998724 0.00292342 -0.390691 0.920266 -0.0217231 -0.73663 0.662141 -0.137647 -0.718128 0.687774 -0.106113 -0.9785 0.0820352 -0.189229 -0.955127 0.224881 -0.192774 -0.959426 0.250351 -0.129713 -0.942626 0.330159 -0.0495078 -0.759774 0.648962 -0.0399041 -0.577732 0.812368 -0.0792718 -0.65899 0.744805 -0.104868 -0.909162 0.390502 -0.144679 -0.976514 0.189998 -0.101588 -0.690132 0.723193 -0.0266259 -0.96087 0.274039 -0.0403922 -0.978242 0.207455 -0.00221566 -0.974471 0.223989 0.0153323 -0.995023 -0.0923508 0.0374355 -0.896863 0.440959 0.0345449 -0.693344 0.720352 0.0191318 0.00227227 0.999996 0.00154202 -0.00144908 0.999989 -0.00456051 -0.00177774 0.999998 0.00101527 0.651082 0.757683 0.0448298 0.977411 0.150052 0.148834 0.978174 0.140954 0.152666 0.898077 0.0117551 -0.439682 0.901523 0.0154866 -0.432454 0.555049 0.00178575 -0.831816 0.553875 0.00067737 -0.832599 0.322631 0.0213497 -0.946284 0.405234 0.0438221 -0.913162 0.214779 0.73388 -0.64443 0.385646 0.5218 -0.760922 0.137105 0.695429 -0.705394 0.142861 0.674027 -0.724761 0.00460151 0.99997 -0.00620606 0.00449386 0.999971 -0.00612841 0.337123 0.941038 0.0282102 0.701267 0.705841 0.100064 0.432218 0.901159 0.0331626 0.708091 0.705892 0.0179926 0.384028 0.922636 0.0355769 0.479678 0.723375 -0.496627 0.988941 0.00317447 0.148273 0.99365 -0.0139591 0.111644 0.702342 -0.549506 -0.452503 0.824456 -0.00214193 -0.565923 0.842803 0.000365949 -0.538222 0.258329 -0.00471348 -0.966045 0.185841 0.0189327 -0.982397 0.231675 -0.0991981 -0.967722 0.631787 -0.106239 -0.767827 0.776085 -0.589027 -0.225253 0.28401 -0.958153 0.0358046 0.299105 -0.949239 0.0973702 0.16555 -0.951085 0.260827 0.283725 -0.958619 0.0234602 0.283425 -0.955963 0.0761954 0.237212 -0.970179 0.0498225 0.401223 -0.707021 -0.582359 0.454581 -0.843482 0.28617 0.316531 -0.948582 -0.000905862 0.0268848 -0.993558 0.11009 -0.00254822 -0.968149 0.250363 0.00133857 -0.753625 0.657303 0.00349416 -0.970903 0.239449 -0.00199273 -0.985887 0.167402 0.00298562 -0.999993 -0.00239978 -0.999903 0.0105591 -0.00911711 0.00322083 -0.999993 -0.00190551 0.00420804 -0.99999 0.00117736 0.171106 -0.982798 0.0695123 0.00410231 -0.99999 0.00169885 -0.0017308 -0.999966 0.00806437 0.158195 -0.968227 -0.193676 0.00495549 -0.999721 -0.0230752 0.845117 0.124999 0.519763 0.91914 -0.030649 0.392737 0.897501 -0.00282174 0.441002 0.874644 0.226911 0.428379 0.504789 0.0384027 0.862388 0.91799 -0.0575963 0.392398 0.9162 -0.0790227 0.392853 0.918437 -0.0609606 0.390843 0.905718 -0.103913 0.410947 0.917529 -0.0165892 0.397323 0.943091 -0.0984729 0.317621 0.910027 -0.014822 0.414284 0.942964 -0.100809 0.317265 0.943457 -0.203526 0.261661 0.958835 -0.148191 0.242229 0.654056 -0.68986 0.310328 0.686378 -0.653949 0.318176 0.616823 -0.483988 0.620714 0.0786966 -0.96305 0.257568 0.0799128 -0.885927 0.456889 0.093981 -0.610421 0.786482 0.0561109 -0.45143 0.89054 0.086001 -0.168109 0.98201 0.0749317 -0.00423594 0.99718 0.257082 0.00257234 0.966386 0.0732013 -0.003997 0.997309 0.920878 0.000131841 0.389851 0.652533 -4.14941e-05 0.757761 0.922996 0.00037162 0.38481 0.933558 0.000413456 0.358426 0.59016 -0.17514 0.788059 0.896529 -0.168458 0.409704 0.79822 -0.317894 0.511652 0.666234 -0.635093 0.390882 0.459642 -0.261971 0.848587 0.943359 0.12683 0.306574 0.970374 0.0102839 0.24139 0.911473 -0.28706 0.294643 0.959477 -0.0423251 -0.278589 0.886121 0.257051 0.385636 0.923097 0.126854 0.363043 -0.00224209 -0.999997 -0.000975923 -0.183771 0.00283791 0.982965 0.885134 -0.0542839 0.462159 0.893206 -0.168476 0.416893 0.562628 -0.506532 0.653357 0.38869 -0.892717 0.227982 0.292272 -0.947285 0.131259 -0.277996 -0.959705 0.0410348 0.0938447 -0.965755 0.24189 -0.219173 -8.18682e-08 0.975686 -0.0304857 8.36459e-08 -0.999535 -0.280637 -0.0051886 0.9598 -0.0511354 -0.000118302 -0.998692 0.0345358 3.14406e-05 0.999403 -0.28546 -3.01206e-05 0.958391 -0.250124 0.236427 0.938904 -0.302863 0.283264 0.909965 0.0482399 0.259824 0.96445 -0.344736 0.760759 0.549912 0.0628004 0.69194 0.719218 0.0290766 0.329694 0.94364 -0.0160842 0.922745 0.385074 0.239354 0.968629 0.0668341 0.271365 0.92219 0.275549 0.457118 0.691801 0.558976 0.733218 0.291019 0.614573 0.715879 0.251956 0.65118 0.967515 0.00312476 0.252794 0.999892 -0.00225566 0.0145398 0.999949 -0.0100812 -1.31573e-05 0.999928 -0.0116225 0.00285862 0.912097 -0.400744 0.0865065 -0.997524 0.0588802 -0.038453 0.999637 -0.022572 0.0147411 0.921892 -0.2454 0.299825 0.989502 0.142794 0.0222757 0.762202 0.644048 0.0651905 0.948334 0.302098 0.0969498 0.835918 0.547866 0.032942 0.82908 0.557431 0.0435529 0.998935 0.00449078 0.0459251 0.998111 0.00752972 0.0609699 0.998472 0.00305636 0.0551827 0.734648 -0.00247169 0.678444 0.250887 0.114606 0.961208 0.617471 0.414907 0.668268 -0.0150647 0.0180622 0.999723 0.689323 -0.00344575 0.724446 0.731103 -0.00072613 0.682267 0.290892 0.00248877 0.956753 0.0547463 -0.00398383 0.998492 0.94334 0.222168 0.246478 0.773938 0.232207 0.589152 0.615733 0.414824 0.669921 0.70403 0.00145932 0.710169 0.707809 -0.380603 0.595103 0.686547 -0.370281 0.625736 0.999572 -0.0189788 0.0222759 0.738837 -0.622259 -0.258674 0.450493 -0.842688 -0.294844 0.833929 -0.443766 -0.328075 0.0860028 -0.938066 -0.335611 0.0860903 -0.937991 -0.335799 0.0697806 -0.792174 -0.606292 0.084418 -0.985906 -0.144438 0.0882929 -0.984062 -0.154355 0.0651678 -0.980558 0.185091 0.0182478 -0.962984 0.26894 0.0576691 -0.972247 0.226739 0.0550663 -0.777312 0.626701 0.792305 -0.515694 0.326055 0.999939 -0.0110053 0.000773683 0.999651 -0.0171413 -0.0201226 0.772323 0.184351 0.607891 0.524444 0.0941522 0.846223 0.974798 0.0934442 0.202578 0.981837 0.170054 0.0841319 0.998072 -0.0508494 -0.0355955 0.773133 0.634032 -0.0163856 0.554213 0.825259 0.108606 0.0617531 0.985296 -0.159306 0.062179 0.985099 -0.160353 0.0765388 0.926042 -0.369579 0.0699569 0.931855 -0.356022 0.0728602 0.79246 -0.605556 0.0692715 0.796983 -0.600016 0.709605 0.538573 -0.454311 0.73825 0.40241 -0.541343 0.817951 0.315076 -0.481336 0.112819 0.280331 -0.953251 -0.0942113 0.303478 -0.94817 0.0392994 0.180234 -0.982838 0.419807 0.0912698 -0.903013 0.0274431 -0.250704 -0.967675 0.870729 -0.114691 -0.478202 0.0819296 -0.122196 -0.989119 0.593396 0.415438 -0.689415 0.0438649 0.549028 -0.834652 0.0788212 0.610139 -0.788364 0.611679 0.79106 -0.00846732 0.752175 0.614237 -0.238632 0.0231216 0.999733 5.1417e-06 0.0664919 0.987625 -0.142043 0.0528614 0.978019 -0.201705 0.0508805 0.981168 -0.186333 0.78589 0.617539 0.0319717 0.713107 0.699726 -0.0431508 0.775881 0.630072 -0.0319129 0.273023 0.956191 0.105629 0.783504 0.620644 -0.0303671 0.728133 0.684883 0.0275135 0.267177 0.958952 0.095017 0.259676 0.965694 -0.00153627 0.0156147 0.999875 -0.00239456 0.0563143 0.981201 0.184589 0.0535253 0.979119 0.196114 0.615985 0.787704 0.00921493 0.962465 0.271406 0.000478815 0.96549 0.260439 -0.000569643 0.617648 0.786454 -0.000619356 0.613413 0.789762 -0.000333695 -0.977562 0.0852601 0.19262 -0.99942 -0.0083809 -0.0330149 0.999951 -0.00332355 -0.00927527 0.999991 0.00208605 -0.00370031 -0.859479 0.0765713 -0.505404 -0.988379 0.0396737 -0.146742 0.999767 -8.66573e-05 -0.0215734 0.999943 0.0106663 -0.000383014 0.999931 0.00611695 0.0100519 0.997326 0.00397692 0.0729663 0.656527 -0.245305 -0.713301 0.808226 -0.337744 -0.48239 0.508999 -0.570717 -0.644362 0.732146 0.647525 0.21136 0.723075 0.657724 -0.211097 0.074041 0.971329 0.225917 0.0754147 0.971779 -0.223515 0.0765515 0.698283 -0.711716 0.0710086 0.705334 -0.705309 0.0738379 0.221775 -0.972298 0.0523134 -0.0696283 -0.9962 0.0506904 0.258199 -0.964761 0.422568 0.25209 -0.870567 0.391071 0.0334128 -0.919754 0.617218 -0.0490497 -0.785261 0.599913 -0.559839 -0.571563 -0.0197815 -0.796549 -0.60425 0.040806 -0.690041 -0.72262 0.0926748 -0.645311 -0.758278 0.0572966 -0.231399 -0.97117 0.0380928 -0.633028 -0.773191 0.511202 -0.601725 -0.613678 -0.655221 -0.540036 -0.528248 -0.657802 -0.184398 -0.73027 0.528187 -0.227085 -0.8182 -0.0246583 -0.368168 -0.929432 0.0422644 -0.154238 -0.987129 -0.0284096 0.139358 -0.989834 0.0423143 0.354824 -0.933975 -0.0411526 0.595674 -0.802171 0.040808 0.767773 -0.639421 0.0403031 0.941216 -0.335392 0.454714 0.865971 -0.208158 0.0379851 0.956182 0.290297 0.0433635 0.790302 0.611182 0.43724 0.632093 0.63975 -0.753911 0.491477 0.435969 -0.557879 0.244435 0.793109 0.517695 0.234739 0.822733 -0.689064 0.191791 0.698861 0.0457325 0.383188 0.922537 -0.0220347 0.151703 0.98818 0.0426528 -0.157795 0.98655 -0.0390633 -0.395804 0.917504 0.0376914 -0.691374 0.721513 0.0827451 -0.65287 0.752937 0.0610829 -0.232548 0.970665 0.0381478 -0.626063 0.778839 -0.0112796 -0.780135 0.625509 0.648423 -0.526862 0.549512 0.22377 -0.455374 0.86172 0.0739557 -0.125245 0.989366 0.644435 -0.0295589 0.764088 0.807701 0.341295 0.480768 0.672115 0.33391 0.660882 0.726143 0.188106 0.661311 0.0373825 0.258713 0.965231 0.0696402 0.212673 0.974639 0.0768704 0.701524 0.708488 0.0740533 0.705177 0.705153 0.0570657 -0.959138 0.277125 0.0613051 -0.960823 -0.270298 0.0527264 -0.958103 -0.281528 0.0527344 -0.957726 0.282809 -0.0548257 -0.994119 -0.0933874 0.42331 -0.870876 -0.249769 0.0418879 -0.940533 -0.337109 -0.701332 -0.693859 0.16338 -0.70538 -0.690096 -0.161887 0.468983 -0.844507 0.258578 0.528652 -0.596304 0.604109 -0.641575 -0.54126 0.543525 0.045679 -0.921956 0.384592 -0.0212095 -0.98786 0.153891 -0.657369 -0.534056 0.531649 -0.684542 -0.183531 0.705492 0.53195 -0.230642 0.81476 -0.724706 -0.181688 0.664673 0.0399228 0.258688 0.965136 0.0374121 0.706624 0.7066 -0.0184939 0.632113 0.774656 0.0363404 0.957193 0.287159 0.0539382 0.964464 -0.25865 -0.061026 0.995171 -0.0768762 -0.909884 0.402047 -0.102321 -0.817728 0.425039 -0.388153 0.723915 0.594232 -0.350479 -0.544038 0.244606 -0.802615 -0.69887 0.183452 -0.691322 -0.725273 -0.181587 -0.664082 -0.837538 0.521269 0.163735 0.75422 0.561922 0.339701 0.455425 0.615984 -0.642769 0.0429493 0.706467 -0.706442 0.491947 0.226894 -0.84054 0.0406347 0.258318 -0.965205 -0.717539 -0.489149 -0.495853 0.211747 -0.43788 -0.873742 0.987308 0.156808 -0.0251954 0.999679 0.01602 -0.0196236 0.945572 0.211791 -0.247061 0.967516 0.00280587 -0.252795 0.951188 0.293233 -0.0962039 0.999575 -0.00198256 -0.0290796 0.766137 0.226345 -0.6015 0.686707 0.000108576 -0.726935 0.285263 0.00257402 -0.958446 0.0535448 -0.00374065 -0.998558 0.0345469 3.30456e-05 -0.999403 -0.305836 0.00403969 -0.952076 -0.35965 -0.390371 -0.847504 -0.112133 -0.00782458 -0.993662 0.191648 -0.519672 -0.832594 0.625203 -0.00158698 -0.780461 0.634351 -0.0564205 -0.770983 0.886173 -0.0599618 -0.459458 0.930726 -0.000855398 -0.365717 0.907956 -0.298404 -0.294229 -0.279288 0.00905751 -0.960165 0.00440832 -0.999989 0.00161537 0.00887533 -0.999902 -0.0108152 0.971005 0.0171075 -0.238447 0.92312 0.126797 -0.363003 0.958452 -0.0444005 0.281778 0.886312 0.256259 -0.385723 -0.00172003 -0.999998 0.000748382 -0.000130604 -1 0.000169822 0.506287 0.0390283 -0.861481 0.874646 0.226908 -0.428377 0.897503 -0.0027842 -0.440999 0.845912 0.124231 -0.518652 0.917999 -0.0574367 -0.392401 0.919145 -0.0304952 -0.392738 0.918412 -0.0605339 -0.390966 0.915949 -0.0798529 -0.39327 0.905687 -0.104255 -0.410928 0.910029 -0.0145157 -0.41429 0.917371 -0.0162595 -0.397702 0.943105 -0.0982076 -0.317661 0.94295 -0.101054 -0.317227 0.959687 -0.152101 -0.236362 0.75842 -0.561081 -0.331644 0.658085 -0.686169 -0.309995 0.609231 -0.489157 -0.62415 0.08159 -0.961651 -0.26186 0.094601 -0.863306 -0.495735 0.0776285 -0.894415 -0.440449 0.0925636 -0.607325 -0.789042 0.0561592 -0.460773 -0.885739 0.0805403 -0.192793 -0.977928 0.0402055 0.00151353 -0.99919 0.256274 6.67216e-05 -0.966604 0.0346931 -2.01205e-05 -0.999398 -0.0336027 0.000400079 0.999435 0.25767 0.141786 -0.955773 0.648959 0.411144 -0.640166 0.237358 0.136206 -0.961826 0.96832 0.220645 -0.116929 0.827764 0.559603 -0.0406389 0.785287 0.613587 -0.0826753 0.444125 0.0110639 -0.895897 0.999964 0.00820141 0.00228243 0.996716 0.0195274 -0.0785818 0.99839 0.00243658 -0.0566712 0.966457 -0.195885 0.166102 0.999645 0.00340646 -0.0264088 0.405462 -0.751829 0.519955 0.839296 -0.320502 0.439159 0.126234 -0.369961 0.920431 0.0585461 -0.568687 0.820468 0.0794979 -0.542156 0.836509 0.0732426 -0.802724 0.591836 0.724782 -0.629521 0.27999 0.996363 -0.0595117 -0.0609819 0.711174 -0.390834 -0.584363 0.489504 -0.868743 -0.0753124 0.777086 -0.628301 0.0370818 0.0848831 -0.985284 0.148361 0.0687077 -0.985503 -0.155121 0.0267511 -0.966474 -0.255368 0.055618 -0.972954 -0.224204 0.0571882 -0.776909 -0.627011 0.852069 -0.520954 0.0508387 0.632245 -0.760909 0.145886 0.999906 0.00172468 -0.0136336 0.999631 0.0215337 -0.0165709 0.999982 -0.00408782 -0.00436082 0.999704 -0.0104435 -0.0219566 0.999797 0.0201516 0.000455368 0.999864 -0.0142272 -0.00835413 0.999725 -0.0115279 0.0204215 0.999938 -0.007578 -0.00813778 0.999972 -0.00714492 -0.00216523 0.999947 0.00888164 -0.00513836 0.0867328 -0.585729 -0.805853 0.0406685 -0.464601 -0.884586 0.0563297 -0.403303 -0.913331 0.669162 -0.170077 -0.723392 0.0696453 0.109964 -0.991493 -0.132839 0.416492 -0.899382 0.0543914 0.259126 -0.964311 0.0539861 -0.145216 -0.987926 0.0700746 -0.101023 -0.992413 0.0629724 -0.156315 -0.985698 0.0527167 -0.125263 -0.990722 0.0636222 -0.440858 -0.895319 0.156661 0.157089 -0.97508 0.358623 0.814525 -0.456002 0.272348 0.737579 -0.617903 0.0144476 0.971824 -0.235265 0.0335691 0.757489 -0.651984 0.0515115 0.325169 -0.944252 0.051688 0.703457 -0.708856 0.050243 0.320368 -0.94596 0.0345985 0.748565 -0.662158 0.0502143 0.338226 -0.939724 0.308902 0.641466 -0.702212 0.360288 0.500151 -0.787427 0.487731 0.758265 -0.432611 0.635381 0.654447 -0.409865 0.0070095 0.999973 -0.00217976 0.00285091 0.99999 -0.00349394 0.00461166 0.999988 -0.00181851 0.00451705 0.999988 -0.00204566 0.45633 0.855456 -0.244862 0.684624 0.602998 -0.409491 0.00106414 -0.999999 -0.000637403 0.840162 0.228778 -0.491721 0.828985 0.272838 -0.488204 0.885311 0.0701051 -0.459684 0.807928 0.451983 -0.378106 0.919471 0.135298 -0.369144 0.69141 -0.127679 -0.711091 0.424004 0.330166 -0.843333 -0.653006 -0.420675 -0.629775 0.785995 0.37938 -0.488142 0.770769 0.574377 -0.275693 0.510941 0.832733 -0.213296 0.127174 0.933015 -0.336615 0.277473 0.954377 -0.11033 0.603773 0.744434 -0.285091 -0.00190099 0.999841 -0.0177368 0.926404 -0.0730827 -0.369371 0.88728 -0.0230391 -0.460655 0.827881 0.0965041 -0.552539 0.907489 -0.0217959 -0.419511 0.839141 0.155614 -0.521178 0.827479 0.096497 -0.553143 0.663139 -0.058339 -0.746219 0.65601 0.146084 -0.74048 0.894089 -0.0585903 -0.44404 0.678073 -0.0369744 -0.734064 0.62827 -0.390613 -0.672829 0.652457 -0.418902 -0.631523 0.897722 -0.0647891 -0.435772 0.893634 -0.115071 -0.433794 0.00214039 -0.999996 -0.00196122 0.463473 -0.433014 -0.773106 0.0017087 -0.999996 -0.00215849 0.44957 -0.452715 -0.770024 0.389462 -0.415935 -0.821777 0.212475 -0.00693204 -0.977142 0.212555 -0.840809 -0.497856 0.136475 -0.256407 -0.956886 0.160718 -2.05218e-05 -0.987 0.185649 -0.00686109 -0.982592 0.0715242 0.737427 -0.671629 2.02771e-06 1 -1.27645e-05 0.135259 0.737362 -0.661817 0.0364604 0.983568 -0.176818 0.173863 0.596504 -0.783552 0.0689177 0.753857 -0.653414 0.0562594 0.542777 -0.837991 0.0136529 0.0878092 -0.996044 -0.0213587 0.828256 -0.559943 -0.0668158 0.640924 -0.764691 -0.0079487 0.0178013 -0.99981 -0.0425337 -0.0117927 -0.999025 -0.0985344 0.586554 -0.803894 -0.103054 0.697131 -0.709498 -0.071953 0.854293 -0.514788 0.00278756 0.99992 -0.0123279 0.654058 0.756431 -0.00442645 0.661088 0.741825 -0.112508 0.0688466 0.995376 -0.0669914 0.0813445 0.992299 -0.093413 0.125998 0.721098 -0.68128 -0.141116 0.0103897 -0.989939 -0.128919 0.0241174 -0.991362 -0.0491562 -0.475962 -0.878091 0.283647 -0.806442 -0.518842 0.480163 -0.877169 -0.00418887 0.522586 -0.852431 0.0163015 0.124993 -0.992008 -0.0172333 0.0824932 -0.995825 0.0390801 0.0458194 -0.862845 -0.503388 0.045186 -0.832274 -0.552519 0.0705749 -0.853496 -0.516298 0.0946561 -0.233047 -0.967848 -0.0524856 -0.312658 -0.948415 0.0156436 -0.487822 -0.872803 0.215058 0.00130705 -0.9766 0.136983 0.000272235 -0.990573 0.107547 0.0441024 -0.993221 0.206807 -0.421021 -0.883161 0.276458 -0.39789 -0.874788 0.267231 -0.253198 -0.929773 0.294954 0.0166236 -0.955367 0.221919 -0.00609379 -0.975046 0.231217 0.749932 -0.619791 0.26239 0.557199 -0.787834 0.339721 0.658484 -0.671557 0.302486 0.727832 -0.615437 0.00222771 0.999996 -0.0018767 0.404511 0.716504 -0.568324 0.657149 0.018317 -0.753538 0.778447 0.0522539 -0.625532 0.356192 -0.919687 -0.165234 0.738047 0.0183532 -0.6745 0.747081 0.00321302 -0.664725 0.693718 -0.320104 -0.645205 0.685593 -0.476009 -0.550798 0.720653 -0.321261 -0.61437 0.484742 -0.814577 -0.318573 0.374652 -0.832327 -0.408495 0.581203 -0.264527 -0.769564 0.311422 -0.887143 -0.34058 0.586016 -0.468024 -0.661467 0.640697 -0.447296 -0.624046 0.680438 -0.0281885 -0.732263 0.627888 -0.0229143 -0.777966 0.578447 0.0430073 -0.814585 0.533089 0.0150264 -0.845926 0.550708 -0.00603963 -0.834676 0.51789 -0.442583 -0.732059 0.438042 -0.446221 -0.780388 0.469604 0.0163108 -0.882726 0.449711 -0.00280107 -0.89317 0.330328 -0.509938 -0.794259 0.383544 0.0140653 -0.923415 0.345974 -0.0147692 -0.938128 0.43343 -0.286229 -0.854524 0.725747 -0.0994397 -0.680737 0.214028 -0.97377 -0.0772238 0.391187 -0.917573 -0.0709444 0.383675 -0.921867 -0.0543541 0.0148657 -0.950384 0.310724 0.613807 -0.778752 -0.129565 0.868191 -0.450654 -0.20774 0.435331 -0.890639 0.131334 0.668171 -0.735142 -0.114513 0.469551 -0.0738309 -0.879813 0.244257 -0.0246678 -0.969397 0.262167 -0.249782 -0.932136 0.251199 -0.00871501 -0.967896 0.232574 -0.00777162 -0.972548 0.274263 -0.247863 -0.929163 0.270459 -0.597222 -0.755101 0.455572 -0.580733 -0.674687 0.297074 -0.851149 -0.432772 0.291569 -0.940665 -0.173601 -0.0166585 -0.887321 0.460851 0.00633509 -0.872508 0.488559 0.00637317 -0.87208 0.489322 -0.0414112 -0.862773 0.503893 -0.0558197 -0.936275 0.346805 -0.141111 -0.807052 0.573371 -0.185743 -0.886775 0.423236 -0.0851539 -0.941094 0.327246 -0.104178 -0.915761 0.387979 -0.26284 -0.723071 0.638814 -0.286882 -0.858307 0.425449 -0.120513 -0.954082 0.274234 -0.183389 -0.879682 0.438781 -0.168513 -0.950047 0.262706 -0.017023 -0.979703 0.199728 -0.0522503 -0.988981 0.138518 -0.106903 -0.968054 0.22681 -0.177735 -0.950314 0.255564 -0.0568148 -0.995267 0.0788366 -0.110849 -0.981601 0.155472 -0.12276 -0.980068 0.156193 -0.210064 -0.921006 0.328056 -0.111125 -0.982478 0.149626 -0.00744182 -0.988067 0.153847 -0.0015807 -0.990551 0.137137 -0.0270239 -0.808985 0.587207 -0.0385893 -0.857667 0.512755 0.00438059 -0.837055 0.547101 0.0187212 -0.990391 0.137019 -0.0497498 -0.749478 0.660158 0.0107783 -0.989331 0.145289 0 -0.989629 0.143647 0 0 0 0 -0.958647 0.284598 0 0 0 0.00510057 -0.835385 0.549642 0.0491666 -0.573748 0.817555 0.0540289 -0.90732 0.416955 0.0149372 -0.5748 0.818158 0.0601694 -0.88374 0.464094 0.0163699 -0.850156 0.526277 0.0314277 -0.988437 0.148337 0 0.989629 -0.143645 0.0176835 -0.989078 0.146329 0.0871434 -0.985138 0.148017 0.0624752 -0.990215 0.124782 0.511204 -0.85946 -0.000180904 0.503928 -0.863741 -0.00291571 0.515145 -0.856987 -0.0141182 0.999962 -0.0086921 -3.16094e-05 0.750119 0.661303 0.000911516 0.211144 0.95358 -0.214715 0.226297 0.974051 0.00385641 0.707818 0.620286 -0.337993 0.981993 -0.187442 0.0235725 0.995762 0.00348521 -0.0919028 0.960247 -0.0904368 0.264098 0.999908 -0.0135177 0.000811476 0.995571 0.033288 0.0879226 0.499046 -0.862347 0.0854992 0.521912 -0.835583 0.17149 0.366599 -0.844931 0.389483 0.0466115 -0.593086 0.803789 0.601483 -0.248823 0.759148 0.489577 -0.257444 0.833089 0.696121 -0.204039 0.688319 0.964989 -0.0900531 0.246348 0.965925 3.61119e-08 -0.258822 0.706984 9.86756e-08 -0.707229 0.706984 9.87097e-08 -0.707229 0.999999 0 0.00159574 0.965924 0 -0.258826 1 -2.7455e-05 -0.000295475 -6.68285e-14 2.79048e-07 -1 0.0160451 0.97197 -0.234556 5.63615e-06 0.960218 -0.27925 0.000559122 1 -0.000506872 0.445076 0.626022 -0.640316 0.309633 0.898863 -0.310118 0.250939 0.245918 -0.936245 0.252445 0.24439 -0.93624 -1.35715e-06 0.699772 -0.714366 0.258885 1.97294e-07 -0.965908 0.258892 1.34702e-07 -0.965906 0.665293 0.338344 -0.665513 0.960138 0.109287 -0.257275 0.000764167 -0.981449 -0.191722 -0.000300977 -0.999997 -0.00233417 0.00515185 -0.999985 0.00167556 0.099943 -0.839532 -0.534039 0.0915144 -0.704159 -0.70412 0.0457109 -0.986384 -0.157981 0.105026 -0.970732 -0.215983 0.261594 -0.826175 -0.499002 -0.000309302 -1 0.000603732 0.315543 -0.751357 -0.579564 0.329315 -0.782905 -0.527837 0.473134 -0.0287217 -0.880522 0.535815 -0.114214 -0.836575 0.446139 0.267944 -0.853912 0.479175 0.00491799 -0.877706 0.623192 -0.0331983 -0.781364 0.596192 0.230361 -0.769083 0.614751 -0.0199872 -0.788468 0.589817 0.36056 -0.722573 0.680889 0.50888 -0.526718 0.411762 0.740601 -0.531001 0.30674 0.902074 -0.303601 0.330113 0.888039 -0.320019 0.330866 0.723053 -0.606401 0.232964 0.661921 -0.712453 0.359662 0.678164 -0.640888 0.00248485 0.999955 -0.00921081 -0.0166959 0.999739 0.0155835 -0.00375191 0.999974 -0.00623682 0.00494042 0.999987 -0.00159857 0.0455934 0.965382 -0.256824 -0.00450531 0.965743 -0.259461 -0.0136244 0.9906 -0.136108 0.613055 0.790012 0.00664332 0.608873 0.793231 0.00767941 0.460394 0.658538 0.595286 0.602987 0.77079 0.205646 0.336365 0.549218 0.764996 -0.0181821 0.548894 0.835694 0.00820828 0.328188 0.944577 0.0121361 0.357378 0.933881 -0.0144599 0.624257 0.781085 0.285599 0.817041 0.500877 0.212513 0.725371 0.654733 -0.0110351 0.819737 0.572633 0.0130505 0.566618 0.823878 0.0019302 0.878941 0.476926 -0.0531862 0.554714 0.83034 -0.0560133 0.759559 0.648022 -0.0474198 0.0478435 0.997729 0.00386228 0.0451876 0.998971 -0.0166112 0.0544032 0.998381 0.261764 0.386347 0.88443 0.0151082 0.0625879 0.997925 0.236005 0.321468 0.917039 0.00165595 0.0291612 0.999573 0.177343 -0.0414856 0.983274 -0.00174781 -0.999692 -0.0247604 0.00135132 -0.0414512 0.99914 -0.00112052 -0.999713 -0.0239259 0.302564 0.0142521 0.953022 0.172114 -0.0507986 0.983766 0.172282 -0.0407935 0.984203 -0.0066552 -0.0628062 0.998004 0.178983 -0.0837293 0.980283 -0.0181609 -0.0800697 0.996624 -0.0182136 -0.0800334 0.996626 -0.0593799 -0.0445111 0.997243 -0.0182284 -0.0793129 0.996683 -0.0912153 -0.0795449 0.992649 -0.0148348 -0.077172 0.996907 -0.167088 -0.0471746 0.984813 -0.0288677 -0.0498131 0.998341 -0.207411 -0.0652155 0.976078 -0.341099 -0.514201 0.786924 -0.448961 -0.469936 0.759996 -0.335635 -0.467503 0.817796 -0.40402 -0.331717 0.852486 -0.477399 -0.105124 0.872375 -0.468841 -0.294247 0.83283 -0.458446 -0.323878 0.827605 -0.47836 -0.106316 0.871705 -0.483132 -0.343952 0.805159 -0.400663 -0.0973331 0.911041 -0.497307 -0.323739 0.804909 -0.454343 -0.116477 0.883179 -0.512361 -0.22872 0.827752 -0.313314 -0.55756 0.76874 -0.370633 -0.288807 0.882735 -0.429159 -0.336972 0.838017 -1 -0.000140211 -8.96051e-05 -1 9.14144e-05 5.75069e-06 -0.174274 -0.797347 0.577812 -0.0906403 -0.702309 0.706078 -0.220517 -0.59204 0.775152 -1 -0.000197814 -0.000126418 -0.999994 0.0024774 -0.00249069 -0.0781809 -0.787183 0.611744 0.00976108 -0.855591 0.517561 -0.0134839 -0.848227 0.529461 0.284004 -0.86285 0.418128 -0.978548 0 0.206018 -0.0149131 -0.857247 0.51469 -0.185647 -0.841876 0.506734 -0.0145345 -0.866695 0.498626 0 0 0 0.934793 0.17625 -0.308378 -0.0488495 -0.876887 0.478208 0.0173157 -0.897142 0.441402 -1 0.000141054 0.000271819 0.0356076 -0.957184 0.287282 -1 0 0 -0.509824 -0.716872 0.475577 -0.439398 -0.7785 0.448182 0.00364163 -0.882738 0.469851 -0.0155246 -0.85482 0.518692 0.0331968 -0.945118 0.325039 0.0255424 -0.938073 0.345495 0.469442 0.694886 -0.544755 0.00323277 -0.87506 0.484004 -0.482009 -0.789305 0.380348 -0.38597 -0.870395 0.30568 0.00299522 -0.99995 -0.00956362 0 0 0 0 0 0 0 -0.9991 -0.0424136 0.0345692 -0.93994 0.339584 -0.373092 -0.807094 0.457605 -0.663401 -0.676976 0.318753 -0.661174 -0.411285 0.62745 -0.678815 -0.213819 0.702489 -0.695808 -0.00565223 0.718205 -0.706322 -0.00450754 0.707876 -0.277541 -0.673076 0.685521 -0.000873811 -0.618583 0.785719 0.309064 -0.025315 0.950704 0.0088776 -7.66111e-05 0.999961 -0.0335228 -0.633449 0.773058 0.0212858 -0.626755 0.778925 0.0181411 -0.646029 0.763097 0.00128917 -0.186603 0.982435 0.015242 -0.225293 0.974172 0.0306924 -0.889448 0.456005 0.107271 -0.738164 0.666039 0.00345047 -0.923544 0.383477 0 0 0 0 -0.927725 0.373263 0.0325354 -0.88334 0.467601 0.675685 -0.724885 0.134131 0.741005 -0.465276 0.48418 0.684327 -0.690327 -0.234829 0.672876 -0.711138 -0.203763 0.746539 -0.651037 0.137222 0.48047 -0.853626 -0.201173 0.996333 -0.023605 -0.0822394 0.999751 -0.000166221 -0.0223154 0.999888 -0.0108426 -0.0102857 0.971693 -0.235315 -0.0209636 0.662077 -0.557892 0.50041 0.00537246 -0.998742 -0.0498559 -0.000590129 -0.999132 0.0416427 -0.00491014 -0.996317 -0.085604 -0.798487 -0.598997 -0.0601738 -0.706385 -0.705717 -0.0546213 -0.638099 -0.769513 0.0260554 -0.824873 -0.563449 0.0459334 -0.648917 -0.705528 0.284845 -0.999985 0.00283072 -0.00472914 -0.965986 -0.0134944 0.258243 -0.998529 0.0363971 0.0401941 -0.99999 -0.00383121 0.00252543 -0.998548 -0.0538544 -0.00155247 -0.999782 -0.0207627 0.00206919 -0.999066 -0.0189881 0.0388084 -0.997619 -0.0633346 0.0272944 -0.756502 -0.572472 0.316199 0.0375913 -0.994367 0.0990979 0.0277211 -0.956858 0.289232 -0.999759 -0.0218566 -0.00217823 0.0375238 -0.99437 -0.099099 0.0334119 -0.994616 -0.0980981 0.033412 -0.994617 0.0980808 -0.99999 -0.00373031 -0.0025665 -0.998544 0.0362257 -0.0399832 -0.998296 -0.0583209 0.00169546 -0.996484 -0.0172844 -0.0819792 -0.991284 -0.123488 -0.0459042 -0.685688 -0.668347 -0.288347 -0.676306 -0.409212 -0.612499 0.0167865 -0.656645 -0.754013 0.00264606 -0.1978 -0.980239 0.00860681 0.00109754 -0.999962 0.00413843 -0.192249 -0.981337 0.0152803 -0.23223 -0.972541 -0.00231466 -0.011372 -0.999933 -0.00397984 -0.0157387 -0.999868 0.316662 -0.0254446 -0.948197 0.69859 -0.00586494 -0.715498 0.0214207 -0.627772 -0.778103 0.0299852 -0.868986 -0.493927 0.104336 -0.760095 -0.641381 0.0208972 -0.900493 -0.434369 0 -0.927784 -0.373118 0 0 0 0.0308487 -0.885924 -0.462804 -0.0685999 -0.638147 -0.766852 0.033616 -0.943381 -0.330004 0.0169215 -0.942534 -0.333683 0.0331017 -0.945568 -0.323737 -0.000511036 -0.0442907 0.999019 0 0 0 0 0 0 0.00357073 -0.999988 0.00324706 0 -0.9991 0.0424075 -0.342956 -0.837461 -0.425488 -0.00652766 -0.874924 -0.484216 0.024173 -0.974295 -0.223974 -0.745077 -0.581306 -0.327024 -0.622087 -0.663723 -0.415307 -0.0187097 -0.850272 -0.526011 -0.00567042 -0.869426 -0.494031 -0.0177325 -0.876405 -0.481249 -0.0137708 -0.847123 -0.531219 0.0170735 -0.881197 -0.47244 -0.0560151 -0.893718 -0.445118 -0.115975 -0.700453 -0.704212 -0.181145 -0.816131 -0.548742 -0.119166 -0.852884 -0.508319 -0.0879691 -0.907064 -0.411698 0.042959 -0.732916 -0.678962 -0.0531055 -0.921304 -0.385199 0.00915748 -0.838762 -0.544421 -0.0601088 -0.915443 -0.397935 0.00577597 -0.871636 -0.49012 0.0542501 -0.906437 -0.418842 0.0233141 -0.890694 -0.454006 0.0591819 -0.929036 -0.365225 0.629869 -0.764982 0.134418 0.656657 -0.743395 0.127142 0.872493 -0.450239 0.189845 0.86875 -0.449803 0.207245 0.758925 -0.0667745 0.647745 0.819932 0.0603047 0.569275 0.920528 -0.0173868 0.39029 0.828595 0.175016 0.53179 0.80619 0.09067 0.584668 0.543698 0.26235 0.797223 0 0 0 0 0 0 0.935023 -0.242991 -0.258237 0.891433 0.00879486 0.453068 0.809549 0.102445 0.578044 0.837117 0.374865 0.398386 0 0 0 0.809977 0.0909509 0.579367 0.891162 0.00465813 0.453662 0.892477 0.00787771 0.451025 0.902667 -0.225059 0.366798 0.891258 -0.142393 0.430561 0.760205 -0.465893 0.452804 0.79333 -0.523298 0.311106 0.828263 -0.27897 0.485959 0.780684 -0.040871 0.623588 0.722191 -0.530008 0.444445 0.696116 -0.309205 0.647932 0.696512 -0.409751 0.589045 0.472271 -0.82743 0.303842 0.314718 -0.884508 0.34438 0.218946 -0.97228 0.0820687 -0.00446373 -0.98448 -0.175442 -0.00189613 -0.984429 -0.175771 -0.0555673 -0.944283 -0.324411 -0.137235 -0.950555 -0.278589 -0.0533287 -0.948101 -0.313466 -0.15224 -0.924231 -0.350172 -0.27922 -0.814261 -0.508936 -0.345979 -0.81452 -0.465678 -0.293069 -0.753818 -0.588106 -0.301921 -0.828187 -0.472176 -0.137103 -0.951186 -0.276493 -0.160207 -0.955516 -0.247633 -0.0521804 -0.983055 -0.175726 -0.154285 -0.962313 -0.223941 0.00561972 -0.974234 -0.22547 -0.161699 -0.963337 -0.214092 -0.12413 -0.975152 -0.183493 -0.0702924 -0.99395 -0.0844001 -0.0632894 -0.996557 -0.0535671 -0.019096 -0.996393 -0.0826828 0.023785 -0.99831 -0.0530235 0.0161752 -0.999101 -0.0391861 0.0191659 -0.99042 -0.136751 0.0107769 -0.989267 -0.14572 0.00220406 -0.990562 -0.137046 -0.184471 -0.852593 -0.488933 -0.177394 -0.814718 -0.552057 -0.334392 -0.471043 -0.816272 -0.219548 -0.5067 -0.833699 -0.266376 -0.805973 -0.528632 -0.335021 -0.47631 -0.812951 -0.450252 -0.460642 -0.764907 -0.429618 -0.0901391 -0.898501 -0.448512 -0.09009 -0.889225 -0.417235 -0.083325 -0.904971 -0.206907 -0.0660526 -0.976128 -0.165052 -0.0472977 -0.98515 -0.305162 -0.0669125 -0.949947 -0.0605453 -0.0468256 -0.997067 -0.0608401 0.0286557 -0.997736 -0.0476386 0.0485294 -0.997685 -0.0636107 0.0719914 -0.995375 -0.0660893 0.103506 -0.992431 -0.0562995 0.255115 -0.96527 0.0133758 0.56459 -0.825263 -0.0531942 0.554716 -0.830338 -0.0738024 0.475857 -0.876421 -0.0153108 0.625505 -0.78007 0.199703 0.720918 -0.663623 0.32999 0.550278 -0.767008 0.273385 0.553042 -0.787023 0.0076396 0.326641 -0.945118 0.0114696 0.3555 -0.934606 0.172739 0.269767 -0.947305 0.0137352 0.0633734 -0.997895 0.515262 0.0486804 -0.855649 0.657796 0.0549554 -0.751189 0.522743 0.349214 -0.777682 0.639739 0.25934 -0.723517 0.865095 0.025007 -0.500985 0.977573 0.0195669 -0.209688 0.857807 0.0181097 -0.513653 0.550153 0.0311217 -0.834484 0.281874 0.0158503 -0.959321 0.00177183 0.0291368 -0.999574 -0.00588814 -0.0620703 -0.998054 -0.0183775 -0.0804399 -0.99659 -0.0183856 -0.0800086 -0.996625 0.216735 -0.0821742 -0.972766 -0.0201428 -0.0788896 -0.99668 0.679008 -0.0427093 -0.732887 0.543489 -0.0680022 -0.836657 0.889445 -0.0185439 -0.456665 0.86201 -0.0326857 -0.505837 0.0853428 -0.996276 -0.0123067 0.998181 -0.0053722 -0.0600506 -0.00174547 -0.999692 0.0247569 0.997165 -0.00383736 -0.0751488 0.997428 0.000573952 -0.0716726 0.99964 0.00248081 -0.0266987 0.999973 0.000685617 -0.00737869 0.978711 -0.0186107 -0.204396 0.974394 -0.000339977 0.224849 0.706984 0 0.707229 0.965908 0 0.258887 4.19627e-06 0.692923 0.721012 -5.3529e-06 0.960526 0.278191 0.00251622 0.00219849 0.999994 0.138719 0.0018213 0.99033 0.141225 0.00166378 0.989976 0.340624 0.00069873 0.940199 0.243417 0.03321 0.969353 0.236637 0.0865943 0.967731 0.489199 0.1569 0.857944 0.406961 0.232919 0.88325 0.415702 0.0971994 0.904292 0.385466 0.135662 0.912695 -2.59244e-05 -1 -7.96717e-06 0.390915 0.302678 0.869236 0.457746 0.117784 0.881246 0.45461 0.24866 0.855277 0.40218 0.649522 0.645269 0.240572 0.907632 0.34399 0.326382 0.82122 0.468052 0.487442 0.580039 0.652653 0.00666203 0.999976 0.00189661 0.102752 0.986693 0.126011 0.493279 0.640875 0.58818 0.661147 0.0932033 0.744444 0.641764 0.215962 0.735867 0.486188 0.726069 0.486255 0.435979 0.802931 0.406477 0.666355 0.473539 0.575962 0.688585 0.440624 0.575935 0.05993 -0.996847 0.0519995 0.000132417 -1 0.000117457 -0.0082778 -0.999946 -0.00622157 0.750989 0.2575 0.608038 0.826773 0.0938539 0.554651 0.713172 0.250676 0.654635 0.826903 0.093842 0.55446 0.793924 0.121224 0.59581 0.792037 0.285955 0.539358 0.772339 0.366221 0.519013 0.821323 0.294166 0.488769 0.0245351 -0.999589 0.0148405 0.87224 0.154056 0.464181 0.788215 0.433157 0.437141 0.634383 0.695809 0.33676 0.757586 0.557932 0.338785 0.929529 -0.0872764 0.358272 0.392001 0.410271 0.823416 0.383356 0.82277 0.419628 0.27636 0.757479 0.591481 0.0773984 0.893882 0.441571 0.698841 0.6581 0.280224 0.771137 0.541414 0.334991 0.763784 0.578932 0.285432 0.236619 0.967305 0.0912783 0.0787457 0.996005 0.0421115 -0.00185753 0.999986 0.00504943 0.0113882 0.983815 0.178827 0.0323768 0.758879 0.650426 0.0325811 0.778502 0.626795 0.0497337 0.333615 0.941397 0.0496152 0.318063 0.94677 0.0517268 0.703411 0.708899 0.0514282 0.32494 0.944335 0.0474722 0.718231 0.694184 0.367725 0.908427 0.198843 0.577452 0.733865 0.35776 0.341509 0.648388 0.680415 0.495031 0.235309 0.836405 0.523619 0.191641 0.830119 0.860681 -0.00295924 0.509136 0.849765 0.0068301 0.527118 0.850433 -0.00605035 0.526049 0.881305 0.0105827 0.472429 0.864152 -0.0517908 0.500559 0.865225 -0.0331707 0.500284 -0.202953 -0.942381 -0.265948 0.426106 -0.896471 0.121545 0.860938 -0.0432018 0.506873 -0.241399 0.970426 0 0.85926 0.511538 0 0.854833 -0.0565185 0.515816 0 0 0 0.305071 -0.951353 0.0431168 0.836469 -0.0941263 0.539871 0 0 0 0 0 0 0.854477 -0.0574122 0.516306 0.778059 0.0360315 0.627157 0.782623 0.0281438 0.62186 0.852391 -0.0211699 0.522477 0.302135 -0.943928 0.133096 0.820409 -0.165751 0.547226 0.510914 0.757349 0.406681 0.731039 0.423274 0.535183 0.011098 0.999934 0.00285998 -0.0130676 0.999911 0.00252016 0.153974 0.976225 0.152565 0.649577 0.241027 0.72108 0.493339 0.712352 0.499171 0.705406 -0.00234463 0.7088 0.584477 0.446889 0.677257 0.625728 0.0500693 0.778433 0.551468 0.267186 0.79025 0.583916 0.00761753 0.811778 0.677941 -0.030399 0.734488 0.633068 -0.465383 0.618582 0.57801 0.0159792 0.815873 0.41978 -0.456495 0.784472 0.424754 -0.360111 0.830604 0.358248 -0.0159697 0.93349 0.314797 0.0232535 0.948874 0.257053 -0.00878136 0.966357 0.206604 0.0208892 0.978202 0.189615 -0.461505 0.866637 0.147922 -0.840832 0.520692 0.146408 -0.849156 0.507444 0.267833 -0.248677 0.93082 0.0690134 -0.851606 0.519619 0.0716053 -0.844147 0.531309 0.0946386 -0.311054 0.945669 0.0992884 -0.357426 0.928649 0.0892205 -0.492963 0.865464 0.0865114 0.0463883 0.99517 -0.0213535 0.0107473 0.999714 -0.0238479 0.0901515 0.995642 0.0288049 0.00140611 0.999584 -0.0453488 -0.00703164 0.998946 -0.129068 0.0249333 0.991322 -0.0492417 -0.468484 0.882098 0.271493 -0.812384 0.516065 0.394658 -0.83172 0.390497 0.494655 -0.869089 6.94163e-05 0.899668 -0.405428 0.161943 0.770795 0.637081 -0.00183001 0.650698 0.759326 0.00419118 0.956136 0.0935074 0.277598 0.983325 0.0094504 0.181611 0.999837 0.0177474 0.00333839 0.664708 0.73748 0.119528 0.0821243 0.991979 0.0960883 0.0801917 0.992522 0.0920333 0.00429082 0.999899 0.0135262 -0.10087 0.700481 0.706507 -0.0983983 0.620066 0.778355 -0.0423433 0.960747 0.274176 -0.0432711 0.721724 0.690827 0.000991855 0.999999 0.000684339 0.00012332 0.700463 0.713689 2.09628e-05 0.959861 0.280475 -0.000635817 0.999999 0.00100843 1.51051e-06 1 3.99207e-05 0.000117967 1 0.00031064 -0.00258971 0.999915 0.0127484 0.17393 0.540568 0.823125 0.164105 0.767255 0.619992 0.265525 0.664122 0.698884 0.226385 0.748352 0.623474 0.00178805 0.999997 0.00137015 0.000745987 0.999995 0.00305335 0.32308 0.710389 0.625273 0.00628946 0.999979 -0.00122906 0.249603 0.901131 0.354487 0.446478 0.66079 0.603336 0.350436 0.658096 0.666412 0.464601 0.0143223 0.885404 0.0902398 0.795688 0.598947 0.149551 -0.00617182 0.988735 0.00466111 0.661435 0.749988 0.0325648 0.221159 0.974694 0.00931693 0.961833 0.27348 -7.37093e-06 1 1.24136e-05 -0.000133832 0.254809 0.966991 0.250896 0.246696 0.936051 0.286586 0.21002 0.934751 0.335 0.870403 0.360797 0.463358 0.619058 0.634088 0.670391 0.317562 0.670619 0.996022 0.0600887 -0.0658002 0.999857 0.0166316 0.00315509 0.948646 -0.31631 -0.00425589 0.929676 0.0768272 -0.360277 0.367879 -0.841409 -0.395849 0.391874 -0.816457 -0.424068 0.0186267 -0.348389 -0.937165 0.421848 -0.266317 -0.866671 -0.0151103 -0.0770844 -0.99691 -0.0964981 -0.0861701 -0.991596 -0.217382 -0.497623 -0.839712 -0.0183073 -0.388716 -0.921176 -0.0105919 -0.390777 -0.920425 -0.00497103 -0.325673 -0.945469 0.0191904 -0.344494 -0.938592 0.00759399 -0.574938 -0.818162 0.0495834 -0.573731 -0.817541 0.0447706 -0.609546 -0.791485 0.436062 -0.874896 -0.210728 0.499257 -0.866453 -0.00133639 0.475413 -0.879761 0.00198461 0.5066 -0.862027 -0.0163252 0.0582494 -0.990697 -0.122987 0.0578945 -0.894221 -0.443865 0.0882564 -0.984053 -0.154438 0.0827413 -0.995676 -0.0422232 0.1262 -0.991881 0.01565 0.0462306 -0.834909 0.548443 0.0464761 -0.853945 0.518283 0.0541698 -0.907111 -0.417392 0.00795758 -0.836476 -0.547946 -0.0306192 -0.817102 -0.575679 0.0046199 -0.846861 -0.531795 -0.0373311 -0.509679 -0.859554 -0.0255973 -0.0502625 -0.998408 0.711427 -0.195575 -0.674997 0.565697 -0.264359 -0.78109 0.959963 -0.0920968 -0.264555 0.989223 0.0262835 0.144041 0.955432 -0.0897492 -0.281239 0.989188 0.05127 0.137397 0.706975 -1.23337e-07 0.707238 0.258903 -1.43798e-07 0.965903 0.696348 -0.717692 0.00420724 0.548204 0.710211 0.441671 0.199175 0.979959 -0.0031493 0.361064 0.883884 0.297292 0.0444383 -0.024514 0.998711 0.287808 0.019875 0.957482 0.300511 0.0312262 0.953267 0.479903 -0.653775 0.585039 0.741499 -0.592167 0.315465 0.672921 -0.697854 0.24531 0.0295008 -0.476611 0.878619 0.758957 0.0186318 0.650874 0.706668 0.0647357 0.704578 0.121449 0.719749 0.683528 -0.141476 0.0103723 0.989887 -0.0534156 -0.310381 0.94911 0.0260054 -0.513937 0.857434 -0.0191314 -0.994464 -0.103318 0.00714705 -0.993409 -0.114401 0.259556 -0.851737 0.455164 0.281131 -0.501934 0.817941 0.259847 -0.851439 0.455557 0.458123 0.00213125 0.888887 0.57096 -0.346325 0.744355 0.374843 -0.832155 0.408669 0.546328 -0.42693 0.720595 -0.146404 -0.957265 -0.249419 0.831539 0.0342782 0.554408 0.439475 0.208773 0.873657 0.549226 0.435596 0.713167 0.65956 0.371141 0.653632 0.634685 0.240412 0.734423 0.233202 0.206815 0.950181 0.107452 0.724662 0.680676 0.055831 0.909715 0.411462 0.405546 0.302954 0.86241 0.373587 0.778844 0.503821 0.792639 0.593488 0.139628 0.739064 -0.0219172 0.673278 0.621855 0.0121921 0.783038 0.821213 0.0075274 0.570572 0.672843 -0.711655 0.202065 0.479543 -0.849388 0.220404 0.457677 -0.596757 0.6591 0.312029 -0.83951 0.444815 0.300588 -0.937318 0.176301 -0.024181 -0.890305 -0.454723 0.273898 -0.659858 0.699691 0.241937 -0.892543 0.38057 0.196929 -0.960894 0.194685 0.286353 -0.317904 0.903847 0.27427 -0.247837 0.929168 0.27099 -0.60854 0.745817 0.27486 -0.247742 0.929019 0.230691 0.00136346 0.973026 0.246812 -0.0204743 0.968847 0.333904 -0.0181702 0.942432 0.324969 -0.0149137 0.945607 0.244222 0.000762407 0.969719 0.620155 -0.338031 0.707914 0.744056 -0.255252 0.617436 0.931376 -0.312157 0.187342 0.660296 -0.750868 -0.0143224 0.685409 -0.726965 -0.0416746 0.566474 -0.806197 -0.170741 0.36459 -0.864143 0.346888 0.122427 -0.991685 -0.0396511 0.403659 -0.901994 -0.153191 0.681918 -0.0920127 0.725618 0.23907 -0.0128094 0.970918 0.103081 -0.969282 -0.22331 0.0364692 -0.954613 -0.295607 0.103802 -0.889573 -0.444842 0.720743 -0.471006 -0.508609 0.663436 -0.734746 -0.141421 0.753494 -0.640994 -0.146196 0.810507 -0.445711 -0.380026 0.995793 -0.0233047 0.0886217 0.999734 0.000326339 0.0230625 0.999886 -0.01218 0.0089522 0.85984 -0.509599 0.0313611 0.646622 -0.593173 -0.47961 0.539133 -0.67391 -0.505155 0.40725 -0.912458 -0.0395943 0.153285 -0.672915 -0.723664 0.781189 -0.0218117 -0.623913 0.995328 0.00458374 0.0964447 0.923188 0.0134337 0.384115 0.974806 -0.0462975 0.218195 0.998622 -0.00539526 0.0522076 0.806741 -0.101912 -0.582051 0.687942 -0.682738 0.246179 0.659591 0.741917 0.120411 0.200363 0.329575 0.922624 0.0881361 0.938913 0.332677 0.22286 0.964399 0.142365 0.0501012 0.964924 0.257705 0.0574829 0.703553 0.708314 0.0628928 0.813319 0.578408 -0.014286 0.592213 0.805655 0.729816 0.459486 0.506203 0.742655 0.500562 0.444861 0.722876 0.662117 0.197612 0.0538699 0.990314 0.127967 -0.00774103 0.916756 0.399374 0.0606778 0.264948 0.962352 -0.147075 0.42302 0.894104 0.0552498 0.259432 0.96418 0.0542742 -0.132646 0.989676 0.593851 -0.0619948 0.802183 0.693949 -0.0879543 0.714632 -0.937415 -0.0105473 -0.348053 0.560901 -0.331498 0.758617 0.0586198 -0.15083 0.98682 0.0537142 -0.426556 0.902865 0.081921 -0.262589 0.961424 0.0228077 -0.465115 0.884956 0.078535 -0.463797 0.882454 0.0726094 -0.601814 0.795329 0.0613567 -0.769724 0.635421 0.787403 -0.283517 0.547371 0.758586 -0.0347128 0.650648 0.140715 -0.260836 0.955073 0.0684898 0.11218 0.991325 0.042335 -0.13047 0.990548 0.174234 0.655477 0.734842 0.112272 0.657016 0.74547 0.159894 0.151092 0.975503 0.432873 0.868669 0.240905 0.529218 0.766023 0.364879 0.457795 0.826258 0.328209 0.0106498 0.999942 0.00136858 -0.00491196 0.999955 0.00815356 0.909641 -0.0410477 0.413363 0.906999 0.0683814 0.415545 0.882406 -0.0234701 0.469903 0.840153 0.15564 0.519537 0.906917 -0.01831 0.420912 0.663058 -0.0584476 0.746283 0.655932 0.146085 0.740549 0.893466 -0.0586706 0.445283 0.659783 -0.412452 0.628147 0.631024 -0.380771 0.675886 0.893711 -0.114102 0.433891 0.678145 -0.0368633 0.734003 0.89764 -0.065792 0.435792 0.80014 -0.0184614 0.59953 0.216907 -0.937943 -0.270581 0.15864 -0.969081 -0.188986 0.397579 -0.759928 -0.514238 0.43848 -0.711443 -0.549167 0.829448 -0.552937 -0.0792228 0.826796 -0.548934 -0.122798 0.642745 -0.746353 0.172731 0.503817 -0.859871 -0.0824052 0.89185 -0.451504 -0.0273444 0.815488 -0.103245 0.569492 0.827563 0.00409028 0.561358 0.826552 0.00307641 0.562852 0.744743 -0.0396811 0.666171 0.752644 -0.0234993 0.658008 0.616083 -0.0347022 0.786916 0.658782 0.00471498 0.752319 0.574909 0.000927022 0.818217 0.557834 0.51501 0.650836 0.537501 0.247448 0.80614 0.434915 0.706195 0.558694 0.356852 0.679512 0.641031 0.340205 0.70601 0.621136 0.445752 0.271157 0.8531 0.2238 0.682449 0.695828 0.224578 0.68102 0.696977 0.0950611 0.678712 0.728227 0.0866591 0.702881 0.706008 0.136887 -0.0251033 0.990269 0.203773 0.0186048 0.978841 0.237364 -0.597816 0.765685 0.126085 -0.791811 0.597611 0.0997682 -0.913433 0.394571 0.00339977 -0.999994 -0.000399846 0.110849 -0.667922 0.735929 0.130855 -0.299186 0.94518 0.0549461 -0.705981 0.706096 0.0771314 0.0229532 0.996757 -0.0299311 -0.00774854 0.999522 -0.0397711 -0.0319161 0.998699 -0.061498 -0.00389993 0.9981 -0.0749213 0.336187 0.938811 -0.125857 -0.00160025 0.992047 0.15903 0.382318 0.910243 0.407034 0.513643 0.755311 0.38095 0.597892 0.705268 0.368795 0.57 0.734228 -0.0144206 0.988485 0.150632 -0.00746063 0.965688 0.259597 0.279376 0.819039 -0.501122 0.615838 0.787845 -0.00660666 0.619248 0.785174 -0.00578802 0.609379 0.792872 -0.00343838 0.949359 0.290786 -0.118997 0.943145 0.191368 -0.271765 0.964788 0.263027 -0.00115668 0.99931 -0.0371441 0.000616767 0.996321 -0.0819406 -0.025104 0.999557 -0.029758 -0.000368531 0.663889 -0.656119 0.358831 0.208352 -0.965934 0.153495 0.432822 -0.687834 0.582709 0.675752 -0.737126 0.00228996 0.698441 -0.715668 0.000551119 0.955736 -0.0698937 0.285803 0.96937 -0.0254854 0.24428 0.291395 -0.0404023 0.955749 -0.138218 0.0185795 0.990228 -0.0976777 -0.709924 0.697472 0.12273 -0.721918 0.681008 0.0700528 -0.994726 0.0749234 -0.00195159 -0.999998 0.000866378 0.087726 -0.992647 0.0834094 0.00331848 -0.999992 0.0022857 -0.0874701 -0.645746 0.758525 -0.093335 -0.565493 0.819455 0.0005413 -1 -0.000762063 0.000319976 -0.958038 0.28664 -0.000321076 -0.686482 0.727147 0.000669369 -0.258825 0.965924 0.317356 -0.000591549 0.948306 -0.00172324 -0.00150635 0.999997 0.196809 -0.190607 0.961736 0.667803 -0.328288 0.668031 0.958924 -0.120028 0.257016 0.999982 -0.00378685 -0.00459016 0.993592 0.0381489 0.106396 -0.00223463 -0.999992 0.00318744 0 -0.707242 0.706972 0 -0.965909 0.258883 0.155337 -0.255694 0.954196 0.160677 -9.20848e-07 0.987007 0.21885 -1.02319e-06 0.975759 0.449251 -0.449971 0.771816 0.379592 -0.413369 0.827669 0.461257 -0.432363 0.774793 0.00165685 -0.999997 0.00186298 -0.00261576 -0.999996 0.000627796 0.00204649 -0.999996 0.00174988 0.519713 -0.641844 0.563857 0.426665 -0.760933 0.488813 0.0150372 -0.999838 0.00993303 -7.83906e-05 -0.999994 0.00343252 0.322675 -0.738621 0.591879 0.34209 -0.684268 0.644013 0.460843 -0.0750814 0.8843 0.278938 -0.643 0.713264 0.141587 -0.940186 0.309843 0.27079 -0.0581471 0.960881 0.388089 0.0071535 0.921594 0.477253 -0.0258504 0.878386 0.434963 -0.652649 0.620368 0.417057 -0.692958 0.588109 -0.00411583 -0.999988 0.00246552 0.00683101 -0.999922 -0.0104851 0.579165 -0.652757 0.488341 0.464105 -0.781282 0.417379 0.347528 -0.516859 0.782356 0.0110347 -0.999938 -0.00131392 0.0166612 -0.965775 0.258847 0.110389 -0.702919 0.702651 0.182199 -0.515196 0.837483 0.352421 -0.0420891 0.934895 0.204735 -0.0418504 0.977922 0.160763 -2.42195e-05 0.986993 0.166532 -3.76733e-05 0.986036 0.00919389 -0.985964 0.166703 0.0442883 -0.420879 0.906035 -0.0258621 -0.781445 0.623438 0.705216 -0.0493798 0.70727 0.304832 -0.0336871 0.95181 0.727218 -0.0288771 0.685799 0.959924 0.217271 0.17703 0.769426 0.430685 0.471693 0.788562 0.51785 0.331665 0.953436 0.301583 0.0025723 0.676632 -0.727068 0.116361 0.465709 0.66204 -0.587212 0.594482 0.755361 -0.275719 0.621413 0.781989 0.0483662 0.536525 0.773871 0.336549 0.00468512 0.999988 0.00146281 -0.0134592 0.999826 -0.0129496 0.00249628 0.999968 0.00761748 0.00382737 0.878628 -0.477492 -0.0104875 0.815999 -0.577958 4.64699e-05 1 0.00027878 -0.0742409 0.801748 -0.593034 -0.0021242 0.999984 0.00518266 0.0264943 0.999123 0.0324242 0.180606 0.920012 0.347791 0.163734 0.947174 0.275777 0.365079 0.876867 0.312765 0.443985 0.862421 0.243118 0.55044 0.526018 0.648322 0.841266 0.181043 0.509406 0.725629 0.236244 0.646259 0.534249 0.708467 0.461143 0.583323 0.619901 0.524841 0.526683 0.706818 0.472243 0.802351 0.525324 0.283316 0.929185 0.0443611 0.366943 0.897811 0.0165294 0.440071 0.827035 0.124148 0.548271 0.714364 0.323471 0.620524 0.998884 0.0408811 0.0236335 0.981346 0.130041 -0.141595 0.0840138 0.996464 0.00073508 0.0760016 0.997108 -0.000101296 0.00455494 0.999888 0.01423 -0.00129796 0.999962 -0.00863847 -0.188686 0.979784 0.0664921 -0.083418 0.996176 0.0259604 -0.00402116 0.999979 0.00514941 0.0253062 0.999671 0.00410353 -0.00749937 0.999962 0.00442309 -0.000193801 0.999804 -0.0197883 0.00108013 0.999998 0.00166706 0.00395506 0.999971 0.00654506 0.00359961 0.999994 -0.000117028 0.00698338 0.999931 0.00946283 0.0020874 0.999976 -0.00656494 0.752545 0.599689 0.27212 0.93293 0.0138669 0.35979 0.888545 0.0174929 0.458456 0.889091 0.0168414 0.45742 0.912845 0.00399043 0.408287 0.933445 0.0146439 0.358422 0.988172 0.0177795 0.152317 0.989371 -0.000413231 -0.145414 0.979455 0.0316418 0.199164 0.646267 0.759905 -0.0698824 0.023977 0.999464 -0.0222796 0.442442 0.870411 -0.215941 0.893493 0.00690734 -0.449024 0.760687 0.0261901 -0.64859 0.640349 -0.584108 -0.49877 0.755156 0.653928 0.0460151 0.726821 0.677042 0.115524 0.350313 0.826476 -0.440702 -0.00907331 0.999946 -0.00513874 0.0401057 0.999141 -0.0103945 0.715598 0.689514 0.11176 0.804551 0.00877293 -0.593818 0.953614 0.0276709 -0.299756 0.616274 0.490906 -0.615806 0.421305 0.296061 -0.857234 0.159702 0.762812 -0.626588 0.141549 0.601861 -0.785956 0.981445 0.0637341 0.18084 0.95126 0.178146 0.25173 0.49825 0.852017 0.160666 0.00386207 0.997795 0.0662559 0.216309 0.882151 0.418354 0.00237139 0.999989 0.00398761 0.00571931 0.999961 0.00675193 -0.167675 0.956011 0.240683 -0.0390871 0.990744 0.129998 -0.742295 0.608284 0.281049 -0.0229012 0.999702 -0.00848284 -0.0244791 0.999621 -0.0126237 -0.0130925 0.999905 -0.00433341 0.476428 0.611375 0.631851 0.4516 0.731447 0.510923 -0.234084 0.417674 0.877926 0.183937 0.321828 0.928759 -0.283009 0.00333312 0.959111 -0.267169 0.355311 0.895753 -0.265747 1.407e-05 0.964043 0.0669284 3.32301e-05 0.997758 0.0703284 -5.85204e-07 0.997524 0.260207 -5.68105e-07 0.965553 0.287741 0.00666215 0.957685 0.288678 0.006164 0.957406 0.728304 0.00992768 0.685182 0.711577 0.0131322 0.702486 0.25121 -0.00546224 0.967917 0.279365 0.219208 0.934828 -0.291318 0.396081 0.870778 -0.684728 0.00421328 0.728787 -0.700968 0.00210045 0.713189 -0.691845 0.162335 0.703561 -0.525904 0.767117 0.367364 -0.241494 0.724372 0.645729 -0.000151816 0.962227 0.27225 -0.249126 0.962601 -0.10647 -0.650005 0.689314 -0.319907 -0.700718 0.629426 -0.335882 -0.898005 -0.00129847 -0.439984 -0.989115 0.0143704 -0.146442 -0.69763 0.698555 0.159166 -0.96705 0.00527154 0.254532 -0.924209 0.0156151 0.381568 -0.679766 0.000382812 0.733429 -0.51533 0.714111 0.473794 -0.162024 0.517312 0.840319 -0.325652 0.329105 0.886364 0.353811 0.325865 0.876715 0.497457 0.237768 0.834268 0.896079 -0.0119132 0.443734 0.849348 -0.108958 0.516465 0.890815 0.0544362 0.451093 0.877025 0.0299483 0.47951 0.508867 0.814099 0.279815 -0.000986385 0.999998 -0.0015844 5.33519e-05 1 0.00066882 -0.630037 0.689898 -0.356504 -0.552145 0.776756 -0.302963 -0.904981 -0.0152473 -0.425178 -0.698943 0.636855 -0.325415 -0.532733 0.814024 -0.231431 -0.0343001 0.999065 0.0263343 -0.0124237 0.999916 0.0036937 -0.0144049 0.999896 -0.000791366 -0.184454 0.584731 0.789979 -0.338115 0.0149319 0.940986 0.385652 0.182035 0.904509 0.910997 0.0147678 0.412148 0.717829 0.594981 0.36155 0.5943 0.758544 0.267242 0.472255 0.851367 0.228364 0.395523 -0.000160828 0.918456 0.419947 0.00138103 0.907547 -0.182832 9.34904e-05 0.983144 0.822663 -0.000334282 0.56853 -0.874114 0.0106804 -0.485604 -0.945549 0.000847226 -0.32548 -0.96945 0.0117852 0.245007 -0.98332 0.00561261 0.181799 -0.865349 0.376323 0.330987 -0.818138 0.507784 0.269824 -0.734901 0.664706 -0.134482 0.0786404 0.995591 -0.0511366 0.791298 0.307402 0.528537 0.836625 0.0205055 0.547393 0.982887 -0.00284172 0.18419 0.984337 0.00774575 0.176125 0.992847 -0.0710691 -0.0959382 0.996749 0.0342116 -0.0729433 0.990893 -0.00877593 -0.134368 0.989612 -0.0108374 -0.143354 0.994123 -0.0835586 -0.0688253 0.933394 -0.170984 0.3155 0.986456 0.0220423 0.162539 0.909384 -0.0531685 0.412545 0.926365 0.0666665 0.370679 0.705248 -0.640587 0.303766 0.14407 -0.985746 0.0868873 0.179113 -0.970967 -0.15856 0.272933 -0.950661 0.147481 0.268617 -0.952722 0.142006 0.252516 -0.963965 0.0837157 0.265073 -0.961103 0.0775716 0.765484 -0.607137 0.213117 0.720676 -0.665728 0.193475 0.940651 -0.0557587 0.334763 0.752656 0.568896 0.33146 0.0340139 0.999402 0.00616489 0.254703 0.957663 0.134193 -0.0128701 0.999898 -0.00611851 0.0849522 0.996383 -0.00182241 0.660111 0.689584 0.297872 0.705303 0.692554 0.151381 0.244645 0.961658 0.123947 0.640457 0.669458 0.376351 0.666241 0.619355 0.415358 0.626306 0.72088 0.296771 0.668897 0.667665 0.326804 0.877019 0.251106 0.409614 0.92786 -0.350079 0.128534 0.863551 0.00148598 0.50426 0.141815 0.704527 0.695363 0.86158 0.231627 0.451695 0.531564 0.813033 0.237522 0.59305 0.749227 0.294875 0.565586 0.779546 0.269112 0.682955 0.677435 0.273229 0.704044 0.68929 0.170885 0.818549 0.562749 0.115289 0.141904 0.989458 -0.0289159 0.662779 0.735123 -0.142546 0.390432 0.908561 -0.148594 0.45928 0.802826 -0.380174 0.00934825 0.999872 0.0129548 0.359682 -0.933044 0.0075661 0.00906339 0.99994 0.00620536 0.0770277 0.970776 -0.227288 0.0819247 0.951861 -0.295381 0.991808 -0.0734499 -0.104508 0.89631 -0.0747084 -0.43709 0.948023 0.0620549 -0.312092 0.681651 -0.0111592 -0.731592 0.00723306 0.999974 -0.000207176 0.000623805 0.999926 0.0121422 -0.000138605 1 0.000970304 -0.0702343 0.997523 0.00395046 -0.419259 0.905281 -0.068469 -0.0472019 0.998874 0.00473419 -0.481202 0.871957 -0.0902031 -0.953988 0.240636 0.178886 -0.955204 0.224718 0.192581 -0.986446 0.0304507 0.161233 -0.712409 0.688498 0.135807 -0.959768 0.248776 0.130215 -0.916058 0.394775 0.0706469 -0.969988 0.231362 0.0747934 -0.000869237 1 -0.000128453 -0.000316979 1 0.000423164 -0.768111 0.635569 0.0778291 -0.669001 0.73964 0.0732825 -0.930292 0.363551 0.0488689 -0.987075 -0.117117 0.109391 -0.637063 0.764725 0.0966829 -0.666892 0.737559 0.106126 -0.678412 0.733817 0.0356376 -0.909179 0.390463 0.144682 -0.958628 0.253254 0.12998 -0.818857 0.561299 0.120067 -0.711989 0.700122 -0.0538549 -0.65268 0.755459 -0.0573572 -0.999458 -0.00678465 0.0321992 -0.919645 -0.386541 -0.0695625 -0.98724 -0.157311 -0.0247058 -0.656503 0.707198 -0.26244 -0.612647 0.749582 -0.250581 -0.905797 0.23838 -0.350294 -0.909388 0.155192 -0.385912 -0.736642 0.589435 -0.33155 -0.882613 0.239661 -0.404422 -0.282867 0.945513 -0.161221 -0.243144 0.960474 -0.135536 -0.498034 0.794127 -0.348317 -0.218737 0.869941 -0.441993 -0.0205643 0.995615 -0.0912595 -0.0476994 0.843381 -0.535194 0.273589 0.254655 -0.927523 0.521701 0.21611 -0.825303 0.475783 0.0712933 -0.876669 0.280353 0.809046 -0.516573 0.477432 0.639326 -0.60276 0.560296 0.405992 -0.721968 0.607793 0.221402 -0.762607 0.483356 0.430652 -0.762172 0.486524 0.604377 -0.63089 0.437862 0.701534 -0.562251 0.552627 0.680388 -0.481327 0.681792 0.30945 -0.662872 0.803803 0.0904022 -0.587987 0.872887 0.485918 -0.0441809 0.32549 0.837086 -0.439708 0.590204 0.784533 -0.190177 0.759713 0.375894 -0.530604 0.00987729 0.99995 -0.00132505 0.145744 0.98198 0.120311 0.407075 0.880259 0.243791 0.00672538 0.999834 -0.0169285 0.00205438 0.999989 0.00413941 -0.00544665 0.99997 0.00559466 0.268722 0.942433 -0.199019 0.227829 0.95578 -0.185954 -0.218671 0.773328 -0.595102 0.00578885 0.999965 0.00595848 -0.218729 0.772866 -0.595681 -0.000785194 0.999999 0.000700768 0.282172 0.959333 -0.00774732 0.262563 0.964853 -0.010925 -0.149125 0.746027 -0.649003 0.00247278 0.999995 0.00185814 -0.217893 0.655423 -0.723148 -0.127113 0.82382 -0.552416 -0.111066 0.657939 -0.744836 -0.11455 0.41991 -0.900307 -0.112788 0.422583 -0.899279 -0.127707 0.439265 -0.889234 -0.154337 0.182719 -0.970976 -0.111376 0.141273 -0.983686 0.0632414 -0.965533 -0.252483 -0.138684 -0.0501045 -0.989069 0 0 0 -0.0425148 -0.998171 -0.0429855 -0.0202497 0.887056 0.461218 0 0 0 0 0 0 0 0 0 0 0 0 -0.176288 0.118323 -0.977201 -0.187387 0.170342 -0.967404 -0.172392 0.108286 -0.979058 -0.185323 0.10926 -0.976585 -0.189216 0.110416 -0.975708 -0.181845 0.11184 -0.976946 -0.175968 0.161121 -0.971121 0 0 0 0 0 0 0 0.0419564 -0.999119 0.183766 -0.0400355 0.982154 -0.174432 -0.0348741 -0.984052 -0.0768177 -0.54815 -0.832845 0.176573 -0.092989 0.979885 -0.20439 0.67959 -0.704543 -0.00995939 -0.762967 -0.646361 0 0 0 0 0 0 0 0 0 -0.131972 -0.589355 -0.797022 -0.211993 0.200287 -0.956527 -0.180152 -0.752616 -0.633336 -0.135608 0.119814 -0.983491 -0.180191 0.108248 -0.977657 -0.243847 0.173238 -0.954216 -0.319717 0.167272 -0.932631 -0.355201 0.203962 -0.912267 -0.326493 0.396217 -0.858146 -0.326967 0.40382 -0.854413 -0.406711 0.414614 -0.814053 -0.407884 0.394255 -0.823525 -0.408598 0.206343 -0.889084 -0.430719 0.280235 -0.857875 -0.456944 0.0977425 -0.884109 -0.482933 0.16124 -0.860684 -0.459049 0.10031 -0.88273 -0.481488 -0.0600872 -0.87439 -0.476476 -0.0558039 -0.877415 -0.456642 -0.0745378 -0.886523 -0.453932 -0.122799 -0.882534 -0.478301 -0.127829 -0.868843 -0.450584 -0.0676976 -0.890164 -0.482977 -0.346533 -0.804144 -0.479409 -0.126686 -0.8684 -0.470305 -0.289895 -0.833531 -0.496272 -0.332588 -0.801935 -0.5135 -0.226883 -0.827552 -0.370615 -0.288906 -0.882711 -0.314017 -0.55608 -0.769525 -0.431112 -0.338188 -0.836523 -1 1.22547e-05 -7.70911e-07 -1 -1.90581e-05 1.21796e-05 -0.300905 -0.771441 -0.560656 -0.394485 -0.574769 -0.716953 -0.328755 -0.783838 -0.5268 -0.227517 -0.590299 -0.774456 -0.42768 -0.712692 -0.556021 -0.438317 0.107299 -0.892393 -0.469598 0.275046 -0.838944 -0.473977 0.325949 -0.817987 -0.449783 0.433427 -0.780921 -0.309381 0.767664 -0.561227 -0.427115 0.48169 -0.765211 -0.108307 0.970849 -0.213824 -0.271031 0.805169 -0.52749 -0.100381 0.976285 -0.191812 -0.279395 0.772532 -0.570205 -0.112228 0.975497 -0.189235 -0.289637 0.832568 -0.472166 -0.264153 0.341202 -0.902111 -0.323022 0.0871519 -0.94237 -0.416993 0.0841514 -0.905006 -0.308771 0.0733135 -0.948307 -0.183165 0.0736748 -0.980318 -0.19538 -0.00700121 -0.980703 0 0 0 -0.210607 0.217983 -0.952958 0 0 0 0 0 0 0 0 0 -0.66967 0.186297 -0.718913 0.233734 -0.21847 0.947438 -0.2304 0.218279 -0.948299 -0.0580901 0.439673 -0.896278 -0.20917 0.447503 -0.869476 -0.23222 0.370644 -0.899276 0 0 0 0 0 0 -0.506691 0.668868 -0.543948 0 0 0 0 0 0 0 0 0 0 0 0 0 0 0 0.187767 -0.69759 0.691456 -0.193681 0.598931 -0.777026 0.185948 -0.744939 0.640695 -0.0753322 -0.548246 -0.832918 0 -0.893441 -0.44918 0 0 0 0 0 0 0.0654129 -0.913346 -0.401897 0 0 0 0 0 0 0 0.706136 0.708076 0 0 0 0 0 0 0 0 0 0 0 0 0 0 0 0 0 0 0 0 0 0 0 0 0 0 0 0 0 0 0 0 0 0 0 0 0 0 0 0 0 0 0 0 0 0.196339 -0.373116 0.906772 0.118997 -0.873808 0.471487 0.195146 -0.708269 0.678434 0 0 0 -0.0614752 0.821957 -0.566222 0.000349995 0.999918 -0.0128288 -0.00282182 0.999917 -0.0125628 -0.0549339 0.99769 -0.039973 -0.0963142 0.982705 -0.158161 -2.7392e-05 1 -2.13136e-05 -0.265651 0.920591 -0.286256 -0.775442 0.479513 -0.4108 -0.290338 0.948409 -0.127371 -0.495187 0.744109 -0.448433 -0.877101 0.18383 -0.443734 -0.792781 0.256444 -0.552933 -0.690202 -0.0376803 -0.722635 -0.852627 0.252532 -0.457444 -0.41068 0.228988 -0.882557 -0.25398 -0.0946926 -0.962563 -0.257968 -0.080307 -0.96281 -0.644284 0.115414 -0.756027 -0.179247 0.721324 -0.669001 0.0213603 0.26133 -0.965013 0.114187 0.722043 -0.68236 -0.179045 0.739645 -0.648743 0.164298 0.0951577 -0.98181 0.154426 0.648631 -0.745272 0.161433 0.976938 0.139758 0.916485 0.131445 -0.377859 0.614003 0.0680721 -0.786363 0.211827 0.828764 -0.517957 -0.574485 -0.457754 -0.678548 -0.569579 0.785593 -0.241709 -0.968642 0.107187 -0.224151 -0.0560472 0.767299 -0.638835 0.0471382 0.965332 0.256734 -0.0463082 0.776883 0.62794 -0.0262588 0.672854 0.739309 -0.017999 0.0282202 0.99944 0.314556 -0.00206292 0.949237 0.482662 -0.0339283 0.875149 0.828904 -0.110864 0.548295 0.367062 -0.0253433 0.929851 0.630049 0.176532 0.756224 0.361937 0.15186 0.91975 0.621433 0.240129 0.74576 0.716568 0.223052 0.660892 0.674191 0.282224 0.682507 0.681172 0.195461 0.705549 0.37699 0.819336 0.431934 0.000121225 -1 0.000150393 0.599846 0.262163 0.755946 0.564275 0.27761 0.777513 0.570005 0.210682 0.794171 0.514029 0.243954 0.822351 0.522867 0.197405 0.829242 0.107451 0.973764 0.200594 0.0634329 0.990091 0.125282 0.306544 0.744879 0.59261 0.335782 0.56896 0.750689 0.388317 0.0619655 0.91944 0.344856 0.225752 0.911104 0.222634 0.754141 0.617823 0.266954 0.658617 0.703533 0.142633 0.637184 0.757398 0.114111 0.709326 0.695583 0.0238101 0.98725 0.157389 0.0446124 0.973498 0.224303 0.193771 0.837132 0.51153 0.264125 0.827869 0.494844 -0.000458623 -0.999734 0.023045 0.892996 0.0105948 -0.449941 0.034652 0.996889 -0.0707968 0.177467 -0.0417852 -0.983239 0.107734 -0.0322112 -0.993658 0.193573 -0.0485709 -0.979883 0.00146561 -0.0417565 -0.999127 -0.017071 0.0552892 -0.998324 0.00484936 0.0449527 -0.998977 -0.164974 0.0501344 -0.985023 -0.342727 -0.0858993 -0.9355 -0.458451 -0.32376 -0.827648 -0.30457 -0.84168 -0.445884 -0.424234 -0.328889 -0.843717 -0.305013 -0.841543 -0.44584 -0.314578 -0.794895 -0.518828 -0.266657 -0.800637 -0.536539 -0.0431067 -0.867022 -0.496401 -0.038222 -0.990371 -0.133057 -0.00603484 -0.977161 -0.212412 0.396108 -0.915571 0.0694865 0.398641 -0.914025 0.0751242 0.0182207 -0.950059 -0.311539 0.487897 -0.869744 0.0741694 0.931673 -0.0915388 0.351577 0.92371 -0.12491 0.362155 0.745701 -0.0764987 0.661875 -0.999996 0.00211609 0.00212745 -1 -0.000167764 0.000107214 -0.0465834 -0.876372 -0.479378 -1 0.000117914 -0.000227228 -0.0420846 -0.877695 -0.477368 0.0429068 -0.956923 -0.287153 0.0201236 -0.899005 -0.437475 -1 0 0 -0.184101 -0.858066 -0.479406 0.0496902 -0.877077 -0.477772 0.22681 -0.871435 -0.434925 0.703546 -0.656151 -0.272927 0.979332 -0.202259 0 -0.356429 -0.804376 -0.47533 -0.97855 0 -0.20601 0 0 0 0.400622 -0.834171 -0.379026 0.0274251 -0.956338 -0.290973 0.0493937 -0.834632 -0.548588 -0.000558025 -0.859122 -0.51177 -0.0313851 -0.789131 -0.613422 0.684128 -0.202202 -0.700774 0.00482197 -0.712063 -0.702099 0.000367836 -0.664719 -0.747093 -0.390042 -0.605008 -0.694142 -0.7084 -0.00748983 -0.705771 -0.999996 -0.00262992 -0.001265 -0.690509 -0.0100956 -0.723254 -0.674 -0.220427 -0.705079 -1 0 0 -1 0 0 -0.500055 -0.781531 0.373033 0.000700584 -0.999267 0.0382679 -0.00276156 -0.963999 0.265892 0.00356479 -0.916296 0.400485 0.681167 -0.732035 0.011653 0.351873 -0.934941 0.045512 0.182221 -0.656856 0.731667 0.00858876 -0.735438 0.677538 0.721321 -0.692471 0.0134184 0.780946 -0.0217115 0.624221 0.69538 -0.00521977 0.718623 0.680894 -0.198571 0.704949 0.79664 -0.105009 0.595262 0.998817 -0.00548607 -0.0483097 0.99511 0.00569884 -0.0986132 0.924674 0.0135875 -0.380517 0.822893 0.00355248 -0.568185 0.975253 -0.0434136 -0.216789 0.720373 -0.0348602 -0.69271 0.627376 -0.0105284 -0.778645 0.60433 0.569522 -0.557162 0.256313 0.60269 -0.75569 0.377559 0.369172 -0.849212 0.23679 -0.013819 -0.971463 0.319063 -0.0119371 -0.947658 0.40913 -0.0434291 -0.911442 0.208693 0.39732 -0.893635 0.201282 0.42667 -0.881725 0.207583 0.397236 -0.893931 0.209193 0.22929 -0.950613 0.631901 0.391 -0.669194 0.826518 0.178193 -0.533961 0.546365 0.439501 -0.712969 -0.371748 0.355528 -0.857557 0.919907 -0.0168037 -0.391776 0 0 0 0.89345 0.00685858 -0.44911 0.892742 0.00748348 -0.450507 0.923166 -0.0910095 -0.373473 0.942325 -0.236658 0.236678 0.895446 -0.0576932 -0.441415 0.861007 -0.0430719 -0.506766 0.891964 0.00338966 -0.452093 0.875806 0.0133288 -0.482479 0.831214 0.0338473 -0.554921 0.862447 -0.0402783 -0.504543 0.809159 0.0916694 -0.580396 0.853181 -0.0600704 -0.518144 0 0 0 0.85929 0.511489 0 0.837026 -0.0930579 -0.539192 0.873529 -0.0130977 -0.486595 -0.0692065 -0.979076 0.191364 -0.262983 0.9648 0 0 0 0 0 0 0 0.0733688 -0.99077 0.113981 0.868257 -0.0670044 -0.491569 0.862535 -0.0455608 -0.503941 0.866622 0.0029773 -0.498957 0.826668 0.0012066 -0.562689 0.540408 0.754278 -0.37286 0.574457 0.65277 -0.493852 0.506932 0.736376 -0.448074 0.00587946 0.999981 -0.00204165 0.494424 0.670025 -0.553725 0.00100609 0.999997 -0.00233591 0.452696 0.726509 -0.516963 0.60261 0.157272 -0.782386 0.596394 0.713325 -0.368078 0.852418 0.0243957 -0.522291 0.827386 -0.289837 -0.481068 0.769398 -0.447656 -0.455666 0.802492 -0.501345 -0.32351 0.806647 -0.215207 -0.55046 0.913166 -0.202398 -0.353785 0.811745 -0.27476 -0.515342 0.901484 -0.0575808 -0.428964 0.607122 0.300117 -0.735753 0.756608 0.165862 -0.632483 0.706052 -0.554608 -0.440341 0.808743 0.103162 -0.579044 0.835555 0.388489 -0.388489 0 0 0 0 0 0 0.523311 -0.419989 -0.741454 0.429661 0.201695 -0.880176 0.177422 0.967416 -0.180634 0.110457 0.954439 -0.27721 0.0205085 0.942817 -0.332681 0.0480324 0.963041 -0.265036 0.0514043 0.982515 0.178946 0.0597972 0.985481 0.158907 0.0527336 0.982932 -0.176252 0.812614 0.582509 0.0184839 0.80816 0.495628 0.318168 0.0814597 0.775806 0.625691 0.0680759 0.792165 0.606498 0.43762 0.470395 0.766301 0.769883 0.603374 0.207894 0.088009 0.626109 0.774753 0.0477169 0.556718 0.82933 0.0987316 0.35496 0.929653 0.0364433 0.188603 0.981377 0.71174 0.390495 0.583901 0.549816 0.291011 0.782953 0.814829 0.0995928 0.571082 0.770544 0.0857093 0.631598 0.782389 -0.178434 0.596682 0.564891 -0.107518 0.818131 0.0256191 -0.135789 0.990407 0.0662866 -0.187582 0.98001 0.761422 -0.0908532 0.641858 0.0700368 0.0951721 0.992994 0.781774 0.148482 0.605626 0.951501 -0.0696235 0.299664 0.785784 -0.255584 0.563223 0.999969 0.0077839 -0.0015193 0.110032 -0.43171 0.895276 0.851272 -0.404118 0.334701 0.0621157 0.940862 0.333048 0.0769681 0.925596 0.370606 0.976297 0.168011 0.136443 0.0770894 0.976442 0.201537 0.921552 0.337291 -0.192295 0.060186 0.767809 -0.637846 0.010664 0.620076 -0.784469 0.77435 0.143599 -0.616248 0.676862 0.728049 -0.108638 0.3621 0.807164 -0.466229 0.797045 0.590933 -0.124571 0.0659775 0.917663 -0.391843 0.0588071 0.677688 -0.732994 0.0594053 0.88989 -0.452291 0.815322 -0.442207 0.373768 -0.00374716 -0.0144107 0.999889 0.00219846 -0.183007 0.983109 -0.00415073 -0.0154634 0.999872 0.900584 0.334331 -0.277798 0.557622 0.7232 -0.407478 0.691585 -0.666084 0.279361 0 0 0 -0.308337 -0.712907 0.629835 -0.392508 -0.574836 0.717984 -0.409709 -0.756855 0.509224 -0.456648 -0.074263 0.886542 -0.468908 -0.0884851 0.878803 -0.44767 0.0766702 0.890906 -0.473069 0.104725 0.874779 -0.484113 0.164305 0.859441 -0.460692 -0.0573706 0.885704 -0.426978 -0.0538591 0.902657 -0.163787 0.0473955 0.985357 -0.0596442 0.0269738 0.997855 -0.405045 -0.0810186 0.9107 -0.305987 -0.0660943 0.949739 -0.343325 -0.0839806 0.935454 -0.433407 -0.107318 0.894786 -0.379888 -0.751555 0.539306 -0.307694 -0.807124 0.503861 -0.310547 -0.832449 0.458899 -0.274659 -0.842456 0.463498 -0.277098 -0.912771 0.300109 -0.219363 -0.495529 0.840435 -0.245986 -0.809596 0.532959 -0.184293 -0.808213 0.55931 -0.188611 -0.842699 0.504266 -0.221521 -0.504304 0.834629 -0.0432339 -0.516694 0.855078 -0.0214532 -0.28848 0.957246 -0.0152711 -0.307731 0.951351 0.000802193 -0.284091 0.958797 0.0209541 -0.324487 0.945658 0.00664987 -0.424854 0.905238 0.680661 -0.0422501 0.731379 0.599226 -0.0579353 0.798481 0.96722 -0.0192917 0.253206 0.0447103 0.998108 0.0422158 0.552532 -0.0304564 0.832935 0.870351 -0.0901983 0.4841 0.0326872 -0.999211 -0.0225642 0.597808 -0.036376 0.800814 0.989233 -0.00755086 0.146152 0.548909 0.0297261 0.835353 0.898064 0.00950956 0.439762 0.855348 0.0185782 0.51772 0.997427 0.000641257 0.071683 0 -0.258839 -0.965921 6.17735e-08 -0.258833 -0.965922 0 -0.707127 -0.707087 -0.0115906 -0.999885 0.00973101 0 -0.965909 -0.258883 -2.71177e-06 -1 1.98017e-06 -0.0515807 -0.889055 -0.454885 -0.0519823 -0.919619 -0.389358 0.0685731 -0.915988 -0.395302 0.0790157 -0.994138 -0.0738011 0.014654 -0.999886 -0.00367546 0.962843 -0.0275571 -0.268653 0.965737 0.209238 -0.153527 0.979653 0.200563 0.00742354 0.999381 -0.0349873 -0.00363251 0.999981 -0.00619402 -0.000446961 0.964995 0.262264 0.00136438 0.848555 0.439382 0.294785 0.669194 0.0783384 0.738946 0.670772 0.0552592 0.739602 0.86619 0.0253245 0.499072 0.505156 0.0483743 0.861671 0.979603 0.0178369 0.200149 0.999988 -7.81517e-05 -0.00484367 0.999981 -0.00377469 0.00490706 0.884745 -0.216937 -0.412511 0.672834 -0.307046 -0.673065 0.965768 -0.0180009 -0.258784 0.960115 -0.262876 -0.0952615 0.702957 -0.711206 -0.00613098 0.916044 -0.401071 0.0022448 0.364407 -0.931223 0.00559745 0.221143 -0.941994 -0.252474 0.402739 -0.831139 -0.383419 0.435197 -0.636651 -0.636616 0.250726 -0.250566 -0.935068 0.250636 -0.250495 -0.935112 0.930737 0.247953 0.268789 0.920542 0.316026 0.229629 0.777899 0.617363 -0.117204 0.687846 0.725817 -0.00755233 0.615282 0.788301 0.00311912 0.547169 0.767491 -0.334013 0.564568 0.798688 -0.208232 0.57192 0.579302 -0.58079 0.351321 0.6228 -0.699067 0.30604 0.518728 -0.798286 0.412045 0.489973 -0.768209 0.148142 0.37247 -0.916144 -0.0455215 0.773838 -0.631746 -0.02716 0.677168 -0.735327 0.093432 0.674052 -0.732751 -0.015413 0.017773 -0.999723 -0.0744514 0.335044 -0.939257 -0.060338 -0.00508449 -0.998165 -0.0234305 -0.0079555 -0.999694 0.0432279 -0.754262 -0.655149 0.103535 -0.501235 -0.859095 0.00100189 -0.999989 -0.00450097 0.107238 -0.770734 -0.628067 0.170793 0.0106964 -0.985249 0.311052 0.00341985 -0.950387 0.27411 -0.0518053 -0.960302 0.193557 -0.724994 -0.660999 0.269861 -0.489106 -0.829428 0.246402 -0.753027 -0.610112 0.378276 0.00831596 -0.925656 0.400637 -0.430154 -0.808985 0.0616707 0.0216977 -0.997861 0.136353 -0.0184806 -0.990488 0.00700723 -0.960187 -0.27927 -0.0457905 -0.56905 -0.821027 -0.0302379 -0.0424964 -0.998639 -0.140384 0.00639884 -0.990076 -0.13039 -0.0093206 -0.991419 0.267022 -0.0569843 -0.962004 0.325665 -0.0290129 -0.94504 0.75026 0.00628944 -0.661113 0.696829 -0.0436038 -0.71591 0.95666 -0.0438003 -0.287893 0.695589 -0.70511 -0.13775 0.107864 -0.990262 -0.0880147 0.745108 0.405418 -0.529576 0.218088 0.689253 -0.690918 0.0899354 0.684035 -0.723884 0 -0.707127 -0.707087 0.999567 0.00272196 0.0292942 0.449333 0.616732 0.646329 0.0299316 0.998868 -0.0369813 -0.00827862 0.999941 -0.00698368 0.00671143 0.99987 0.0146634 0.00244283 0.999985 -0.00484994 0.016483 0.999301 -0.0335464 0.0198866 0.999611 0.0195653 0.830175 0.533741 0.16103 0.195543 0.962923 -0.185855 0.921563 0.294581 -0.252871 0.85729 0.449066 0.251782 0.463641 0.394563 0.79332 0.73096 0.564482 0.383481 0.571715 0.799433 0.184522 0.338014 0.82708 0.449094 0.459795 0.674483 0.577635 0.273677 0.819336 0.503776 0.104253 0.586322 0.803342 0.266636 0.235748 0.93452 0.209339 0.139796 0.967799 0.47522 0.0945629 0.874771 0.0897943 0.879978 0.46645 0.0441406 0.985051 0.166514 -0.000298282 0.999983 0.00578021 -0.0880424 0.969429 0.229031 -0.194602 0.61001 0.768126 0.0287795 0.189482 0.981462 0.0255022 0.312598 0.949543 -0.279937 0.0144472 0.95991 -0.2864 0.0416439 0.957205 -0.262932 0.950057 0.168102 -0.708075 0.600201 0.372007 6.48686e-06 1 -2.23129e-05 -0.295911 0.934803 0.196421 -0.792426 0.25474 0.554228 -0.674416 0.0224187 0.738011 -0.690173 -0.0352769 0.722784 -0.51278 0.253866 0.820127 0.00358362 0.999984 -0.00434069 -0.00884547 0.999951 -0.00450234 0.00297121 0.999974 -0.00662698 0.457407 0.53955 0.70687 0.432482 0.709725 0.556102 0.43624 0.703961 0.560476 -0.0043847 0.99997 -0.00640633 -0.0134448 0.999901 0.00422707 0.0601025 0.998182 -0.00446682 0.0351484 0.99934 -0.00914882 0.547206 0.741134 -0.388954 0.833415 0.0201716 -0.552279 0.898725 0.268343 0.346823 0.930837 0.0407046 -0.36316 0.990112 0.033643 0.136182 0.987151 0.0536227 0.150523 0.787054 0.187186 0.587799 0.710924 0.060023 0.700703 0.561942 0.399268 0.724435 0.614461 0.0587435 0.786757 0.609779 0.210847 0.764011 0.514714 0.207088 0.831976 0.553787 0.676161 0.485929 0.745843 0.174485 -0.642863 0.739032 -0.0324948 -0.672887 0.662719 0.225716 -0.714042 0.69755 0.000339869 -0.716536 0.758313 -0.00957399 -0.651821 0.854288 0.020407 -0.5194 0.82353 -0.00695092 -0.56723 0.655218 0.640655 -0.400314 0.487806 0.852125 -0.189546 0.986935 0.0115195 0.16071 0.994096 -0.0559445 0.0929673 0.698654 0.700893 -0.143641 0.122036 0.992515 -0.00450971 0.0315426 0.999477 -0.00715404 0.0158913 0.999869 -0.00316669 0.633068 0.720933 -0.281923 0.491955 0.840357 -0.227552 0.931432 0.0175484 -0.363492 0.918656 0.103473 -0.381268 0.907738 0.0187713 -0.419117 0.980135 0.107696 -0.166545 0.940583 -0.136188 -0.311058 0.877666 -0.377035 -0.295885 0.758385 -0.642288 -0.110984 0.995654 0.0316345 0.0875982 0.980692 -0.0788002 -0.178978 0.837847 -0.538326 0.0906536 0.931409 -0.00806055 -0.363886 0.757464 -0.580715 -0.29836 0.155293 -0.968929 0.19251 0.79906 -0.0238771 -0.600776 0.398936 -0.758152 0.515806 0.169003 -0.963683 0.206767 -0.00169563 -0.999968 -0.00787316 0.00563692 -0.999642 0.0261419 0.199582 -0.96712 0.157624 0.165053 -0.983239 -0.0774522 0.175836 -0.981904 -0.0703252 0.452759 -0.692121 0.562119 0.826084 -0.111257 -0.552456 0.370425 -0.89044 -0.264391 0.143767 -0.973026 0.180421 0.00185732 -0.999993 -0.00324412 0.630727 -0.514124 -0.581257 0.446596 -0.762196 -0.468625 -0.0108943 -0.999932 0.00418168 0.104187 -0.986253 -0.12826 0.544427 -0.423252 -0.724194 0.473183 -0.642315 -0.602934 0.765672 -0.323568 -0.555922 0.235197 -0.965096 -0.115205 0.228676 -0.967833 -0.104913 0.806045 -0.537665 -0.247403 0.661554 -0.698846 -0.271956 0.959499 -0.00584011 -0.281653 0.904815 -0.24516 -0.348146 0.22435 0.971782 -0.0728429 -0.00268082 0.998192 -0.0600379 0.236628 0.850116 -0.470436 0.435953 0.892158 -0.118319 0.959846 -0.0122041 -0.280262 0.629202 -0.777056 0.0169782 0.995515 0.00134976 0.0945978 0.992084 0.125539 0.00298965 0.894768 -0.0891221 0.437546 0.731039 0.108328 0.673682 0.634517 -0.0959027 0.766936 0.703628 -0.563223 0.433229 0.8377 -0.530408 -0.130098 0.739343 -0.667943 -0.0849978 0.380053 -0.895365 -0.232125 0.230873 -0.972452 -0.0321793 0.00382025 -0.969572 -0.244777 0.0032597 -0.971481 -0.237096 -1 0 0 -1 0 0 -0.937075 0.012959 -0.348888 -0.999975 -0.00629037 -0.00312404 -0.954766 0.297331 0.00394548 -0.999972 -0.00721716 -0.00176871 0.00137625 -0.971258 -0.238027 -6.33988e-05 -0.977557 -0.210672 -0.999959 -0.00907865 0.000261495 0.000942038 -0.999994 0.00338202 0.00802131 -0.999553 0.0287904 -0.999891 0.0113632 -0.00940996 -0.999891 0.0113047 -0.00951407 -0.906895 -0.00329499 0.421343 -0.972697 0.0154653 0.231564 -0.922387 0.288136 0.257254 -0.677878 0.624101 0.38856 -0.744865 0.667207 -0.00332428 -0.764286 0.644857 -0.00511214 -0.287356 0.957822 -0.00183275 -0.299975 0.953943 -0.00255995 -0.607306 0.761801 -0.225474 -0.157233 0.964632 -0.211572 -0.611194 0.580295 -0.538237 -0.888479 0.0755784 -0.452651 -0.694203 0.342753 -0.632932 -0.257993 7.8964e-08 -0.966147 -0.0606199 -0.00016083 0.998161 -0.257966 -2.25512e-05 -0.966154 -0.236701 0.276588 -0.931382 -0.0305908 -8.36369e-08 0.999532 -0.282228 0.959344 0.00241308 -0.282839 0.80315 0.524359 0.000688765 -0.752762 -0.658293 0.00132933 -0.756709 -0.653751 -0.742543 -0.0161716 -0.669603 0.39618 -0.833782 -0.384512 0.0133542 -0.999782 -0.0160487 -0.0182208 -0.999834 0 0.00328383 -0.999995 -1.13084e-05 0.310568 -0.944386 -0.108084 0.28335 -0.955728 -0.0793567 0.181539 -0.948277 -0.260413 0.282762 -0.959188 -0.00219326 0.284649 -0.957484 -0.0469002 0.816064 -0.577031 0.0327757 0.772851 -0.591893 -0.228834 0.453742 -0.876645 -0.160039 0.239036 -0.970408 -0.0342137 0.370175 -0.926511 -0.0674401 0.89189 -0.448869 0.0552127 0.784203 -0.607982 0.124026 0.735311 -0.669378 0.106069 0.999386 -0.00302298 0.034902 0.998871 -0.0110004 0.0462117 0.999249 0.0110221 -0.0371625 0.965451 0.259307 0.0257827 0.992948 -0.0145269 -0.117659 0.730348 0.679565 -0.0691579 0.99261 -0.0230604 -0.119141 0.574732 0.815664 -0.0661456 0.517998 0.852197 -0.0737432 0.368708 0.928555 -0.0428946 0.720437 0.526132 0.451837 0.843565 -0.00119847 0.537026 0.828295 -0.00317024 0.560284 0.400919 -0.723509 0.56196 0.992715 -0.0146399 -0.11959 0.988852 -0.00108839 -0.1489 0.148536 0.661148 0.735405 0.190564 0.0157492 0.981548 0.205485 0.0274305 0.978276 0.248763 -0.00342698 0.968558 0.229662 -0.0646846 0.971119 0.115745 0.946161 0.302295 0.117324 0.605335 0.787277 0.753582 0.0254774 0.65686 0.95183 0.0276571 0.305378 0.743358 0.0294837 0.668244 0.893148 0.00794523 0.449692 0.476182 0.846117 0.239453 0.0191325 0.99967 0.0171524 0.973968 0.0333976 -0.224213 0.933475 0.0155609 -0.358305 0.986871 0.0131589 -0.160976 0.678045 0.684483 -0.26784 0.812977 0.570004 -0.119013 0.695303 0.697673 -0.172644 0.551169 0.792025 -0.262505 -0.0377091 0.991452 -0.124906 -0.022649 0.99968 0.0112388 0.00366946 0.999984 -0.00437959 0.137637 0.990028 0.0300092 0.418842 0.849167 0.321694 0.363086 0.919947 0.147875 0.668128 0.729765 0.145078 0.16993 0.903019 0.394563 0.000580789 0.999998 -0.0020823 0.00538886 0.999779 -0.0203201 0.107435 0.936763 0.333065 0.00464349 0.999951 -0.00873353 -0.752604 0.599547 -0.272268 -0.714002 0.68048 -0.164768 -0.5006 0.710622 -0.494385 -0.655293 0.683653 0.321264 -0.712641 0.614039 0.339262 -0.819439 0.533366 -0.209858 -0.504891 0.788073 -0.352174 -0.232843 0.967682 0.096827 -0.022594 0.999683 0.0110915 -0.252563 0.697624 -0.670472 -0.00508355 0.957055 -0.289861 -0.0124402 0.999916 0.00377249 0.383983 0.704901 -0.596383 0.245942 0.299057 -0.921997 0.331285 0.0109361 -0.943467 0.325772 0.0145958 -0.945336 0.708653 0.000416348 -0.705557 0.2585 5.66717e-07 -0.966011 0.0544607 0.000131975 -0.998516 0.0660912 5.85375e-07 -0.997814 -0.277634 -0.000323744 -0.960687 -0.261375 0.407147 -0.875165 -0.248337 0.432523 -0.866748 -0.278552 -0.000147649 -0.960421 -0.693889 0.0012112 -0.720081 -0.689384 0.117494 -0.714804 -0.898331 0.307918 -0.31335 -0.952941 0.0118409 -0.302924 -0.981669 -0.00232842 -0.19058 -0.957095 0.000964775 0.289771 -0.494433 0.832285 0.250673 -0.024445 0.999434 0.0231265 0.0043121 0.999987 -0.00263873 0.611143 0.717292 -0.33466 0.656077 0.661649 -0.363022 -0.0262248 0.999558 -0.0140208 -0.027416 0.999477 -0.0171704 0.877286 0.0331776 -0.478821 0.889863 0.0554703 -0.452842 0.910567 0.0151482 -0.413083 0.818035 0.000545032 -0.575168 0.589236 0.763073 -0.265556 0.00508072 0.999979 -0.00406337 -0.0245423 0.99933 -0.027146 -0.34319 0.939011 -0.0218776 -0.947795 0.0115628 -0.318671 -0.966515 0.00589314 -0.256542 -0.925458 0.0107743 0.378698 -0.898408 -0.0103377 0.439039 -0.887712 0.279196 0.366085 -0.8809 0.0121724 0.473146 -0.715438 0.00772036 -0.698634 -0.719091 0.00812772 -0.694869 0.393984 0.240419 -0.887116 0.880918 0.23642 -0.409987 0.845777 -0.114785 -0.521043 0.896884 -0.0111616 -0.442125 0.601082 0.741859 -0.29723 0.189352 0.677491 -0.710741 0.477782 0.315901 -0.819714 -0.298102 0.341069 -0.891519 -0.133309 0.0068853 -0.991051 -0.225455 -0.00213861 -0.974251 -0.187771 0.486932 -0.853018 -0.168825 0.960391 -0.221691 0.39776 0.00322729 -0.917484 0.370062 0.312891 -0.874731 0.53905 0.805104 -0.247451 -0.129225 0.841203 -0.525051 -0.139012 0.900616 -0.411785 0.417112 0.00202325 -0.908853 -0.323534 -0.585109 -0.743622 0.00487847 0.999978 -0.00446023 0.00486615 0.999972 -0.00572856 0.930158 0.0108372 -0.366998 0.888436 0.0181259 -0.458643 0.00442409 0.999986 -0.00286538 -0.27815 0.396365 -0.874944 0.279505 0.262793 -0.923481 0.248187 -0.00623809 -0.968692 -0.539156 0.019652 -0.841977 0.874957 0.0334507 -0.483045 0.655955 0.662193 -0.362248 0.989052 -0.00245499 0.147546 0.753428 0.651863 0.0861416 0.0130823 0.99987 0.00947902 0.798235 0.308638 0.517265 -0.00794057 -0.999961 -0.0037761 0.356437 0.865234 0.352594 0.551962 -0.00514382 0.833853 0.959048 0.0434037 0.2799 0.563782 0.346817 0.749579 0.216693 0.740089 0.636641 0.925544 0.00140904 0.378638 0.00690966 0.999964 0.00483215 0.149045 0.659117 0.737123 0.013733 0.999851 0.010487 0.744391 0.666726 -0.0368627 0.664864 0.743668 -0.0701076 0.617574 0.784749 -0.0526478 0.994049 0.100995 -0.0408152 0.997291 0.0657425 -0.0330018 0.794584 0.604618 -0.055433 0.656269 0.754235 -0.0209999 0.799401 0.600475 0.019718 0.313725 0.949405 0.0143692 0.984588 0.099988 -0.143489 0.982683 0.125864 -0.135985 0.696683 0.709951 -0.102966 0.70261 0.703786 -0.104997 0.60291 0.792344 -0.09322 0.378691 0.774374 0.50689 0.497268 0.596247 0.630249 0.639589 0.73613 -0.221448 0.212668 0.977017 -0.0144726 0.988579 0.144625 0.0423717 0.995979 0.0584266 0.0679183 0.753499 0.653444 0.0724621 0.763786 0.644135 0.0414902 0.389047 0.919459 0.056898 0.643294 0.765521 0.0122505 0.205317 0.978605 0.0133086 0.30921 0.0314797 0.950473 0.409147 0.058366 0.9106 0.578771 0.0194937 0.815257 0.00680937 0.999973 0.00276643 0.551281 0.783762 -0.286017 0.731757 -0.602994 -0.317693 0.262205 -0.961604 -0.0810304 0.99683 0.0767576 0.0209374 0.523459 0.715178 -0.463153 0.556486 0.658049 -0.507243 0.534961 0.719663 -0.442608 0.413424 0.876698 -0.245929 0.0862631 0.996247 -0.00710477 0.00386622 0.999992 -0.00119781 -0.144201 0.709742 0.689546 -0.0466337 0.998192 0.0379211 0.0597055 0.996968 0.0499002 0.883311 0.377932 -0.277361 -0.100774 0.976113 0.192478 -0.101636 0.975548 0.194877 0.189339 0.952906 0.236897 0.0241559 0.999675 -0.00811654 0.176254 0.975584 0.131039 0.00732341 0.999962 -0.00481822 0.291759 0.956412 0.0123383 0.285078 0.958415 0.0131054 0.00386213 0.999993 -9.84597e-05 -0.270241 0.805922 0.526744 -0.277314 0.775804 0.566767 -0.112964 0.975182 0.190419 -0.289114 0.832254 0.47304 -0.0978153 0.982158 0.160617 -0.0659974 0.996676 0.0477664 -2.94552e-05 1 2.43269e-05 0.955916 0.0353737 -0.291501 0.970231 -0.0153521 -0.241693 0.704439 0.0592144 -0.707291 0.294954 0.0503435 -0.954184 0.672485 0.0235165 -0.739738 0.0375662 -0.48466 -0.873896 -0.00590999 -0.0145326 -0.999877 0.258627 -0.719331 -0.644728 0.399631 -0.445655 -0.801054 0.65582 -0.605579 -0.450749 0.276763 0.0373689 -0.960211 0 0 0 -0.0480879 -0.997318 0.0551753 0.0253303 -0.998299 0.0525174 0.0163229 -0.999215 0.0361086 -0.01799 -0.996815 0.0776968 0.261186 -0.84944 -0.458513 0.261401 -0.849215 -0.458806 0.143659 -0.849667 -0.507375 0.141264 -0.862984 -0.48508 -0.0289505 -0.992657 0.117449 0.00252809 -0.992287 0.123936 0.0682225 -0.860036 -0.505653 -0.0143912 -0.982671 0.1848 -0.0032415 -0.973414 0.229029 -0.00763864 -0.973722 0.227611 -0.041528 -0.939946 0.338788 -0.00107713 -0.87657 0.481273 0.0529035 -0.905837 0.420309 0.1292 -0.991241 0.0273588 0.577412 -0.800445 0.160884 0.672901 -0.738196 0.0476534 0.677143 -0.733991 0.0522967 0.192869 -0.801529 -0.565997 0.729802 -0.293057 -0.617662 0.910371 -0.382057 -0.158924 0.907103 -0.249513 -0.338979 0.272576 -0.790184 -0.548919 0.194731 -0.962313 -0.189827 0.114877 -0.976075 0.184609 0.0585174 -0.929528 0.364079 0.276263 -0.731314 -0.623585 0.460772 -0.88514 -0.0649412 0.00348162 -0.978412 0.206636 0.443679 0.586514 -0.677606 0.379401 0.69483 -0.610955 0.000712515 0.999994 -0.00331095 -0.00259414 0.999958 -0.00881953 0.125438 0.923364 -0.362856 0.125422 -0.449132 -0.884618 -0.000652882 0.980274 -0.197641 0.00403229 0.00966809 -0.999945 -8.17043e-06 1 3.3562e-06 0.000330378 0.677736 -0.735305 -8.38414e-05 0.957886 -0.287148 0.117397 0.689327 -0.714875 0.137605 0.640478 -0.755548 0.260619 0.666272 -0.698684 0.264321 0.658389 -0.70474 0.0457182 0.98839 -0.144895 0.277372 0.72701 -0.62811 0.388692 -0.00292185 -0.921363 0.344455 0.27132 -0.898741 0.340934 0.000324203 -0.940087 0.242933 0.0330254 -0.969481 0.385106 0.135545 -0.912864 0.14957 0.00121309 -0.98875 0.137424 0.00198335 -0.99051 0.00177499 0.00155143 -0.999997 -0.000560666 0.254417 -0.967095 0.407072 0.232989 -0.883181 0.487482 0.158712 -0.858587 0.235786 0.086399 -0.967957 0.415827 0.0970764 -0.904248 0.361817 0.151985 -0.919776 0.202054 -0.0388967 -0.978602 0.166524 -2.9234e-05 -0.986037 0.355466 -0.0386341 -0.933891 0.366948 -0.0254826 -0.929892 0.599862 0.262122 -0.755948 0.621434 0.240099 -0.74577 0.630032 0.176645 -0.756212 0.000140375 -1 -0.000169565 0.0286185 -0.999231 -0.0267914 0.685598 0.179656 -0.705463 0.707977 0.250103 -0.660467 0.649605 0.41421 -0.637529 0.450699 0.760789 -0.46698 0.352577 0.841165 -0.410038 0.400714 0.7837 -0.474597 0.105138 0.985749 -0.131319 0.504207 0.539958 -0.673959 0.65073 0.158705 -0.742538 0.557788 0.378018 -0.738902 0.583249 0.0198743 -0.81205 0.415781 0.661318 -0.624327 0.454011 0.545204 -0.704718 0.52247 0.268147 -0.809397 0.532167 0.0574003 -0.844691 0.000174713 -1 -0.000328667 0.368497 0.648064 -0.6665 0.243275 0.896317 -0.370719 0.125508 0.964178 -0.233685 0.108948 0.972038 -0.208019 0.426971 0.313452 -0.8482 0.411462 0.406281 -0.815865 0.451833 0.177988 -0.874167 0.24217 0.94367 -0.225479 0.46877 0.785406 -0.404217 0.677759 0.408777 -0.611182 0.740965 0.186748 -0.645056 0.625628 0.640357 -0.44557 0.491216 0.792141 -0.362242 0.786409 0.224771 -0.57536 0.779223 0.266812 -0.567117 0.647521 0.178026 -0.740961 0.019561 0.998821 -0.0444284 0.0456785 0.956324 -0.288719 -3.33575e-07 1 -4.77469e-05 0.00233323 -0.999995 -0.00229391 0.00135936 0.999985 -0.00529775 0.0687001 0.703849 -0.70702 0.0562513 0.261007 -0.963697 0.0787883 -0.463566 -0.882553 0.0515965 -0.783388 -0.619387 0.801907 -0.528897 -0.277872 0.657336 -0.61919 0.42955 0.0472188 -0.949962 0.308777 0.093005 -0.981092 0.169732 0.0878881 -0.815666 0.571808 0.0704688 -0.787594 -0.612152 0.703219 -0.386713 -0.596604 0.694864 0.00264653 -0.719136 0.753585 -0.00357618 -0.657341 0.99979 0.00586241 0.0196422 0.615294 0.410017 -0.673275 0.287224 -0.00901033 -0.957821 0.258702 -4.5032e-05 -0.965957 0.657891 0.00026111 -0.753113 0.225336 -0.0873181 -0.97036 0.602114 -0.187369 -0.776113 0.800167 -0.318319 -0.508336 0.748804 -0.553632 -0.364396 0.471831 -0.256843 -0.84345 0.918627 0.000592352 -0.395125 0.933602 0.000473973 -0.358311 0.932549 -0.00163256 -0.361041 0.00381541 -0.999991 -0.0016248 0.943358 0.126862 -0.306564 0.337836 -0.940793 0.0278567 0.625838 -0.117207 -0.771097 0.00066031 0.024526 -0.999699 0.054101 0.266235 -0.962389 0.744403 -0.00333083 -0.667723 0.708969 0.261363 -0.655021 0.723335 0.243788 -0.64603 0.522616 0.681276 -0.512577 0.744078 0.668092 0.00127339 0.713071 0.701091 -0.00114003 0.262107 0.965038 0.00143963 0.269009 0.963137 0.00107166 -0.00469859 0.999989 -4.0191e-06 0.981053 0.193688 -0.00443577 0.964931 0.262502 -0.000195794 0.187775 0.976845 -0.102542 0.0739002 -0.593308 -0.801576 0.0587122 -0.618183 -0.783838 0.0901828 -0.811222 -0.577742 0.793121 -0.225307 -0.565859 0.880483 -0.197319 -0.431063 0.999935 -0.0113958 -0.000335582 0.999888 -0.0146905 0.00283359 0.999648 0.00676715 -0.0256595 0.999976 -0.00680769 -0.00100549 0.794826 -0.606416 0.0226006 0.999935 0.0072704 -0.00878442 0.999781 -0.0208071 -0.00225315 0.936265 0.309426 -0.166326 0.998378 0.0569314 -0.000827503 0.195055 -0.0984861 -0.975835 0.0831189 -0.380983 -0.920838 0.999852 -0.0104732 0.0136639 0.46963 -0.877307 0.0988907 0.785898 -0.617289 -0.0363097 -0.666596 0.0128586 0.745308 0.195958 -0.498029 0.844729 -0.226954 -0.0151135 0.973788 0.451796 -0.292043 0.842966 0.932554 -0.00159899 0.361027 0.640833 -0.000707598 0.76768 0.0921023 -0.864029 0.494945 0.0706495 -0.789678 0.60944 -0.000150713 -1 -0.000219654 0.000612017 -0.756899 0.653531 0.00591433 -0.754116 0.656715 0.18891 0.0157044 -0.981869 0.956525 0.259475 0.133161 -0.000484411 1 0.00010456 -0.000174114 1 -0.000751264 -0.952283 0.295335 -0.0770323 -0.692695 0.717044 -0.0776039 -0.703935 0.710236 0.00629982 -0.588386 0.808411 0.0165413 -0.988119 0.00592647 -0.153578 -0.670698 0.734297 -0.104749 0.00037184 1 -0.000729263 -0.808391 0.571191 -0.142285 -0.665365 0.744443 0.0556322 -0.705029 0.70717 0.053339 -0.905834 -0.418052 0.0685305 -0.976211 0.180638 -0.119929 -0.984414 -0.174131 0.0246472 -0.966917 0.118857 0.225708 -0.0172359 0.999847 0.00301682 -1 6.01975e-05 -8.7117e-05 -0.393025 0.467414 -0.791868 -0.315144 0.174166 -0.932926 -0.313969 0.173236 0.933495 -0.429912 0.279936 0.858377 -0.124428 -0.684688 0.718136 -0.0736727 0.475733 0.876499 -0.127465 0.439356 0.889224 0 0 0 -0.107321 0.730399 0.674536 5.59932e-08 -1 -2.10571e-07 0 -1 0 2.00465e-07 -1 -4.27273e-07 -0.760125 0 0.649777 -0.650765 -4.40238e-07 0.759279 -0.650765 -2.93294e-07 0.759279 -0.760125 -2.50642e-07 0.649777 -0.760476 0.000316469 0.649366 -0.6508 -2.67426e-05 0.759249 -0.850939 -0.00384257 0.525251 -0.857652 0.000493441 0.514231 -0.930077 -0.00851653 0.367267 -0.715882 0.637934 0.28382 -0.587654 0.786175 0.19129 -0.762445 0.617595 0.193015 0.00887688 0.999919 0.00910527 -0.605243 0.789266 0.103633 3.61986e-09 1 1.30458e-07 -0.750247 0.655223 0.0883916 -0.675506 0.699198 0.234124 -0.997471 -0.0202806 0.0681141 -0.991472 -0.0583108 0.116544 -0.997404 1.24517e-08 -0.0720145 -0.991796 -0.0633478 -0.111034 -0.996596 -1.35519e-08 0.0824358 -0.998704 -0.0126926 -0.0492903 -0.997449 -0.024951 -0.0668808 -0.999916 0.00872313 -0.00958888 -0.99759 -0.0173996 0.0671606 -0.998605 -0.0102362 0.0518 -0.664801 0.708806 -0.235869 -0.72781 0.680395 -0.0857656 -0.619793 0.778101 -0.10206 -0.762537 0.623997 -0.170781 -0.693001 0.671822 -0.261544 -0.572666 0.79832 -0.186383 -0.0232775 0.9997 -0.00757591 -0.00105908 0.999997 -0.00225103 -0.559424 0.778458 -0.284689 -0.00057648 1 -0.000293228 0.00257711 0.999995 0.001625 -0.628213 0.618975 0.471401 -0.620133 0.653165 0.434524 -0.42622 0.894251 0.13657 -0.226782 0.962687 -0.147661 -0.22792 0.962052 -0.150031 -0.253321 0.953804 -0.161514 -0.780079 0.403521 -0.478171 -0.654522 0.684779 -0.320434 -0.813661 0.0268906 -0.580718 -0.392751 0.919454 0.0187512 -0.529907 0.80989 0.251549 -0.292312 0.940134 0.175219 -0.508525 0.694235 0.509352 -0.497678 0.710382 0.497669 -0.18313 0.965881 0.183133 -0.183092 0.965896 0.183092 -2.67515e-07 1 3.8822e-08 0.182317 0.96585 -0.184104 0.0123827 0.999896 -0.007448 -0.0561754 0.995398 -0.0776345 -0.170507 0.970924 -0.168028 0.212878 0.835168 -0.507126 -0.291468 0.852018 -0.434871 -0.139144 0.966082 -0.21754 -0.153871 0.956831 -0.246572 -0.14248 0.961212 -0.236159 -0.0930195 0.965299 -0.24402 -0.000595866 0.999999 -0.000977991 -0.00052106 0.999999 -0.00120635 -0.001007 0.999999 -0.000667943 -0.260947 0.742164 -0.617332 -0.219736 0.809851 -0.543929 -0.428373 0.572366 -0.699209 -0.329643 0.81739 -0.47245 0.00710854 0.999974 -0.00118823 -0.655557 1.18715e-07 -0.755145 -0.623009 -0.0677241 -0.779277 -0.765678 1.47983e-07 -0.643224 -0.765967 -0.00014969 -0.64288 -0.86092 -0.000410735 -0.50874 -0.86144 6.01563e-08 -0.507859 -0.926526 0.0006382 -0.37623 -0.926019 5.47169e-08 -0.377478 -0.973058 0.00429925 -0.23052 -0.973818 -0.00432315 -0.227286 0.332155 -0.0315597 -0.942697 0.388122 -0.00490508 -0.921595 0.375473 -0.00788762 -0.9268 0.437172 -0.80976 0.391368 0.277295 -0.960721 0.0110869 -0.0450909 -0.998737 0.0221626 -0.0622709 -0.996817 -0.0497901 -0.034148 -0.999198 -0.0208916 0.0219588 -0.999754 0.00321819 0.0857291 -0.732685 0.675147 0.485847 -0.765776 -0.421354 0.731648 0.135035 -0.668174 0.98144 -0.0890136 -0.169859 -5.75664e-08 -1 -2.22073e-07 -4.49382e-08 -1 -2.15677e-07 -0.000145504 -1 -4.35248e-05 1.4554e-07 -1 -2.51888e-08 -0.653555 0.109361 0.748937 -0.163423 0.193329 0.967428 2.42543e-08 -1 -1.4358e-07 -9.57113e-05 -1 -0.000321515 -9.16717e-08 -1 -3.07946e-07 0.000184024 -1 0.000435052 0.519145 -0.0194614 0.854465 -0.369176 0.000816387 -0.929359 0.0469065 -0.997945 0.0436583 0.00297779 -0.999991 -0.00286032 -0.529658 -0.000624112 -0.848211 -0.389974 -0.000729549 -0.920826 0.389038 0.00198813 0.921219 -0.389732 -0.000621733 -0.920928 -0.171514 -4.71449e-05 -0.985182 -0.161571 0.00124285 -0.98686 -0.135437 0.559213 -0.817886 0.000138304 -0.000199936 -1 -0.00692649 0.755185 -0.655475 -0.0110487 0.714815 -0.699227 -0.000169521 -8.37725e-05 -1 -0.000108157 0.00526285 -0.999986 0.000354092 -0.00311716 -0.999995 -0.753443 0.467954 -0.461891 -0.474343 0.535285 -0.698905 0.662413 0.231398 -0.712505 0.749163 0.197824 -0.632156 0.00035171 -0.00312779 -0.999995 -0.00694296 0.644722 -0.764386 0.0060639 0.70921 -0.704971 0.529958 0.531989 -0.660403 0.00795556 0.999958 -0.00448835 0.720213 0.693752 -0.000936875 0.258556 0.965995 0.00162096 0.393646 0.856324 -0.334294 0.207651 0.941164 0.26663 -2.14262e-07 0.992312 -0.12376 0.00867347 0.998104 -0.0609328 0.000331199 0.51435 -0.85758 0.0101515 0.583587 -0.811987 -0.138936 0.586152 -0.7982 -0.140611 0.57928 -0.802909 -0.106553 0.836279 -0.537851 -0.0477062 0.950852 -0.30595 -0.0607657 0.963686 -0.260032 -0.58738 0.792785 -0.162716 -0.767339 0.627194 -0.133485 -0.964515 0.264029 -0.000309366 -0.676873 0.736096 0.00249486 -0.563678 0.825982 -0.00446808 -0.00591741 0.999974 0.00424527 -0.964415 0.264392 -0.000706583 -0.965815 0.259228 -0.00119789 -0.727805 0.685783 0.000850171 -0.485815 0.551963 -0.677732 -0.641588 0.767046 -0.00253418 -0.258422 0.966029 0.00244453 -0.700232 0.713908 -0.00343371 -0.413427 0.908032 -0.0674933 -0.530921 0.825789 -0.190251 -0.321959 0.943691 -0.0760878 -0.291145 0.919279 -0.26488 -2.16586e-07 0.999998 -0.00212041 -0.670346 0.175822 -0.720918 -0.0481724 0.95048 -0.30703 -0.267833 0.619381 -0.737992 -0.27132 0.588035 -0.761971 -0.335863 0.00651265 -0.941888 -0.271762 0.704032 -0.656113 -0.381749 0.0694304 -0.921655 -0.130166 0.0720839 -0.988868 -0.165037 0.0266461 -0.985927 -0.0926766 0.704063 -0.704064 -0.27178 0.703995 -0.656145 0 1 0 -3.21434e-07 1 -5.56706e-07 -0.092674 0.704073 -0.704055 -2.91271e-08 1 2.51988e-07 -2.61155e-08 1 2.44718e-07 7.88799e-08 1 1.02789e-07 5.13324e-08 1 1.23927e-07 -1.39412e-07 1 1.81669e-07 -7.15392e-08 1 1.72733e-07 1.21803e-07 1 2.32122e-07 2.35402e-07 1 2.79178e-07 0 1 0 0 1 0 1.67434e-07 1 1.81669e-07 -8.77962e-07 1 -3.63616e-07 9.2945e-08 1 3.84992e-08 -2.11843e-07 1 2.75871e-07 0 1 3.10131e-07 4.31836e-08 1 -1.78875e-08 -7.26842e-08 1 2.54353e-07 2.36307e-07 1 9.02421e-08 1.6641e-07 1 6.21031e-07 -2.92367e-07 1 1.21142e-07 0.0926753 0.704063 -0.704065 0.271766 0.704032 -0.656111 0.271776 0.703995 -0.656147 0.432294 0.704045 -0.563421 0.60722 0.0704241 -0.791407 0.381788 0.0679436 -0.921749 0.446525 0.00629262 -0.894749 0.580514 0.0281527 -0.813764 0.460938 0.606815 -0.647543 0.289135 0.638722 -0.713047 -0.829909 0.0919878 -0.550263 -0.53242 0.658152 -0.53232 -0.0602035 0.757477 -0.65008 -0.0362804 0.94558 -0.32336 0.20356 0.963958 -0.171312 0.00907912 0.999848 0.0148872 0.218165 0.958749 -0.182222 0.455255 0.835813 -0.306853 0.665849 0.582518 -0.466174 0.661985 0.588331 -0.464374 0.811302 0.028081 -0.583953 0.669292 0.667545 -0.326238 0.77895 0.43198 -0.454567 0.438491 0.865342 -0.242711 0.229318 0.961904 -0.148843 0.226043 0.96369 -0.142149 0.51721 0.809961 0.276509 0.624469 0.652899 0.428675 0.271973 0.949298 0.157684 0.390571 0.836281 0.384823 0.546462 0.628041 0.554025 0.685998 0.245095 0.68508 0.682722 0.258876 0.683282 0.486415 0.726246 0.485765 0.978969 0.189788 0.0748418 0.976014 0.215021 -0.0340896 0.843149 0.532135 -0.0770219 0.613418 0.721942 -0.320186 0.508883 0.69764 -0.504318 0.746597 -0.0158351 -0.665088 0.700034 0.00903816 -0.714053 0.70365 -0.0172246 -0.710338 0.534804 0.644347 -0.546627 0.670228 -0.011511 -0.742066 -0.027017 0.195854 -0.980261 0.100309 0.501996 -0.859033 0.102194 0.49208 -0.864531 -0.0119575 0.178461 -0.983874 0.0673457 0.535634 -0.84176 0.326546 0.690205 -0.645743 -0.181474 0.96654 -0.181295 0.499514 0.707522 0.499899 0.489134 0.721298 0.490385 0.18417 0.965789 0.182575 0.000193703 1 0.000129746 -0.182315 0.966214 -0.182187 -0.482167 0.73041 -0.483752 -0.512887 0.689932 -0.510824 -0.0370378 0.924567 -0.379216 0.140471 0.963346 -0.228543 0.00163324 0.999999 -4.62659e-05 -0.1652 0.972203 -0.165924 -0.0100202 0.999949 -0.000813532 0.346339 0.795472 -0.497266 0.470287 0.653941 -0.592614 0.312658 0.698583 -0.643604 0.657423 -0.0226124 -0.753182 0.621846 -0.0596304 -0.780866 0.650824 0 -0.759228 0.436965 0.544851 -0.715681 0.260168 0.74136 -0.618626 0.161679 -1.03994e-05 -0.986843 0.38854 -0.000460014 -0.921432 0.389482 -0.000873035 -0.921034 0.161736 0 -0.986834 -0.000193627 0 -1 0.161733 0.00528851 -0.98682 0.183698 0.0257662 -0.982645 -0.000193778 6.20856e-07 -1 0.121743 6.1626e-07 -0.992562 0.0358133 -0.998574 -0.0396006 0.495598 -0.832152 0.248811 -0.141951 -0.0306725 0.989398 0.427852 -0.0205142 -0.903616 -0.38227 0.0156851 0.923918 -0.579887 0.114026 0.806678 0.928417 -0.00331394 0.371526 -0.0716206 -0.997313 -0.0154197 -0.464702 -0.401722 0.789096 -0.563098 -0.820082 0.101909 -0.940641 0.289823 0.176628 -0.768309 -0.321731 0.553345 -0.000329411 -1 0.000719777 2.51258e-07 -1 -5.49009e-07 -0.990713 0.0736099 0.114319 -0.390135 -0.136216 0.910626 -0.299766 -0.637903 0.70938 -0.390301 -0.137949 0.910294 6.11479e-08 -1 -1.42615e-07 1.12869e-07 -1 4.66758e-08 -2.65364e-09 -1 -1.65164e-07 0 9.3132e-07 -1 0 -1 1.61931e-05 -9.46617e-06 -1 -6.43301e-05 -5.69341e-07 -1 3.46097e-07 3.07198e-07 -1 -6.70655e-07 7.33106e-09 -1 -1.60313e-07 -8.08589e-08 -1 -1.87884e-07 0.000142148 -1 -0.000310328 0.106391 9.26034e-07 -0.994324 0.146428 -0.021655 -0.988984 -0.475994 -0.0133631 0.879347 0.519386 0.0387697 -0.85366 0.276078 -0.958536 -0.0706416 -0.0606325 -0.996985 -0.0484236 -0.0026524 -0.999851 0.0170663 -0.928616 -0.0178245 -0.370614 -0.92521 -0.0137042 -0.379208 -0.0427108 -0.998953 0.0163909 0 -0.999939 -0.0110929 0 -6.20878e-07 1 -0.121497 -6.16278e-07 0.992592 -0.0238494 -0.999708 -0.00394228 0.000728555 -1 0.00012043 -0.00795252 0.0475489 -0.998837 -0.090196 0.00404467 -0.995916 -0.137599 0.000430973 -0.990488 -0.503708 -0.160374 -0.848857 -0.482142 -0.194672 -0.854191 -0.015824 -0.996103 -0.0867659 0.926518 -0.0218243 -0.375617 -0.322908 -0.935539 -0.14317 -0.828875 0.0101728 -0.559341 -0.00142327 -0.999999 -0.000765458 -0.932001 -0.32939 -0.151247 1.62567e-06 -1 1.79502e-05 -0.999152 -0.0267527 -0.0313108 -0.27859 -0.691464 -0.666532 0.020765 -0.998474 0.0511692 -0.0104972 -0.999796 0.0172449 -0.29661 -0.580754 -0.758121 0.652506 0.117165 -0.748671 -0.000168677 -1 -0.000396731 -0.528643 8.27305e-07 -0.848844 -0.651394 7.0663e-07 -0.75874 -0.518298 -0.0218886 -0.85492 9.01253e-05 -1 0.000302637 -9.17173e-08 -1 -3.07983e-07 -0.7588 -0.000165903 -0.651324 -6.73382e-08 -1 -2.30458e-07 -4.71339e-08 -1 -2.19976e-07 -0.651394 7.03763e-07 -0.75874 -0.758739 6.06657e-07 -0.651395 9.46436e-08 -1 -9.09103e-08 6.57081e-08 -1 -1.12886e-07 6.70247e-08 -1 -1.15148e-07 0.00119792 -0.999999 0.000638298 -0.010627 -0.999824 -0.0154375 0.0017481 -0.999932 -0.0114955 -0.849021 -0.000134581 -0.528359 0.959904 -0.0121957 0.280062 -0.853982 -0.0179123 -0.519994 0.411272 -0.0309855 -0.910986 0.387515 -0.019453 -0.921658 -0.000276337 -0.999591 0.0285866 -0.0265076 -0.998378 0.0503876 -0.0109138 -0.999806 0.0163847 -0.225963 -0.97413 -0.00344274 0.112878 -0.993277 -0.0256981 -0.00921731 -0.999741 0.0207971 0.416102 -0.902436 0.111659 -0.394517 -0.001946 0.918887 -0.370446 -0.00750181 0.928824 -0.331355 -0.0320535 0.942962 0.974153 -0.00236415 0.225879 0.973699 -3.30258e-08 0.227839 0.997262 -1.07199e-08 0.0739549 0.97498 -0.000870848 0.222292 0.997196 -0.00102669 0.0748282 0.929071 -0.000143746 0.369903 0.860285 4.03854e-05 0.509814 0.925456 -0.00304659 0.378842 0.765859 -9.56689e-05 0.643008 0.860513 0.000222698 0.509429 0.765673 -1.47982e-07 0.643231 0.656096 -1.33508e-07 0.754677 0.622928 -0.0676866 0.779345 0.742324 -0.0093873 0.669976 0.780976 -0.0421461 0.623137 0.701417 0.0091694 0.712692 0.658298 -0.0274288 0.752258 0.672061 -0.0140557 0.740363 0.000182022 0.999897 -0.0143885 0.500491 0.790033 0.354057 0.515148 0.772481 0.371343 0.676376 0.617542 0.401444 0.524581 0.80845 0.266876 0.729181 0.619799 0.290076 0.560752 0.807595 0.182614 0.767874 0.616989 0.172321 0.997436 -1.25583e-08 0.0715608 0.994257 -0.0426947 0.0981328 0.996584 1.33423e-08 -0.0825832 0.996631 0.000190507 -0.0820143 0.996618 9.39638e-09 -0.0821762 0.972965 -0.00388577 -0.230919 0.972802 3.94569e-08 -0.231637 0.972443 0.00175047 -0.233133 0.663612 -0.712157 -0.229022 0.628008 -0.710228 -0.318092 -0.0580207 -0.996953 0.0521371 -0.0596998 -0.998209 0.00377351 0.0448448 -0.998883 0.0148675 -0.00316255 -0.999688 -0.0247633 0.00411058 -0.999984 0.00401236 -0.00345813 -0.999709 -0.0238784 0.0648181 -0.997526 -0.0272213 -0.577015 -0.677407 -0.45626 -2.20159e-06 -1 1.71712e-06 -1.20302e-06 -1 1.20298e-06 -0.949905 0.191112 -0.247299 1.58378e-05 -1 -1.58372e-05 1.02366e-05 -1 -1.04133e-05 -0.911103 -0.198415 0.361279 -0.917523 -0.123471 0.378029 -2.85222e-07 -1 1.17515e-07 2.79434e-08 -1 -1.7784e-07 1.17897e-07 -1 -1.77874e-07 -0.511969 0.210618 -0.832784 1.82817e-05 -1 1.06663e-07 -0.0348005 -0.680887 -0.731561 -0.0636078 -0.0623037 -0.996028 -0.00266416 -0.557452 -0.830205 -0.000425423 -1 -0.000224006 -0.208053 -0.733645 -0.6469 -0.472925 -0.255993 -0.843095 -0.88758 0.046338 -0.458318 -0.406528 -0.816129 -0.410692 -0.50231 -0.546783 -0.66986 -0.973909 3.15523e-08 -0.226937 -0.970399 -0.0254343 -0.240165 -0.997111 1.24351e-08 -0.0759585 -2.27471e-06 -1 -3.0468e-07 -0.997111 8.84272e-09 -0.0759585 -0.00112837 -0.999972 0.00743675 -0.0503966 -0.998711 0.00596977 1.86043e-08 -1 -1.22615e-07 -1.75202e-08 -1 -1.3273e-07 -1.71713e-08 -1 -1.30086e-07 -5.2004e-08 -1 -1.19773e-07 -0.974065 -2.63409e-08 0.226267 -0.997111 0 0.0759582 -0.00308154 -0.99997 -0.00709725 0.0340409 -0.99911 -0.0249018 0.856474 -0.0175822 -0.515891 -0.970605 -0.0245454 0.239425 -0.00364123 -0.999993 0.00130086 -0.0313566 -0.127138 0.991389 -0.548878 -0.181312 0.816002 -0.568453 -0.226811 0.790834 -0.895981 -0.0416728 0.442132 -0.377857 -0.00724553 -0.925835 -0.085703 -0.980904 0.174595 -0.483891 -0.0188586 -0.874925 -0.43257 -0.0344818 -0.900941 -0.0935149 -0.692579 0.715254 -0.0432832 -0.0854793 0.995399 9.98435e-09 -1 -2.29611e-07 -0.997111 -1.2435e-08 0.0759582 -2.04196e-07 -1 -1.15839e-07 -9.42918e-07 -1 1.21779e-07 0.909722 0.00100063 0.415217 0.00184467 -0.999998 0.00062681 -0.559545 -0.798204 -0.223114 -0.698243 -0.638692 -0.32331 -0.923987 0.0155864 -0.382106 -0.892409 -0.18492 -0.411595 -0.812086 -0.555023 0.18018 -0.974534 -0.0161369 0.223657 -0.976614 -0.00366505 0.214968 -0.505848 -0.735733 0.450349 -0.638278 -0.0103136 0.769737 -0.698453 -0.199994 0.687143 -0.967551 -0.126056 0.218988 -0.959513 -0.246337 0.136572 -0.950464 -0.00728168 -0.31075 0.000381546 -1 -0.000530549 -0.000424277 -1 -0.000132963 0.050685 -0.99758 0.0476004 -0.534961 0.249767 0.807114 -0.644171 -0.714815 0.272184 -0.728258 -0.621675 0.288375 0.222639 0.23164 0.946982 -0.000251118 -1 0.000811778 0.531569 -0.382128 0.755919 0.67683 -0.113822 0.727287 0.463533 -0.668579 0.581498 0.230123 0.070352 0.970615 0.0238354 -0.999626 0.0133977 -0.164774 -0.972896 0.162242 0.212701 -0.91044 -0.354764 -0.928451 -0.00176767 -0.371451 -0.91694 -0.00805916 -0.398943 -0.900513 -0.0322214 -0.433634 -0.499018 -0.0609876 0.864443 0.284079 0.000173774 -0.958801 -0.0446731 -0.998331 0.0365867 -0.52807 -7.90878e-07 0.849201 -0.651398 -7.06626e-07 0.758736 -1.09575e-07 -1 -7.3517e-08 -0.00626019 -0.999972 -0.00420013 -0.651398 -7.06626e-07 0.758736 0.650755 4.40243e-07 -0.759288 0.526681 4.96345e-07 -0.850063 -8.92673e-08 -1 -8.92664e-08 0.760128 0 -0.649773 -8.77202e-08 -1 -8.77192e-08 0.760648 -0.000938401 -0.649164 0.650727 -4.16629e-05 -0.759312 0.852952 -0.00108222 -0.521988 0.919416 -0.00577221 -0.393244 0.924064 0.000155074 -0.382237 0.850698 0.00144001 -0.525653 0.969151 0.00140005 -0.246463 0.913737 0.0146491 -0.406042 0.737119 0.590409 -0.328746 0.56535 0.804048 -0.184083 1.7709e-09 1 1.39528e-07 5.66499e-09 1 1.312e-07 0.552196 0.784959 -0.280927 3.59126e-09 1 1.30447e-07 0.766192 0.612222 -0.195281 -0.00487623 0.999976 -0.00500286 0.599315 0.794196 -0.100376 -0.0166715 0.924002 -0.382025 0.00136062 0.633796 -0.773499 0.00509929 0.999986 -0.00154467 0.254425 0.962742 -0.0916317 0.284686 0.955475 -0.077592 0.00839266 0.999959 -0.00347569 0.264823 0.963511 -0.0389211 0.265841 0.963192 -0.0398839 0.495401 0.862922 -0.0997219 0.800507 0.583542 -0.13663 0.790493 0.597874 -0.132918 0.348022 0.848768 -0.398088 0.0906764 0.99588 0 -0.279445 0.938022 -0.205001 0.0451349 0.774712 -0.630701 0.0655875 0.894871 -0.441479 0.000633386 0.24317 -0.969983 -0.000644809 0.718062 -0.695979 0.000552645 0.694715 -0.719285 -0.000496249 0.258998 -0.965878 -0.00256271 0.719775 -0.694203 0.595101 0.293642 -0.748084 0.690915 0.176027 -0.701178 0.643972 0.54383 -0.538097 0.00417527 0.999986 -0.00337487 0.00326941 0.999995 0 -0.00189919 0.966008 0.258506 0.00122256 0.70471 0.709495 0.000333463 0.259232 0.965815 0.636675 0.19022 0.747303 0.998428 -0.0158425 0.0537673 0.766724 0.406454 0.496921 0.634799 0.765027 0.108463 0.552775 0.824647 0.119993 -0.0107226 0.999882 0.011 0.00718546 0.999968 0.00344428 -0.00315232 0.98403 0.177974 -5.66088e-09 1 1.31199e-07 0.00572701 0.999981 0.00237179 -3.61912e-09 1 1.30458e-07 0.281095 0.958776 0.0416545 0.252053 0.963237 0.0929688 0.790002 0.54406 0.282658 0.758045 0.597329 0.261852 0.801956 0.579667 0.144402 0.318141 0.946304 0.0574111 0.145368 0.949175 0.27917 0.0871433 0.907863 0.41011 0.166982 0.80611 0.567718 0.133047 0.643953 0.753408 0.0677937 0.489585 0.869316 0.00337101 0.834662 0.550752 -0.00454332 0.642974 0.765875 -0.000482276 0.245548 0.969384 0.000533351 0.729489 0.683992 -0.00147415 0.96597 -0.25865 0.114629 0.981545 0.15307 0.258734 0.964481 0.0532274 0.363328 0.803697 0.471237 0.835819 0.548989 -0.00419265 0.376926 0.925393 -0.0396837 0.758759 0.639117 0.125754 0.935482 0.3111 0.167599 0.988654 0.0304474 0.147093 0.989866 0.0564677 0.130296 0.704105 0.704021 -0.092681 0.988954 0.07088 -0.130176 0.704106 0.70402 0.0926818 0.704105 0.704021 0.0926815 0.999977 -0.00264225 0.00619401 0.985984 0.0279904 -0.164477 0.824803 0.490256 -0.28169 0.770899 0.574567 -0.274931 0.894523 0.0071756 -0.446965 0.921669 0.0692553 -0.381747 0.948507 0.00730137 -0.316673 0.656195 0.703945 -0.27179 0.704107 0.70402 -0.092681 0.977576 0.209624 -0.0200874 0.94745 0.00961012 0.31976 0.921689 0.0689436 0.381755 0.895339 0.00897415 0.445295 0.656094 0.704055 0.271748 0.791326 0.0708599 0.607274 0.814213 0.0247567 0.580039 0.563382 0.704049 0.432338 0.56339 0.704038 0.432346 0.776731 0.414354 0.474341 0.480063 0.793452 0.37413 0.660275 0.589454 0.465382 0.257953 0.952219 0.163522 0.62886 0.643904 -0.435801 0.299834 0.935822 -0.185303 0.30859 0.930762 -0.196097 0.0822279 0.993215 0.082235 0.391895 0.919776 -0.0207624 8.03066e-07 1 -4.21976e-07 0.504652 0.70047 -0.504646 0.183054 0.965912 -0.183044 0.543079 0.634447 -0.550038 0.484609 0.728839 -0.483682 0.685403 0.248142 -0.684579 0.682841 0.258869 -0.683166 0.984104 0.177432 -0.00758347 0.935058 0.325562 -0.140271 0.838149 0.543097 0.0505082 0.500664 0.705931 -0.500997 -0.183516 0.965758 0.183392 -0.494956 0.712704 0.497063 -0.00664611 0.17588 0.984389 -0.0254476 0.198769 0.979716 0.105871 0.498745 0.860258 -0.483169 0.729919 0.483493 0.105902 0.498606 0.860335 0.306331 0.705524 0.63906 0.469775 0.661489 0.584588 -0.00723424 0.999974 0.000599997 -0.155577 0.975168 0.157621 0.341438 0.802742 0.488902 0.442803 0.539717 0.715983 0.390017 -0.000960427 0.920807 0.27329 0.711871 0.646957 0.126849 0.633726 0.763086 0.223532 0.798863 0.558437 0.000181387 1 2.70705e-05 0.218379 0.975862 0.00194081 0.00472982 0.999978 -0.00459411 -0.000800925 0.999995 0.00290998 0.0921683 0.96555 0.24335 0.1508 0.959605 0.237523 0.452101 0.464306 0.761594 0.316313 0.696371 0.644216 0.57977 0.0273055 0.814322 0.607212 0.0705938 0.791398 0.530532 0.644743 0.550312 0.0537462 0.996712 0.0606401 0.605166 0.523945 0.599379 -0.0129244 0.930146 0.366963 -0.824291 0.109949 0.555387 0.134046 0.961055 0.241671 0.142645 0.961859 0.233407 -0.32992 0.75434 0.56756 -0.570373 0.479839 0.666655 -0.402249 0.674135 0.619465 -0.530077 0.659595 0.532872 -0.0817949 0.819958 0.56655 -0.185916 0.964812 0.185936 -0.686065 0.240255 0.686725 -0.539234 0.647498 0.538491 -0.684553 0.252206 0.683944 -0.487777 0.723389 0.488653 0.00164899 0.999999 0.000126298 -0.504161 0.761121 0.408064 -1.30071e-06 1 8.43378e-07 0.183429 0.965766 -0.18344 0.28007 0.847537 0.450823 0.43774 0.648743 0.622508 0.395255 0.744403 0.538179 0.701504 0.00148135 0.712664 0.271861 0.703794 0.656327 0 0.654654 0.755929 0.271821 0.70395 0.656177 0 -1 -1.3906e-05 0.381836 0.0676042 0.921754 0.441158 0.0109449 0.897363 0.432316 0.704074 0.563367 0.322792 0.0115606 0.946399 0.276468 0.530719 0.801188 0.271296 0.586033 0.763521 0.140917 0.581867 0.800983 0.140588 0.583204 0.800067 0.161123 0.0296207 0.98649 0.130172 0.0698476 0.989028 -0.0926791 0.70412 0.704006 -0.0926651 0.704175 0.703954 -0.130186 0.0700447 0.989012 -0.00486699 0.000792541 0.999988 -0.0115442 0.585457 0.810621 -0.133465 0.61421 0.777775 -0.136467 0.602715 0.786201 -0.101359 0.859731 0.500589 -0.0403055 0.964097 0.262474 -0.621134 0.782147 0.0493896 -0.413102 0.886901 0.206769 -0.709878 0.686473 0.157571 -0.7721 0.624064 0.120024 -0.76127 0.648433 0.0016667 -0.244321 0.969694 -0.000534875 -0.715518 0.698593 -0.00127181 -0.281179 0.959653 -0.00235093 -0.000403565 1 0.000643053 6.87409e-05 0.999999 0.00110774 -9.90374e-06 0.999998 0.00184813 -0.0575412 0.957722 0.281882 -0.0882669 0.966027 0.242903 -0.284576 0.544585 0.788951 -0.253056 0.622392 0.740669 -0.163308 0.0291569 0.986144 -0.318614 0.00849729 0.947847 -0.381858 0.0689629 0.921645 -0.445073 0.00926323 0.895446 -0.313585 0.695056 0.646964 -0.470961 0.426696 0.772092 -0.167423 0.950238 0.262711 -0.373918 0.790728 0.484699 -0.120071 0.961859 0.245783 0.648425 0.481779 0.589436 0.00630065 0.93182 0.362865 0.326673 0.757683 0.564979 0.512598 0.772658 0.374491 0.685781 0.241172 0.686688 0.683386 0.25956 0.682358 0.488 0.722793 0.489313 0.152126 0.976376 0.15345 0.475441 0.740347 0.475229 -0.108099 0.497277 0.860831 -0.107203 0.501366 0.858568 -0.698645 0.00818953 0.715422 -0.670208 -0.0114004 0.742086 -0.702106 -0.0174821 0.711858 0.0262645 0.196395 0.980173 0.0105156 0.178217 0.983935 -0.067663 0.535809 0.841624 0.183194 0.965887 0.183035 -0.000334799 1 -0.000201245 -0.175111 0.968935 -0.174644 0.000929376 0.999999 0.000559101 -0.18308 0.965907 -0.183044 0.180052 0.967036 0.18006 0.507707 0.696034 0.507711 0.032344 0.916099 0.399645 -0.199048 0.960326 0.195332 -0.0690898 0.993139 0.0943443 -0.475097 0.706886 0.524019 -0.531845 0.631663 0.564042 -0.699532 0.0067041 0.71457 -0.791266 0.0729528 0.607105 -0.563499 0.703949 0.432349 -0.563454 0.704012 0.432304 -0.813897 0.0260962 0.580424 -0.656084 0.704015 0.271877 -0.921687 0.0679262 0.381941 -0.895078 0.00610683 0.445867 -0.946188 0.0127443 0.323367 -0.985362 0.0251321 0.16861 -0.787075 0.601988 0.134622 -0.794589 0.591447 0.13718 -0.50975 0.85399 0.104189 -0.793051 0.543145 0.275796 -0.254111 0.962733 0.0925895 -0.229237 0.961814 0.149545 -0.227419 0.962851 0.1456 -0.278087 0.959612 -0.0425842 -0.479926 0.852347 -0.20779 -0.449475 0.883287 -0.133328 -0.293758 0.950725 -0.0991355 -0.360963 0.927678 -0.0954998 -0.673457 0.688427 0.269302 -0.279358 0.936191 0.213322 -0.763063 0.461085 0.452919 -0.476081 0.837338 0.268723 -0.666122 0.586461 0.460809 -0.647414 0.693337 0.316448 -0.656706 0.599717 0.457248 -0.33552 0.933617 -0.125645 -0.536364 0.633364 -0.557821 -0.680208 0.417578 -0.60245 -0.61836 0.619012 -0.484207 -0.00043389 1 -0.000157325 -0.0484869 -0.998378 0.0298331 -0.000540584 1 0.000275239 -0.529142 0.664725 -0.527399 -0.485429 0.725484 -0.487884 -0.973953 0.198348 -0.10988 -0.972439 0.230779 0.0332131 -0.845408 0.527936 0.0810454 -0.634277 0.706706 0.313463 -0.528224 0.659349 0.535012 -0.520364 0.66939 0.530226 -0.342446 0.698889 0.627922 -0.750701 -0.0197691 0.660347 -0.878118 0.431385 0.206919 -0.454953 0.836443 0.305583 -0.493578 0.795763 0.350917 -0.00212444 0.999968 -0.00775968 -0.198416 0.960493 -0.195151 -0.685898 0.602555 0.408009 -0.535673 0.799214 0.2726 -0.776085 -0.0428332 0.629172 -0.499642 0.707627 -0.499621 -0.684242 0.251814 -0.684399 -0.499888 0.707266 -0.499886 -0.681642 0.262656 -0.682917 -0.00521069 0.999985 0.00169794 -0.266356 0.963053 0.0397892 -0.264734 0.963563 0.0382298 -0.178154 0.81339 0.553767 -0.00420731 0.839409 0.543485 0.00536344 0.634934 0.772548 -0.059285 0.453469 0.889298 -0.168642 0.704104 0.689781 -0.0410951 0.765918 0.641624 0.00221636 0.966006 0.258511 -0.00227214 0.999956 0.00912932 -2.15621e-07 1 0 -5.80256e-06 0.965755 -0.259456 0.000298117 0.247492 -0.96889 -0.000571727 0.774752 -0.632265 -0.675775 0.196826 -0.710344 -0.677255 0.539468 -0.5003 -0.694155 0.692163 -0.197634 -0.756806 0.653584 -0.00852482 -0.690617 0.723185 0.00721728 -0.629774 0.573066 0.524385 0.000228142 0.259017 0.965873 -0.706083 0.172545 0.686786 -0.000208735 0.728334 0.685222 -0.683266 0.492894 0.538706 -0.678701 0.501511 0.536518 -0.000364795 0.251276 0.967915 0.000331224 0.746235 0.665682 -0.00195414 0.707037 0.707174 -0.676207 0.212861 0.70529 -0.010366 0.420479 -0.907243 -0.543813 0.345886 -0.764611 -0.999852 -0.0165959 -0.00464226 -0.714369 0.476177 -0.51277 0.00561903 0.697928 -0.716146 -0.0687793 0.484603 -0.872026 -0.153587 0.673599 -0.722963 -0.00388529 0.657225 -0.753685 -0.128315 0.991734 0 -0.326252 0.835082 -0.442943 -0.108014 0.994145 -0.00290807 -0.781069 0.609209 -0.137098 -0.795576 0.588893 -0.142354 -0.834367 0.551116 0.0101659 -0.988843 0.072443 -0.130161 -0.704105 0.704021 -0.0926808 -0.704011 0.704116 -0.0926807 -0.655941 0.704222 -0.271685 -0.985806 0.0263793 -0.165801 -0.921759 0.0678326 -0.381785 -0.947321 0.0074812 -0.3202 -0.896625 0.0114078 -0.442643 -0.704105 0.704021 0.0926814 -0.999983 0.00406764 0.0042375 -0.988831 0.0726419 0.130142 -0.704016 0.704114 0.0926574 -0.753766 0.603622 -0.259765 -0.792166 0.53984 -0.284686 -0.286079 0.955114 -0.0769125 -0.252048 0.963209 -0.0932707 -0.26303 0.964225 -0.0329414 -0.214732 0.964918 -0.151075 -0.191206 0.838589 -0.510106 -0.180045 0.820959 -0.541858 -0.00143992 0.947394 -0.320067 -0.0881621 0.83999 -0.535391 0.0284472 0.691397 -0.721914 0.000849206 0.999999 -0.00066961 -0.347303 0.935536 -0.0644508 -0.541312 0.833744 -0.108869 -0.825651 0.564117 0.00852849 0.279955 0.938005 0.204383 -0.352852 0.846204 0.399292 -0.0617589 0.896197 0.439337 -0.00222019 0.648534 -0.761183 9.19381e-05 0.964754 -0.263153 0.00268923 0.988282 0.152619 -0.285345 0.955243 0.0780301 -0.796775 0.537441 0.276237 -0.65591 0.704216 0.271777 -0.432306 0.704078 0.563369 -0.607145 0.0730417 0.791227 -0.578314 0.0274502 0.815352 -0.447342 0.63758 0.627197 0.243879 0.823397 0.512387 0.508064 0.665444 0.54686 0.203303 0.927359 0.314124 0.397735 0.679904 0.616066 0.567499 0.485791 0.664795 0.500414 0.707005 0.49973 -0.621231 -0.0602502 0.781308 -0.658001 -0.0219916 0.752696 -0.465084 0.665234 0.584089 -0.306282 0.706011 0.638545 -0.345922 0.799173 0.491589 -0.442182 0.533524 0.720991 -0.264847 0.733299 0.626201 0.000121068 0.000164202 1 -5.70657e-05 1.1116e-05 1 -0.00708751 0.77234 0.63517 -0.17205 0.658029 0.733073 -0.0079208 0.764853 0.644156 -0.532211 0.528377 0.66149 -0.729595 0.47796 0.489127 0.000172691 -0.00358748 0.999994 -5.44663e-05 -0.00128269 0.999999 0.483278 0.539392 0.689564 0.0162739 0.807165 0.590102 0.0080019 0.747243 0.664503 0.651091 0.758991 -0.00364153 0.483996 0.536218 0.691533 0.960675 0.277675 -0.000423973 0.688725 0.202888 0.696057 0.691758 0.209465 0.691082 0.97021 0.242242 0.00323516 0.726255 0.687398 -0.00611778 0.357442 0.933928 0.00374191 0.286622 0.710079 0.643145 -0.00778146 0.670915 0.741494 -0.0125089 0.646236 0.763035 0.000272852 -0.00301217 0.999995 -0.477131 0.509034 0.716401 -0.681485 0.73183 -0.0017487 -0.258521 0.966003 -0.0022136 -0.727578 0.686024 0.0014445 0.017309 0.999838 -0.00485617 0.0230253 0.964324 0.26372 0.497975 0.83617 0.229871 0.0991502 0.862511 0.496231 0.0464952 0.952124 0.302157 0.0588054 0.962433 0.265075 0.283752 0.926924 0.245552 0.738661 0.674074 0.00200794 0.452091 0.889776 0.0625522 0.764464 0.632557 0.124362 0.749544 0.661436 0.0261886 0.753008 0.644585 0.132247 0.827177 0.561817 -0.0118281 -0.00118556 0.996432 0.0843968 -0.00157823 0.515085 0.857137 -0.395759 0.854155 0.337334 -0.206548 0.939152 -0.274466 -0.439939 0.895264 0.0703958 -0.0120079 0.999922 0.00336921 -0.974121 0.226015 0.00222716 -0.965861 0.259059 -0.000551735 -0.647282 0.16984 0.743089 -7.97219e-05 0 1 0.161754 -9.59071e-05 0.986831 0.161238 0 0.986916 0.389307 -0.000644928 0.921108 0.527007 -0.000931227 0.84986 -0.400045 -0.0137907 -0.916392 -0.00469944 -0.999979 0.00451406 0.528934 -0.0016416 0.848661 -0.0240403 -0.999582 -0.0160815 -0.932229 -0.027155 0.360849 0.224505 -0.0176069 0.974314 -0.00385559 0.152703 -0.988265 0.219927 -0.789997 -0.572308 0.489943 -0.598925 -0.633439 -0.00967792 -0.999755 0.0199007 0.00195276 -0.99949 -0.0318731 0.227894 -0.724955 0.650003 0.0415926 -0.998317 0.0404233 0.376727 -0.024439 0.926002 0.398973 0.010562 0.916902 -0.922917 -0.015825 0.384673 0.0825704 -0.995133 -0.0537903 0.161625 0.0399261 0.986044 0.122439 0.000263372 0.992476 0.929072 -0.0248402 -0.369065 0.927251 -0.0226048 -0.373756 0.0365963 -0.998921 0.0285892 0.121801 -6.16115e-07 0.992555 0 -6.20878e-07 1 0 0 1 0.450714 -0.388598 -0.803648 0.551019 -0.544431 -0.632434 0.700851 0.0252201 -0.712862 0.499237 -0.715292 -0.488999 -0.182796 -0.409222 -0.893937 0.655989 -4.63736e-05 0.754771 -0.161703 0 0.986839 -0.161639 -1.17939e-05 0.98685 -0.389819 -0.000890881 0.920891 -0.38875 -0.00041313 0.921343 -0.523795 -0.00134547 0.851844 -0.528271 -0.00291529 0.849071 0.389068 0.0018959 -0.921207 -0.344498 -0.0539846 0.937234 -0.393689 0.012814 0.919154 -0.161703 -0.00154226 0.986838 0.917519 -0.0165705 0.397347 -0.316455 -0.707175 0.632266 0.923924 -0.0181142 0.382146 0.0541709 -0.989903 -0.130984 0.0715779 -0.993111 -0.0927782 -0.0120161 -0.999875 -0.0102899 0.172503 0.0788405 -0.981849 -0.277643 -0.00927119 0.96064 0.511511 -0.027308 -0.858843 0.496336 8.08507e-07 -0.86813 0.000114882 -1 -0.000620479 5.03187e-08 -1 -2.71771e-07 0.613272 7.35623e-07 -0.789871 -2.35518e-07 -1 3.88501e-08 0.61396 0.00125187 -0.789336 1.68661e-08 -1 -2.85063e-07 0.978555 -0.00190448 -0.205979 0.986624 -0.00926179 -0.16275 0.688229 -0.0240687 -0.725095 -1.09077e-07 -1 1.14919e-07 6.6907e-07 -1 -1.74336e-06 -2.99355e-08 -1 -9.70413e-08 -0.286417 0.236435 -0.928474 -0.751647 -0.109212 -0.650461 -0.521728 -0.673131 -0.524114 -0.754532 -0.140404 -0.641068 -0.295119 -0.10515 -0.949657 0.00111169 -0.999999 0.00094452 -0.340901 -0.238569 -0.909325 -0.0130096 -0.999336 0.0340277 0.263782 -0.692706 -0.671251 -0.082773 -0.996418 0.017324 -0.00127276 -0.999778 0.0210399 0.29565 -0.626664 -0.721029 0.365836 -0.260727 -0.893412 0.54602 -0.0307507 -0.837208 0.841831 0.171583 -0.511742 0.994967 -0.0789991 -0.0616438 0.692693 -0.714578 -0.0977516 0.981558 -0.189202 -0.0273068 0.784075 -0.208145 -0.584725 0.782457 -0.211165 -0.585807 0.354043 -0.153713 -0.922511 -1.48426e-09 -1 -1.63104e-07 8.74922e-08 -1 -1.34159e-07 3.16589e-08 -1 -1.77853e-07 2.81486e-08 -1 -1.7436e-07 0.913683 -0.126796 -0.386143 -3.00465e-06 -1 1.26984e-06 0.905519 -0.216029 -0.365194 0.732543 -0.613537 -0.294879 0.685553 -0.669653 -0.285626 -0.00187716 -0.999998 0.000494953 0.952168 0.211304 0.220742 -2.3912e-05 -1 1.14047e-05 2.14052e-06 -1 -2.00997e-06 0.000498047 -1 -0.00015496 0.85601 -0.0256917 -0.51632 0.758183 0.0406178 -0.650775 0.848991 0 -0.528407 0.747714 0 -0.664021 -0.00619684 -0.999918 -0.0112473 -4.78055e-08 -1 -8.67671e-08 0.000664446 -0.999906 -0.0137303 -0.850543 0 0.525905 -0.852861 0.00512596 0.522113 -0.405365 -0.0262355 -0.913778 -0.384069 -0.0156587 -0.923172 -0.00592452 -0.998807 0.048463 -0.0166235 -0.99906 0.0400311 -0.0631893 -0.993453 0.0951732 0.809437 -0.571026 0.136898 0.505697 -0.691861 0.515363 0.59904 -0.593 0.538054 0.753188 -0.0581466 0.655231 0.634053 -0.70073 0.327037 0.915616 -0.291281 0.277133 0.962993 -0.00144817 -0.269523 -0.662879 -0.714375 0.224185 -0.0383152 -0.999177 -0.0133148 -0.024821 -0.999692 0.000520519 0.0426224 -0.999082 0.00422745 0.0747562 -0.993593 -0.0847637 0.375605 -0.0166098 0.926631 0.41202 -0.00136297 0.911174 0.355958 -0.0281155 0.934079 -0.972674 0.000737971 0.232176 -0.996628 -1.87954e-08 0.0820541 -0.973097 -0.00385148 0.230365 -0.972826 -3.97997e-08 0.231536 -0.99664 0.000178527 0.0819023 -5.19825e-08 -1 -1.19797e-07 -0.00505185 -0.999895 0.0135948 0.00401773 -0.999949 0.00925915 -1.72684e-08 -1 -1.30077e-07 0.973943 2.64023e-08 -0.226795 0.9971 1.59929e-08 -0.0761008 0.971598 -0.0173732 -0.235998 0.00219271 -0.999997 -0.000783439 0.9971 1.24584e-08 -0.0761008 -2.04314e-07 -1 -1.15801e-07 9.97928e-09 -1 -2.29607e-07 -1.79629e-05 -1 -4.70517e-07 1.14451e-07 -1 -1.7778e-07 9.43061e-07 -1 -4.84867e-07 0.529066 0.211464 -0.82181 0.0432122 -0.0980742 -0.994241 0.116579 -0.701611 -0.702959 0.0744611 0.00956884 -0.997178 0.547783 -0.337746 -0.765416 0.798491 0.066008 -0.598377 0.520428 0.190463 0.832393 2.68708e-06 -1 7.36882e-08 0.897748 -0.236169 0.37185 0.688342 -0.648903 0.324207 1.12453e-07 -1 4.58716e-08 0.903567 -0.218434 0.368581 0.000692345 -1 0.000364659 0.964117 -0.0613274 0.258296 0.9971 -1.24583e-08 0.0761005 0.973949 0 0.226769 0.9971 -8.85924e-09 0.0761005 0.0011147 -0.999972 -0.00734703 0.0548711 -0.998477 -0.00579263 1.86009e-08 -1 -1.22599e-07 -1.76218e-08 -1 -1.32739e-07 -0.973904 3.28985e-08 -0.226961 -0.997263 1.07173e-08 -0.0739369 -0.878878 0.000753807 -0.477045 0.890352 -0.0547968 0.451964 0.159011 -0.390454 0.906786 0.54691 0.0536208 0.835473 0.0198236 -0.0955263 0.995229 -0.843146 -0.0208439 0.537281 -0.904295 0.195098 0.379719 -0.923114 -0.00155825 0.384523 -0.969947 0.000534268 0.243318 -0.99721 -0.000834048 -0.0746463 -0.975585 -0.00121045 -0.219618 -0.968252 -0.0143203 0.249566 -0.00943962 -0.999626 0.0256534 -0.000930146 -0.999876 0.0157209 -0.526161 -4.92648e-07 0.850385 0.943673 -0.0355766 0.328962 -0.132994 0.575039 0.807244 -0.222639 0.804663 0.550408 0.0077039 0.99997 0.000780581 -0.00145768 0.999999 9.64423e-05 -0.139408 0.963369 0.229099 -0.155593 0.958575 0.23859 -0.432402 0.703943 0.563465 -0.271928 0.703759 0.656337 -0.0588778 0.960782 0.270981 -0.271574 0.704468 0.655722 0.092681 0.703954 0.704173 0.092681 0.704016 0.70411 0.705567 -0.0217182 0.708311 0.536539 0.638286 0.552012 0.363471 0.676227 0.640786 0.0869755 0.523708 0.847446 0.512245 0.689377 0.512215 0.611855 0.724306 0.317827 0.882419 0.450114 0.136874 0.410406 0.816078 -0.40692 0.114325 0.986315 -0.118794 0.665245 0.479584 -0.572231 0.516783 0.818124 -0.252208 0.512526 0.815346 -0.269312 0.00904889 0.999954 0.00326496 0.213117 0.966515 0.142934 0.265992 0.954097 0.137646 0.654052 0.688513 0.313315 0.432286 0.704135 0.563314 0.656191 0.703943 0.271804 -1.76512e-09 1 1.3953e-07 0.653525 0.543203 0.527101 -0.000277397 0.7326 0.68066 0.726942 0.222416 0.649681 0.669383 0.742908 -0.00365408 0.999854 0.0106442 -0.0133495 0.999773 -0.0207613 -0.00479067 0.704715 0.709413 -0.010531 0.756274 0.444988 -0.47962 0.993258 -0.0428925 -0.107694 0.593481 0.79851 -0.100809 0.00449392 0.968619 -0.24851 0.0941512 0.584891 -0.805629 0.165915 0.713505 -0.680723 0.194915 0.847139 -0.494331 0.632741 0.658215 -0.407913 0.520373 0.769816 -0.369588 0.0001751 0.999905 0.013796 0.839681 -0.0389917 -0.541678 0.493006 0.803261 -0.33424 0.774382 -0.0407562 -0.631404 0.00574027 0.999979 -0.00289665 0.114205 0.986408 0.118142 0.918981 0.105126 -0.380029 0.758709 0 -0.651429 0.850565 0 -0.52587 0.0492208 -0.99872 -0.0116617 0.00279455 -0.999983 0.00506161 -6.46758e-08 -1 -1.17144e-07 -0.758796 -6.39713e-07 0.651328 -0.758796 0 0.651328 -0.84869 0 0.52889 0.965851 -0.0180842 -0.258467 -0.862789 -0.0532017 0.502757 -0.00103764 -0.999999 0.000320955 -0.969702 0.04676 0.239773 -0.976094 0.0717382 -0.205168 -0.753478 -0.399182 -0.522422 0.387305 -0.00718389 0.921924 -0.167922 -0.985577 -0.0209635 0.366556 -0.00941429 0.930348 0.322544 -0.0384497 0.945773 0.85026 -0.000676928 -0.526362 0.52528 0.00191591 -0.850927 0.527068 -0.00349732 -0.849816 -0.0160193 -0.828825 0.559279 -0.297345 -0.0277043 0.954368 0.387144 -0.00821257 -0.921983 0.356297 -0.0504346 -0.933011 0.016565 -0.999856 -0.0038222 0.0300656 -0.999488 0.0109913 0.00950824 -0.998864 -0.0467007 0.0331445 -0.995983 -0.0831859 -1.19932e-06 -1 1.1958e-06 -0.26279 -0.7093 0.654091 -0.719953 -0.0992645 -0.686888 0.864252 -0.0080216 0.502995 -0.925533 0.0028083 -0.378657 0.916414 -0.02832 0.399229 0.925079 -0.00578543 0.379731 0.857174 0.0188013 0.514684 1.3975e-07 -1 -3.07612e-08 0.157984 0.18648 -0.969673 2.34852e-08 -1 -1.44148e-07 -0.350344 -0.276378 -0.894916 -0.695614 -0.711178 -0.101722 -0.41683 0.0339141 -0.908352 -0.198014 0.0323375 0.979666 -8.48983e-08 -1 -1.89403e-07 -0.700076 -0.708465 0.0892835 0 0.0352713 0.999378 0 -1 -2.22271e-05 1.27857e-05 -1 8.63716e-05 7.27718e-09 -1 -1.60578e-07 -2.23058e-06 -1 -2.46383e-05 -0.000535386 -1 -0.000318359 0.936159 -0.315849 0.154422 0.998693 -0.0262866 0.0438358 0.827987 0.00202369 0.560744 0.502124 -0.200924 0.841131 -0.927424 -0.0039465 0.37399 0.00295806 -0.994456 0.105113 -0.234832 -0.711158 -0.662653 0.394343 -0.903026 0.170403 -0.0016648 -0.999272 0.0381251 0.0110544 -0.99961 -0.0256488 0.0636264 -0.997944 -0.00770481 -0.22667 -0.901567 -0.368506 -0.377413 -0.0240439 -0.925733 -0.386896 -0.00870491 -0.922082 0.927402 -0.00507614 -0.374033 0.192135 -0.838707 0.509563 -0.0415846 -0.530973 0.846368 0.920138 -0.00911008 -0.391488 0.0658469 0.238115 0.969002 -0.40275 -0.672642 0.620762 -0.398045 -0.450249 0.799272 -0.26415 -0.683222 0.680759 -0.692897 0.0337419 0.720247 -0.507712 -0.697728 0.505375 -0.546816 -0.568004 0.615113 -0.0240743 -0.997913 -0.059925 0.273268 -0.695293 0.66475 0.013104 -0.999731 -0.0191165 0.285199 -0.627913 0.724146 0.355096 -0.257489 0.898669 0.698992 -0.707706 0.10277 0.00147005 0.0868092 -0.996224 -0.131197 -0.000429614 -0.991356 -0.94047 -0.0234471 0.339067 -0.914769 0.00982459 0.403857 -0.037717 -0.998591 -0.0373294 -0.542535 -0.797886 0.262744 0.36805 0.0180206 0.929632 0.131517 -0.00335941 0.991308 0.0007055 0.0398014 0.999207 -7.92196e-05 -0.999988 -0.00495099 0.0901638 -0.00246697 0.995924 0.494135 -0.213604 0.842736 0.415824 0.0281533 0.909009 -0.000105254 -0.99999 -0.00453377 0.940658 -0.0200599 0.338763 0.52055 -0.000832587 -0.853831 0 -0.000198704 -1 0 0.771202 -0.636591 0.132406 0.583417 -0.801307 0.0107788 0.678622 -0.734409 0.0053317 0.999979 0.00379115 0.0653717 0.958613 -0.277107 0.423735 0.90448 -0.0486178 0.79202 0.610288 -0.0159085 0.903739 0.417457 -0.0947979 0.584646 0.797836 -0.14713 0.965654 0.25983 -0.00117789 0.965862 0.259055 -0.00125224 0.675276 0.73756 0.00262669 0.300132 0.733543 -0.609784 0.450492 0.482098 -0.751425 0.558566 0.829447 -0.00465813 0.0983181 0.866422 -0.489537 0.139553 0.590614 -0.794795 0.130674 0.622844 -0.771356 0.165118 0.0267596 -0.985911 0.259516 0.602467 -0.754775 0.280428 0.550036 -0.786651 0.0895983 0.965455 -0.244681 0.0652375 0.95806 -0.279044 0.000367365 0.999999 -0.00146228 0.15257 0.959879 -0.235276 0.192784 0.928406 -0.317641 0.234046 0.917009 -0.322981 0.516559 0.297548 -0.80289 0.317827 0.691736 -0.64845 0.0355331 0.968301 -0.247246 0.318401 0.00742169 -0.947927 0.130182 0.0703166 -0.988994 0.00708371 0.00364461 -0.999968 0.000551166 0.999999 -0.000898417 0.21257 0.818886 -0.533142 0.101702 0.959663 -0.262113 -0.401353 0.684622 -0.608448 -0.468438 0.62513 -0.624323 -0.684689 0.247386 -0.685566 -0.683013 0.260009 -0.68256 -0.500311 0.706992 -0.499852 -0.526806 0.665407 -0.528875 0.669118 0.457641 0.58553 0.359148 0.89484 0.265092 0.897174 0.393083 -0.201408 0.511233 0.831259 0.218285 0.245129 0.949435 -0.196174 0.791443 0.0697507 -0.60725 0.697588 0.00445112 -0.716485 0.633992 0.507821 -0.583243 0.397552 0.808949 -0.433076 0.563394 0.704078 -0.432274 0.656072 0.704072 -0.271757 0.432051 0.704529 -0.563001 0.563012 0.70452 -0.432053 0.0926753 0.704073 -0.704054 -0.563361 0.704076 -0.432321 -0.432347 0.70404 -0.563386 -0.432409 0.703952 -0.563449 -0.563363 0.704074 -0.432323 -0.79131 0.0712496 -0.607249 -0.70299 0.0016102 -0.711198 -0.607283 0.0708826 -0.791317 -0.542014 0.630596 -0.555491 -0.444974 0.637149 -0.629316 -0.456767 0.603558 -0.653515 -0.581958 0.21321 -0.784772 -0.489565 0.212982 -0.845556 -0.407467 0.603166 -0.685684 -0.516499 -0.00648007 -0.856263 -0.414943 0.571133 -0.708258 -0.58234 0.0311121 -0.81235 -0.656089 0.704069 -0.271725 0.688785 0.724965 0.00118367 -0.524297 -0.00264265 -0.851531 9.46334e-08 -1 -9.09004e-08 6.57404e-08 -1 -1.12849e-07 6.70534e-08 -1 -1.15103e-07 -0.000954114 -0.999999 -0.000508732 -0.00140397 -0.99993 0.0117172 0.0121561 -0.999798 0.0160235 -0.969155 -0.016962 -0.24587 0.860504 -0.0434285 0.50759 0.00146243 -0.999999 0.00057068 0.968938 0.0158993 0.246793 0.982964 0.00361512 -0.183761 0.81197 -0.416512 -0.408929 0.647302 -0.0163072 -0.762059 0.0111998 -0.999451 -0.0311676 0.0296535 -0.999535 -0.00705653 -0.0290776 -0.998708 0.0416677 -0.391327 -0.0213233 0.920005 -0.910699 -0.029413 -0.412023 -0.927633 0.011387 -0.373321 -0.866314 -0.0123771 -0.499347 -0.857178 0.0225871 -0.514524 -0.407681 -0.0292702 0.912655 0.848994 0 0.528403 0.758796 -6.06595e-07 0.651328 0.758796 0 0.651328 0.651328 -7.03684e-07 0.758796 0.897791 -0.0367949 -0.438883 -0.655988 0.000189131 -0.754771 0.528176 -8.21e-07 0.849135 0.651328 -7.06682e-07 0.758796 0.981938 -0.1288 -0.138597 -0.438509 -0.890283 -0.122909 -0.935009 -0.0436585 -0.351927 -0.868066 0.0202324 -0.496037 -0.710965 0.574981 -0.404877 -0.497192 0.792762 -0.352601 -0.590931 0.659353 -0.464816 -0.642698 0.700646 -0.309893 -0.00244558 0.999955 0.00918802 -0.19388 0.96205 0.192018 -0.754639 -0.0188149 -0.655871 -0.742372 -0.00809553 -0.669939 -0.86046 0.497475 -0.110129 -0.717463 0.00754946 -0.696555 -0.981257 0.190748 0.0273881 -0.713999 -0.0158852 -0.699967 -0.856686 0.504263 -0.108663 -0.983656 0.179208 0.0174748 -0.476759 0.736618 0.479683 -0.683583 0.25184 0.685048 -0.687349 0.235363 0.687136 -0.845043 0.530906 -0.0635646 -0.631797 0.691661 -0.349912 -0.546949 0.653293 -0.523503 -0.48795 0.723756 -0.487937 -0.326439 0.715907 -0.617183 -0.113774 0.485819 -0.866623 -0.656583 -0.0261212 -0.753801 -0.665241 -0.0193198 -0.746378 -0.0794479 0.732826 -0.675762 0.0652245 0.193163 -0.978996 -0.148732 0.4908 -0.858484 -0.137276 0.259189 -0.956021 0.49999 0.70724 -0.499822 0.682973 0.258158 -0.683303 0.59297 0.654663 -0.468832 0.201926 0.949528 -0.240045 0.155817 0.889356 -0.429845 0.532572 0.637397 -0.55686 0.476542 0.59528 -0.646954 0.525826 0.542494 -0.655139 0.271132 0.896832 -0.349543 0.523122 0.672498 -0.523536 0.68137 0.269687 -0.680444 0.47613 0.742183 -0.471661 0.189345 0.962993 -0.191814 0.474955 0.742352 -0.472579 -0.522717 0.674673 0.521136 -0.785096 -0.0553223 -0.616898 -0.46405 0.67374 -0.575093 -0.432676 0.521344 -0.735522 -0.592054 0.549205 -0.589785 -0.307284 0.931727 0.193548 -0.502423 0.776361 -0.380571 -0.649726 0.608303 -0.455877 0.994571 -0.00867222 -0.103698 0.62422 0.0135538 0.781131 0.842815 0.000120777 -0.538204 0.196228 0.946956 0.254497 -0.00745553 0.999911 -0.0110753 0.217022 0.937814 0.270938 0.68682 0.149197 0.71135 0.725256 -0.0436911 0.687092 0.242518 0.942474 0.230062 0.215589 0.95234 0.215802 0.242449 0.942428 0.230322 0.723512 0.0246511 0.689872 0.708127 0.0315231 0.705381 0.694874 0.0213537 0.718814 0.670608 0.233697 0.704038 0.294219 0.314444 0.90253 0.526349 0.677264 0.514072 0.445395 0.760761 0.472088 0.298026 0.699556 0.649463 0.269207 0.924237 0.270765 0.336421 0.494653 0.801336 0.315499 0.901296 0.296861 0.0585101 0.994975 0.0812493 -0.0261638 0.972189 0.232733 -0.134559 0.632921 0.762433 -0.0135237 0.718683 0.695206 -0.389112 0.0585511 0.919328 -0.243123 -0.0429658 0.969043 0.00775659 0.999962 0.00393273 -0.00430243 0.999976 0.00541407 -0.00458528 0.999976 0.00513411 0.621864 -0.0302984 -0.782539 0.765818 0.0222872 -0.642671 -0.147408 -0.973996 -0.172056 0.839314 -0.000281166 -0.543646 -0.166002 -0.968001 -0.188193 -0.503014 -0.656071 -0.562625 -0.520739 -0.608419 -0.59888 -0.172781 -0.730415 -0.660788 0.256581 -0.712273 -0.653325 0.162538 -0.525067 -0.835396 0.267183 -0.286106 -0.920194 0.36907 -0.00608415 -0.929382 -0.268299 -0.227184 -0.936164 -0.393936 -0.00402948 -0.919129 -0.856502 -0.106207 -0.505098 -0.850868 -0.135866 -0.507508 -0.473444 -0.475092 -0.741713 -0.134285 0.937089 0.322229 -0.0785548 0.970566 0.227664 -0.287153 0.65793 0.696184 -0.892416 -0.204577 -0.402173 -0.000991493 0.999999 -0.00039472 -0.884591 -0.280603 -0.372507 -0.911308 -0.164995 -0.37722 -0.000453942 1 0.000258042 0.000331891 1 -0.000203652 -0.939676 -0.336312 0.0624821 0.297647 0.924845 -0.236786 0.333962 0.912029 -0.23806 -1.03053e-07 1 8.19814e-08 -0.00111395 0.999996 0.00269793 0.0280873 0.882636 -0.469217 0.000246776 1 0.000216104 -0.000850808 0.99939 0.0349253 -0.376364 0.904658 0.199862 -0.000431061 1 -0.000352088 -0.00130074 0.999999 -0.00102341 -0.0882957 0.917046 0.388883 0.000234236 1 0.00015921 0.113447 0.981134 0.156545 0.503369 0.571695 0.647908 0.479184 0.600419 0.640218 0.185719 0.672902 0.716039 0.188634 0.622475 0.759567 0.062467 0.965449 0.252993 0.218128 0.683235 0.696857 0.286853 0.062034 0.955964 0.626354 -0.0422663 0.778392 -0.000206582 1 -0.000266924 0.928198 0.141814 0.344002 -0.000264698 1 0.000549599 0.999708 -0.0107716 0.0216192 0.916732 0.0909293 -0.389018 0.766599 0.642034 -0.010875 0.728318 0.680481 0.0806123 0.0124146 0.999625 0.0244126 0.478114 0.878297 0.00111867 -0.0110128 0.999661 -0.023591 0.0467254 0.938385 0.342419 -0.0272215 0.935586 0.352048 0.0465753 0.966986 0.250536 -0.00281113 0.999907 0.0133388 -0.442389 0.896792 -0.00747318 -0.558676 0.685898 0.466289 -0.871183 -0.00229768 0.490952 -0.743897 0.640438 -0.190937 -0.9371 0.306056 -0.167848 -0.820152 0.458848 0.341774 -0.880699 0.0909125 0.46487 -0.222053 0.0540471 0.973535 -0.249932 0.023913 0.967968 -0.218809 0.0264634 0.975409 -0.201937 0.190871 0.96062 -0.123658 -0.00903049 0.992284 -0.239189 0.0452641 0.969917 -0.0555347 0.375134 0.925306 0.0281225 0.241207 0.970066 0.0899485 0.0212396 0.99572 -0.0338113 0.0886459 0.995489 0.0564988 0.00390367 0.998395 0.0313735 0.860428 0.508605 0.0444327 0.593246 0.803794 0.0405392 0.961406 0.272132 0.120197 0.787049 0.605067 0.19462 0.0082943 0.980844 0.237147 0.0249369 0.971154 0.382928 -0.0102586 0.923721 -1.29952e-06 1 -5.92436e-06 0.214009 0.048249 0.975639 0.313896 0.160295 0.935829 0.642239 -0.159765 0.749669 0.3124 0.0792043 0.946643 0.382287 0.0431827 0.923034 0.470993 0.0124751 0.882049 0.324622 0.637246 0.698955 0.176646 0.929521 0.323709 0.113662 0.943779 0.310422 0.0811543 0.974114 0.210988 -0.0012201 0.999999 -0.000157622 -0.918888 -0.0585193 0.390153 -0.918058 -0.0529094 0.392901 -0.727713 0.0655287 0.682744 0 1 0 -0.000238507 1 -0.000356469 -5.18137e-08 1 1.98513e-07 -0.915027 -0.0887996 0.393497 -0.79486 -0.00441782 0.606777 -0.233016 0.0158045 0.972345 -1.94356e-05 -1 8.11023e-05 5.28019e-05 -1 7.60233e-05 -0.550756 -0.0200303 -0.834426 -1.18914e-05 -1 1.1351e-05 -0.646556 -0.0377144 -0.761934 -0.615754 -0.00405414 -0.787928 0.723336 -0.0067108 -0.690464 -0.671235 -0.0530803 -0.739341 -0.696892 -0.0284206 -0.716612 -0.430766 -0.720679 -0.543196 -0.440295 -0.539971 -0.717337 -0.410258 -0.601245 -0.685706 -0.421164 -0.0366223 -0.906245 -0.426516 -0.0352358 -0.903793 -0.401967 -0.018669 -0.915464 -0.515944 0.00862927 -0.856579 -0.277745 0.00326013 -0.960649 -0.177841 -0.0488821 -0.982844 -0.161644 -0.035662 -0.986205 -0.189031 -0.294168 -0.936874 -0.0901058 -0.665374 -0.741053 0.05482 -0.654337 -0.754214 0.0655948 -0.620137 -0.781747 0.0966424 -0.0320319 -0.994804 0.0719407 -0.052227 -0.996041 0.314522 -0.0511022 -0.947874 0.219626 -0.010223 -0.975531 0.3389 -0.0323161 -0.940267 0.222847 -0.75693 -0.614326 0.347409 -0.618355 -0.704942 0.333742 -0.690784 -0.641431 0.405354 -0.727388 -0.55371 0.150637 -0.963421 -0.221648 0.0022362 -0.999985 -0.0050844 0.00192932 -0.999984 -0.00525011 -0.00102468 -0.999964 -0.00845752 0.172721 -0.726945 -0.664619 0.0607813 -0.64373 -0.762835 0.0691548 -0.697916 -0.712833 0.177419 -0.583886 -0.792212 -0.0201387 -0.771263 -0.636198 -0.0869786 -0.733711 -0.673872 -0.125692 -0.61225 -0.78061 -0.000762677 -0.999968 -0.00800082 -0.0029879 -0.999987 -0.00424262 -0.0113706 0.999839 -0.0138601 -0.438088 -0.350494 -0.827788 -0.000701754 -0.999994 0.00333118 -0.0521084 -0.998295 -0.0263098 0.0013912 -0.999946 0.0103272 -0.664377 -0.737228 0.122878 -0.264466 -0.953752 0.142879 -0.329869 -0.924386 -0.191563 -0.0486147 -0.954478 -0.294292 -0.0696598 -0.941225 -0.330521 -0.0254753 -0.70678 -0.706974 -0.0565615 -0.964377 -0.258415 -0.252986 -0.281041 -0.925751 -0.229071 -0.0873489 -0.969483 -0.353236 0.0405545 -0.934655 -0.405136 -0.00254821 -0.914253 -0.321764 -0.0891962 -0.942609 -0.339218 -0.0349498 -0.940058 -0.0195653 -0.999807 0.00201734 -0.961952 -0.0541568 0.267797 -0.908077 0.0577258 0.414806 -0.893591 -0.30902 0.325579 -0.912595 -0.181854 -0.366195 -0.916998 -0.0582895 -0.394609 -0.69028 -0.504966 -0.518192 -0.995596 0.0027581 0.0937094 -0.944829 -0.0410425 -0.324983 -6.40282e-07 -1 -8.3551e-07 -0.923245 -0.0110317 -0.384052 -0.608216 -0.0128543 -0.793667 -0.71486 -0.682769 0.151002 -0.631065 -0.70932 -0.314041 -0.672585 -0.670567 -0.313002 -0.376278 -0.699776 -0.607231 -0.130574 -0.00885712 -0.991399 -0.0967878 -0.0255873 -0.994976 0.37895 -0.0203939 -0.925192 0.187811 -0.669326 -0.71884 0.440054 -0.792977 -0.421356 0.274278 -0.553966 -0.786062 0.799456 -0.0297157 -0.59999 0.909928 -0.0193437 -0.414316 0.849996 -0.0801581 -0.520655 2.60834e-05 -1 1.71411e-05 -9.40498e-06 -1 7.14803e-05 0.820314 -0.0191654 -0.571593 -0.23517 -0.319123 -0.918072 -0.174661 -0.0176886 -0.98447 -0.430101 -0.0494188 -0.901427 -0.315604 0.00662832 -0.948868 -0.459212 -0.000428002 -0.888326 -0.487079 -0.00823994 -0.873319 -0.929853 0.0187349 0.367455 -0.923834 0 0.382793 -0.524625 0.13523 -0.840525 2.83382e-07 1 4.73521e-07 -1.96269e-08 1 1.90035e-07 1.32091e-07 1 3.26173e-07 -0.659116 0.0904519 -0.746582 -0.56997 -0.0497148 -0.82016 -2.49386e-08 1 2.41465e-07 -0.599361 0 -0.800479 -0.612014 0.0662253 -0.788069 1.48517e-07 1 4.60795e-07 -0.513522 0 -0.858077 -0.513522 0 -0.858077 2.39421e-07 1 4.00064e-07 0.515393 0 0.856954 0.612475 0 0.79049 0.515393 0 0.856954 0 1 0 0.612475 0 0.79049 -1.66037e-07 1 6.87367e-08 -0.910786 0 0.412879 -0.916221 -0.0123462 0.400483 -0.923954 -6.42292e-05 0.382503 -0.610981 0.747755 0.25993 -0.92824 0.0230496 0.371268 0.00118176 0.999963 -0.00849292 0.0246363 0.997022 0.07308 -0.387068 0.0250314 0.921711 -0.293152 -0.00112537 0.956065 1.01929e-06 1 1.14869e-06 -5.86861e-08 1 1.91395e-07 0.980743 -0.0205665 -0.194217 -2.042e-07 1 -6.94955e-08 0.711006 0 -0.703186 0.714824 0.0118673 -0.699204 0 1 0 0.994138 0.0355046 0.102121 0.954215 0.0170395 0.298636 0.0672486 0.996434 -0.0509565 0.00230668 0.999994 0.00268319 0.0468494 0.99783 0.0462608 0.00317697 0.999959 -0.00850349 -0.453118 0.761545 0.463392 -0.706921 -0.0351633 -0.706418 0.437222 0.0166446 -0.8992 0.700815 0.0646442 -0.710408 -0.706685 -0.0344571 -0.706689 -0.898606 0.0165622 0.438444 -0.717504 0.0625147 0.693743 -0.70687 -0.00102144 0.707343 -1.26611e-07 1 1.26696e-07 0.79049 0 0.612475 -0.707228 0.000104111 0.706985 -0.707265 0 0.706948 -1.26691e-07 1 1.26634e-07 0.79049 0 0.612475 0 1 0 -1.94877e-07 1 -5.29796e-08 0.856953 0 0.515394 0.429726 0 -0.902959 0.856953 0 0.515394 0.424257 -0.00584478 -0.905523 0 1 0 0.382422 0.023889 -0.923679 0.3757 0.037177 -0.925996 0.00879464 0.999959 -0.00200994 -0.884091 0.00130741 -0.467313 -0.92453 -0.00928508 -0.380995 -0.973181 0.0205982 -0.229117 -0.654056 -0.688289 -0.313798 -0.902496 -0.0145603 -0.430452 -0.919443 0.105591 -0.37878 -0.938817 -0.0404071 -0.342038 -0.938066 -0.0261291 -0.345469 -0.473699 -0.858472 -0.196559 0.0172096 0.997839 -0.0634064 -0.0117473 -0.999868 -0.0112422 -0.00289586 -0.999967 0.0076461 0.261916 0.0135682 -0.964995 -0.462427 -0.0162923 -0.886508 -0.240657 -0.063655 -0.968521 0.156378 0.000955459 -0.987697 -0.34278 -0.0167541 -0.939266 -0.706407 -0.043706 -0.706455 -0.594135 -0.660284 -0.459378 -0.804286 0.00792666 -0.594189 -0.968292 -0.0526841 -0.244204 -0.995331 0.0185278 -0.0947277 -0.865744 0.00450031 0.500466 -0.165904 -0.986109 -0.00802736 -0.791047 -0.520361 0.321667 -0.729833 -0.64139 0.236564 -0.513061 -0.757085 0.404463 -0.471013 0.000709596 0.882126 -0.413373 -0.052422 0.909052 0.0165536 0.999382 -0.031002 -0.862374 0.0220389 0.505791 -0.97945 0.0123154 0.201313 -0.972267 -0.065182 0.224608 -0.753158 -0.657408 -0.0238433 -0.111496 -0.968436 0.222937 -0.108715 -0.974872 0.194437 -0.00831407 -0.999946 -0.00620331 -0.0114049 -0.99991 -0.00701924 -0.00328954 -0.999988 -0.00360171 0.000100336 -1 -5.12942e-05 -0.0825444 -0.984769 -0.153022 -0.0118025 -0.999927 0.00247535 -0.0033032 -0.999974 -0.00645414 0.00208018 -0.999936 0.0111509 -0.273688 -0.918953 -0.283938 -0.00703542 -0.999886 -0.0133421 0.0974055 -0.8715 -0.480625 0.0970497 -0.908471 -0.406524 -0.234037 -0.709663 -0.664534 -0.486656 -0.717709 -0.498056 0.34742 -0.341175 -0.873441 0.278271 -0.0389262 -0.959714 -0.238281 -0.0429293 -0.970247 -0.148975 -0.0264157 -0.988488 -0.532679 -0.611438 -0.585146 -0.392344 -0.333434 -0.857256 -0.802457 -0.0209029 -0.596343 -0.174883 -0.0350407 -0.983965 -0.851019 -0.00922642 -0.525054 -0.34539 0.021807 0.938206 -0.378196 0.277277 0.883224 -0.264388 0.689901 0.673896 0.221271 0.703168 0.675717 0.0935756 0.243581 0.965356 0.373898 0.48701 0.789317 0.187862 0.0202745 0.981986 0.308736 -0.00316653 0.951142 -0.183549 0.0154302 0.98289 0.129106 0.649108 0.74966 -0.150616 0.585658 0.796442 -0.253235 0.752037 0.608532 0.150588 0.971694 0.182028 -0.00523544 0.999966 0.00644908 -0.257619 0.735611 0.626505 0.918414 0.0212696 0.395048 0.917643 0.0561351 0.39342 0.91992 0.0393543 0.390126 0.919051 -0.0339104 0.392677 0.91982 -0.0372537 0.390569 0.929523 -0.0130537 0.368534 0.609329 0.745864 0.269082 0.998235 0.0134163 -0.0578562 0.726171 0.684281 -0.0666011 -4.63564e-06 -0.000435649 -1 0.0103557 0.999906 0.00904359 0.0108884 -0.0650785 -0.997821 0.00693901 0.999976 -0.000639877 0.0142757 0.999586 0.0249955 0.00746749 -0.0467593 0.998878 9.33805e-07 0.000333866 1 0.0030043 0.99999 0.00339408 0 1 0 0.295262 0.0456207 0.954327 -0.000241383 1 2.2259e-05 0.618009 -0.0699615 0.783052 -3.71516e-05 1 6.11867e-05 0.774359 -0.0771934 -0.62802 0.357877 0.105751 -0.927761 0.903702 0.0129659 -0.427966 0 1 0 0.816697 0.0192355 -0.576745 0.935688 -0.0112979 -0.352647 0.0017142 0.999997 -0.00198676 0.48593 0.812138 -0.322962 0.555034 0.708177 -0.436374 0.244181 0.474537 -0.845689 0.00719917 0.772738 -0.634684 -0.00473212 0.999965 0.00691489 -0.00531911 0.999962 0.00697439 0.00843763 0.999929 -0.00835794 0.753275 0.657692 -0.00433292 0.999837 0.0159381 -0.00855104 0.995644 0.0919992 0.0151465 0.918828 0.00258398 0.394651 0.7202 0.0493006 0.692013 0.365489 -0.00489784 0.930803 0.0216136 0.0422657 0.998873 0.0168223 0.0336103 0.999293 0 0.00671921 0.999977 -0.999114 -0.0415705 0.00664032 -0.0664402 -0.00299102 0.997786 -0.999598 -0.0283388 0.000263648 -0.305896 0.0184458 -0.951886 -0.0166505 0.0616815 -0.997957 0.00199839 -0.00443625 -0.999988 0.992038 -1.95481e-08 0.125938 0.00406137 1.55218e-07 -0.999992 0 1 0 0 1.72469e-07 -1 0.970378 0 0.241593 0.992038 0 0.125938 0.970378 0 0.241593 -6.87412e-08 1 1.66037e-07 4.308e-07 1 2.20746e-07 4.52093e-07 1 1.13622e-07 -0.380545 0.00276798 0.924758 -0.382524 0.000413056 0.923945 -0.969839 0 -0.243745 -0.378367 0 0.925656 -0.897949 0.00813752 -0.440024 -0.906615 0.0161572 -0.421649 -0.952717 -0.0871256 -0.291101 -0.920646 -0.259401 -0.291757 -0.672521 -0.496122 -0.549162 -0.0606265 -0.573128 -0.81722 0.0185721 -0.775728 -0.630794 0.311937 -0.600444 -0.736317 0.310601 -0.589744 -0.745473 0.21419 -0.792259 -0.571357 0.132616 -0.926748 -0.351499 -0.000294916 -1 -0.000246904 0.00181662 -0.999977 0.00657514 -0.0105215 -0.999938 -0.00358836 -0.00300807 -0.999995 -0.000329485 -0.00271855 -0.999983 -0.00509798 -0.00931372 -0.999955 0.00177611 0.101215 -0.960334 0.259835 0.0697167 -0.974656 0.212567 -0.281164 -0.914095 0.292193 -0.373985 -0.920792 0.110801 -0.895473 -0.354869 0.268693 -0.694494 -0.695416 0.184594 -0.964107 0.0118567 0.265249 -0.961403 -0.0163825 0.274657 -0.937775 0.00896616 0.347128 -0.927539 -0.00154948 0.373724 -0.382768 0 -0.923844 -0.394896 0.0150242 -0.918603 -4.40056e-07 1 3.64174e-07 -0.96985 0 0.243702 -0.96985 0 0.243702 -2.95769e-07 1 2.44767e-07 -0.99035 0 0.138588 -3.49462e-07 1 2.15243e-07 -0.990809 0.0530017 0.124453 3.23155e-08 1 1.62576e-07 3.22683e-08 1 1.62338e-07 0 1 1.79134e-07 0.992038 2.89237e-08 -0.125938 6.8824e-08 1 1.66016e-07 0.970315 0.011396 -0.241577 0.992038 0 -0.125938 0.969576 0 -0.244789 -0.263501 -0.00599901 -0.964641 5.12002e-08 1 1.87437e-07 8.58024e-09 1 1.82991e-07 -0.363414 0.0332512 -0.931034 -0.0512996 0.013592 -0.998591 -0.376493 0.0435243 -0.925397 -0.382801 0.0285841 -0.923388 -0.029181 0.997361 -0.0664827 -0.0141166 0.999842 -0.0108112 0.165603 0.876126 -0.452746 0.704347 0.397118 -0.588381 0.767631 -0.000726506 -0.640891 0.817188 0.022243 -0.575941 0.946893 0.00905981 -0.321422 0.89131 0.00246319 -0.453388 0.665075 0.693365 -0.277345 0.644921 0.714879 -0.270232 0.921251 -0.0625307 -0.383911 -4.41089e-06 1 2.00418e-06 0.910426 -0.000962103 -0.41367 0.936219 0.00673017 -0.351354 0.916296 -0.00276781 -0.400491 0.907806 0 -0.419391 0.916775 -0.0025046 -0.399396 1.61802e-07 1 4.40696e-08 1.46998e-08 1 2.27539e-07 0.999135 0.0190792 -0.036948 1.957e-07 1 5.74054e-08 0.958816 -0.0396155 0.281253 0.72784 0.679585 -0.0917248 0.668762 0.0369151 0.742559 0.15855 0.982839 0.0942873 -0.00399693 0.99916 0.0407771 -0.000559982 0.999582 0.028922 -0.907531 -0.0131016 0.419781 -0.923955 0.00620283 0.382451 -0.912993 -0.0498977 0.404913 -0.929615 -0.0617595 0.363322 0.356964 -0.00961094 0.934069 -0.0229232 -0.999692 0.00948436 -0.049793 -0.998685 0.0121697 -0.355523 0.0514343 0.933251 0.321101 -0.291985 0.90091 0.010619 -0.786327 0.617719 0.321454 -0.564964 0.759923 0.137637 -0.0272469 0.990108 -0.382332 -0.018173 0.923846 0.22844 -0.0773865 0.970478 1.26523e-05 -1 -3.05724e-05 0 -1 0 -0.793724 -0.00805142 0.608224 -0.385612 -0.0163147 0.922517 2.21816e-05 -1 -2.91769e-06 1.32539e-05 -1 -6.07101e-06 -0.369822 -0.642784 0.670865 -0.55756 -0.782507 0.277145 -0.715714 -0.673067 0.186369 -0.909171 -0.284229 0.304338 -0.00363306 -0.999993 -0.000138538 -0.00311486 -0.999995 0.000754335 -0.00249859 -0.999994 0.00260441 -0.515765 -0.851075 0.0982751 -0.818665 -0.395126 -0.41673 -0.0228795 -0.974591 -0.222821 -0.842626 -0.520852 -0.136726 -0.946574 -0.00516535 0.322445 -0.0511859 0.0277289 -0.998304 -0.0431357 0.00444541 -0.999059 -0.0573412 -0.00635361 -0.998334 -0.0689977 0.0367875 -0.996938 -0.0223469 0.341319 -0.939682 -0.99083 -0.00806808 0.134877 -0.0466588 0.269046 -0.961996 -0.97967 0.00953871 0.20039 -0.974 -0.114777 0.19532 0.00526798 0.954815 -0.297153 -0.963526 -0.25919 0.0666283 -0.978596 -0.17552 0.107435 -0.97359 -0.186292 0.131978 -0.666118 -0.684623 0.295936 -0.244591 -0.969483 0.0166887 -0.7056 -0.706947 0.0485255 -4.41025e-07 -1 2.23635e-06 3.12075e-06 -1 3.48446e-06 -0.118315 -0.925567 0.359621 -2.74577e-05 -1 -6.87539e-06 0.000653275 -1 7.45194e-05 -0.010775 -0.999899 -0.00930602 0.0396697 -0.963628 -0.264286 -0.000104653 -1 -0.000124738 0.0532594 -0.954642 -0.292955 -0.415422 -0.797061 -0.438312 -0.412303 -0.559103 -0.719313 -0.25779 -0.960615 -0.103744 -0.657117 -0.700541 -0.278279 -0.647323 -0.710904 -0.274933 -0.751531 -0.657828 0.0496231 -0.257706 -0.966055 0.0180503 0.000166011 -1 -0.000200662 -2.35295e-05 -1 0.000135156 0.0598038 -0.995595 -0.0722062 0.226944 -0.965408 -0.128388 0.194129 -0.965618 -0.172901 -6.26145e-06 -1 -8.03925e-06 -5.3273e-05 -1 -6.71498e-05 0.511256 -0.699392 -0.499468 0.391927 -0.683331 -0.615996 0.418029 -0.647932 -0.636739 0.131099 -0.965679 -0.224225 0.225492 -0.677551 -0.700055 0.56838 -0.0311483 -0.822177 0.536544 -0.0576823 -0.841899 0.674896 -0.0192652 -0.737662 0.725932 -0.0586659 -0.68526 0.838512 -0.029926 -0.544061 0.737791 -0.0480514 -0.673317 0.868349 -0.0642492 -0.491774 0.847269 -0.25697 -0.464867 0.589148 -0.727092 -0.35248 0.566301 -0.723376 -0.395007 0.616789 -0.684628 -0.388403 0.524479 -0.334044 -0.783158 0.817579 -0.20779 -0.537017 0.811151 -0.00595723 -0.584806 0.83518 -0.252682 -0.488493 0.556337 0.0194401 -0.830729 0.83292 -0.000291068 -0.553394 0.913506 -0.000661739 -0.406825 0.689525 -0.374595 -0.619865 0.676413 -0.590498 -0.440202 0.328371 -0.911449 -0.247857 0.073872 -0.957903 -0.277426 0.0733185 -0.951151 -0.299894 0.227769 -0.194029 -0.954188 0.197942 -0.267955 -0.942878 0.204317 -0.296534 -0.93291 0.193652 -0.00225018 -0.981068 0.145036 -0.0203853 -0.989216 0.766359 0.00978167 -0.642338 0.623173 -0.014041 -0.781958 0.962864 -0.00692641 -0.269899 0.973335 -0.0029635 -0.229369 -0.0183528 0.0428403 0.998913 -0.0394224 0.00531898 0.999209 -0.0137426 -0.0125117 0.999827 0.795163 -0.583098 -0.166471 0.411498 -0.909272 -0.0623956 0.000643946 -1 -0.000430608 0.382216 -0.921879 -0.0636328 0.00237334 -0.999995 -0.00205612 0.00219198 -0.999995 -0.00238747 0.0201715 -0.999632 0.0181566 0.296982 -0.952022 0.0738588 -4.73612e-05 -1 -0.000399159 3.74154e-05 -1 -4.15026e-05 0.212078 -0.95937 -0.186096 0.673277 -0.469342 -0.571328 0.373466 -0.859016 -0.350165 0.43094 -0.766762 -0.47578 0.449857 -0.614874 -0.647733 0.310452 -0.927308 -0.209093 0.454456 -0.861423 -0.22676 0.289891 -0.952153 -0.0967923 -0.00127697 -0.999999 0.000623999 0.415849 -0.79792 0.436341 0.70851 -0.678068 0.195544 0.776709 -0.552372 0.30267 0.925457 -0.0198913 0.37833 0.923641 -0.022308 0.382609 0 -1 0 0 -1 0 0.595944 -0.0295326 0.802483 0.53357 -0.0703191 0.842828 -5.19992e-06 -1 6.85411e-07 -1.37109e-05 -1 -2.26562e-06 -0.227504 -0.0776949 -0.970673 -1.29118e-05 -1 3.11689e-05 0.382669 -0.0153542 -0.923758 -0.128966 -0.0258462 -0.991312 0.384154 -0.0145025 -0.923155 -0.017227 -0.772638 -0.634614 0.34899 -0.490107 -0.79875 0.376993 -0.677388 -0.631681 -0.316936 -0.595566 -0.738142 -0.32135 -0.262177 -0.909944 -0.351809 -0.00892518 -0.936029 0.340029 0.0496053 -0.939106 0.41224 0.0187151 -0.910883 0.588136 -0.712406 -0.38285 0.832997 -0.021832 -0.552847 0.928673 -0.000696357 -0.370899 0.933985 0.0048613 -0.357279 0.938543 -0.0141269 -0.344874 0.90758 -0.0114584 -0.419722 0.0359883 0.998905 0.0298897 -0.00270524 0.999994 -0.00224599 -0.00103711 0.999906 -0.0136974 0.931423 -0.0527688 -0.360091 0.914372 -0.0579599 -0.400705 0.0177571 0.999662 0.0190157 -0.550613 0.755481 0.355068 -0.727167 0.0173558 0.686241 -0.909884 -0.00429814 0.414841 1.87149e-07 1 4.31361e-07 -0.939792 -0.0206731 0.341122 0.00674356 0.999974 -0.00258275 -4.45349e-06 1 2.0218e-06 -0.936126 -0.00103507 0.351665 -0.952373 0.00386923 0.304913 -0.915686 0.00227421 0.401889 -0.910554 0.00362082 0.413374 -0.91219 0.00040121 0.409767 -0.91341 0 0.407041 0 1 0 3.75721e-06 1 -1.37327e-06 -0.999997 0 -0.00256228 -0.99774 -0.0597294 0.0307896 0 1 0 -0.674915 0.0610988 -0.735362 8.23049e-06 1 8.96764e-06 -0.976174 0.143515 0.162751 -0.997427 0.0203842 0.0687321 1.1567e-05 1 -1.23693e-05 -7.23931e-06 1 4.78007e-06 -0.95852 -0.00953806 -0.284866 -0.9156 0.0185405 -0.401662 -0.423007 0 -0.906127 0 1 0 1.75044e-07 1 -5.0837e-08 -0.434531 0.0115716 -0.900583 0 1 0 -0.382406 0.0254147 -0.923645 -0.391648 0.0488114 -0.91882 -0.856955 0 0.515392 -3.68729e-07 1 2.86345e-07 -3.0812e-07 1 3.77063e-07 -0.856955 0 0.515392 -0.790584 0 0.612354 -0.790584 0 0.612354 1.2668e-07 1 1.26674e-07 0.872982 0.0152385 0.487515 0.707124 7.2617e-05 0.70709 0.788061 0.0665671 -0.611987 0.716221 0.0534185 0.695826 0.70579 -0.0662187 -0.705319 0.706448 -0.0352342 -0.706887 0.70667 -0.0346217 -0.706696 -0.687123 -0.00387001 -0.726531 -0.707359 0.000314344 -0.706854 -0.710304 0 -0.703895 -0.719295 0.028817 -0.694107 0 1 0 -0.612475 0 0.79049 -1.76559e-07 1 2.27876e-07 -0.612475 0 0.79049 -0.515393 0 0.856954 1.49239e-07 1 1.18607e-07 1.62048e-07 1 7.53693e-08 0.906725 0 0.421723 0.900097 0.013524 0.43548 2.33072e-07 1 3.61486e-08 -0.988167 0.0061048 -0.153261 -0.984499 0.0126478 -0.174932 5.02443e-08 1 1.99484e-07 6.9218e-08 1 1.79992e-07 -0.00100293 0.999998 0.00149066 -0.00200122 0.999998 -0.000164626 -0.878633 -0.0210585 0.477033 -0.942801 0.0186336 0.332836 -0.990014 -0.0666487 0.124217 1.22046e-05 1 3.82918e-05 9.39274e-05 1 -7.65557e-05 -0.908862 0.088868 -0.407519 -0.000436955 1 0.000356141 -0.716101 -0.0934634 -0.691711 -0.709439 -0.0192781 -0.704503 -0.00440168 0.999974 -0.00563261 -0.745906 0.0868855 -0.66036 -0.612431 0.38231 0.69193 -0.692746 0.174137 0.699842 0.698559 -0.0562051 0.713342 0.00616455 0.999967 0.00523955 0.699717 -0.0597847 0.711914 0.70042 -0.0450951 0.712305 0.000130665 0.999999 0.00141114 -0.225986 0.948345 0.222649 -0.221253 0.949312 0.223282 -0.247892 0.951272 0.183387 -0.607623 0.635981 0.475734 -0.505013 0.736324 0.45032 -0.525994 0.762804 0.376112 -0.807237 0.00767443 0.590178 -0.874125 0.0429306 0.4838 -0.706277 0.210008 0.676069 -0.7317 0.0263936 0.681116 -0.749615 0.0523361 0.659802 -0.49547 0.750846 0.436738 -0.377342 0.817626 0.434857 -0.545249 0.0139962 0.838157 -0.554535 0.0229279 0.831845 -0.4863 0.087121 0.869438 -0.400062 -0.0210706 0.916246 -0.355327 0.629909 0.690622 -0.366912 0.754939 0.543546 -0.0121448 0.999905 0.00654129 -0.487286 0.589237 0.644478 -0.181741 0.936487 0.299939 0.911744 -0.0190167 0.410318 -0.122346 0.948561 0.291997 -0.126782 0.94763 0.293129 -0.000202027 1 0.000447847 -0.000284081 1 0.000435458 0.917418 -0.0707486 0.391586 0.918647 -0.0604897 0.390421 -0.925502 -0.0782164 -0.370578 -0.925453 -0.0409898 -0.376638 -0.00160191 0.999998 -0.00139023 -0.946618 0.101948 -0.305812 -0.0978683 0.916424 0.388059 -0.103551 0.958769 0.264648 -0.141049 0.938683 0.314609 -0.409067 -0.102069 0.906778 -0.357375 0.140894 0.923273 -0.347071 0.00462718 0.937827 -0.0985735 0.915677 0.389639 -0.0354749 0.924857 0.378656 -0.115152 0.7008 0.704003 0.00602759 0.999669 -0.0250069 0.851863 -0.163679 0.497533 -0.998937 -0.0453258 0.00843053 -0.0100777 0.999949 -0.000847369 -0.9954 0.0684457 0.0670435 -0.0654671 -0.0406394 0.997027 0.0201503 0.303708 0.952552 -0.0235387 0.944464 0.327771 -0.00228977 0.948311 0.317336 -0.00570699 0.94742 0.319941 0.00108923 0.999999 0.00121411 0.998882 -0.0464837 0.0085969 -0.000103177 1 0.000853028 2.15676e-05 1 -0.000178313 0.956729 0.0431709 0.287759 0.776302 -0.100905 0.622232 0.503268 0.0452266 0.862946 0 1 0 0.423342 -0.013521 0.905869 0.675056 0.0547005 0.735735 -0.00418366 0.812877 0.582421 0.0199907 -0.0138425 0.999704 -0.010218 0.0815161 0.99662 6.12724e-05 1 6.73422e-05 -0.288901 0.0444639 0.956326 -0.388797 0.00229929 0.921321 -0.597794 0.0661682 0.798914 -0.516556 -0.0257218 0.855867 0 1 0 -0.948756 0.0672441 0.308774 -0.810267 -0.0240677 0.585567 -0.945336 0.0342488 0.324294 -0.412216 0.876547 0.248482 -0.999435 0.0141701 0.0304655 -0.999261 0.0384301 0.000585535 -0.999211 0.0397285 1.71674e-08 -0.103443 0.994625 0.00451427 0.00126695 0.999952 -0.00976051 0.0114142 0.999928 0.00368599 0.0136535 0.999392 0.0320878 0.999461 0.0315321 0.00908176 0.998562 0.0536071 2.49624e-08 -6.58506e-09 1 4.65654e-07 -2.60111e-09 1 4.89541e-07 -0.00531328 0 0.999986 0.998535 0 0.0541096 0.99861 -0.00165896 0.0526893 -0.00697836 0.0114037 0.999911 0 1 0 0 1 0 0 -1 0 -0.964173 -0.0170335 0.264727 -0.995632 0.0328501 -0.0873991 -0.833913 0.0270758 0.551232 -0.142143 0.941516 0.30552 0.0112701 0.999751 -0.0192735 -0.651051 0.706185 -0.278272 -0.00726806 0.999946 0.00736449 -0.923865 0.0320854 -0.381371 -0.927823 0.014903 -0.372724 0.334845 -0.0302732 -0.941787 0.00383781 0.999979 0.00522437 0.379855 0.112223 -0.918214 0.319848 -0.0404709 -0.946604 0.343112 0.0123426 -0.939213 0.365462 -0.0031446 -0.930821 0.580096 -0.490575 -0.65025 0.258147 -0.228824 -0.938616 0.0259256 -0.706293 -0.707445 0.00196314 -0.0479264 -0.998849 0.0867665 -0.0406537 -0.995399 2.68042e-05 1 -2.69393e-05 0.121283 -0.000882387 -0.992618 0 1 0 0 1 0 0 0 -1 0.017259 0.0439513 -0.998885 -0.00275008 -0.0181714 -0.999831 0 1 0 0.966284 0.0113183 -0.257231 -0.000243383 -0.013143 -0.999914 -0.937734 0.0114559 -0.347166 0 1 0 -4.23929e-06 1 -4.19159e-06 -0.0185319 -0.00428345 -0.999819 0.925083 -0.00102993 -0.379763 0.923842 0.00521741 -0.382739 0.921868 -0.000386824 -0.387504 0.919569 0.00614944 -0.392881 3.19037e-09 1 4.84073e-07 0.00659016 -0.0107517 0.99992 0.943373 0.00764151 -0.331646 0.933935 -0.0156123 -0.357101 0.919306 -0.00358501 0.393527 0 1 0 0.999638 0.0267193 -0.0030839 0 1 0 0.890826 0.00986219 0.454237 0.0323151 0.997511 0.0626631 0.00392872 0.999974 0.00599495 0.44855 0.877031 -0.172104 0.653416 0.706946 -0.270692 0.353182 0.0774473 0.932344 0.445925 0.015286 0.89494 0.379049 0.119766 0.917594 0.897501 -0.0677619 0.435775 -0.000269056 1 -0.000546003 0.603005 0.142752 0.784861 -0.00015922 1 -0.000389074 0.995188 0.0964609 0.0172228 0.925531 -0.0759344 -0.37098 0.000162618 1 0.000397377 0.00112225 0.999999 0.000252918 0.122485 0.948683 0.291544 0.120767 0.949044 0.291085 0.933241 -0.0228275 -0.358525 0.0580526 0.971225 0.230981 0.23471 0.51073 0.827083 0.213827 0.743542 0.63358 0.0910371 0.971331 0.219609 0.381107 0.137838 0.914198 0.36899 0.180597 0.911719 0.00638075 0.999974 -0.00334658 0.000391312 0.999998 0.00203183 -0.00192434 0.999997 0.00164217 0.925631 -0.0569693 -0.374114 0 1 0 0 1 0 0.155633 0.113262 0.9813 -0.311042 -0.119691 0.942829 0.318269 0.0128353 0.947914 0.412576 0.0736023 0.907945 0.00501842 0 0.999987 0 1 0 0 1 0 -0.999879 0 0.0155321 -0.013467 0.0329774 -0.999365 6.27496e-09 1 4.65654e-07 -0.128348 0 -0.991729 -0.120705 -0.0091104 -0.992647 -0.0702801 -0.258242 -0.963521 0 -0.965926 -0.25882 0 -0.699496 -0.714636 3.93545e-08 -0.965925 -0.258823 1.4094e-13 -1 -9.23626e-07 0.0810617 0.995032 -0.0578004 0.0655426 -0.997233 -0.0350708 0.749666 -0.64662 0.14101 0.595427 -0.745374 -0.299807 0.835185 -0.512916 0.198451 0.694115 -0.689395 0.20722 0.43814 -0.850127 -0.29209 0.0549963 -0.950741 -0.305068 0.0534335 -0.951741 -0.302215 -0.00030858 -0.999951 0.0099294 0.0665151 -0.963785 -0.258253 0.631116 -0.706146 0.321014 0.975709 -0.0140332 -0.218618 0.903556 0.00969806 0.428361 0.993775 -0.000850186 0.111399 0.942351 -0.0527208 0.330447 0.000485393 -1 -0.000426015 -0.000151264 -1 3.46653e-05 0 -1 3.96897e-05 0 -0.0230432 -0.999735 -2.58648e-05 -1 5.76926e-06 0.0591138 0.000530316 -0.998251 0.517408 -0.0435168 -0.854631 -0.40086 -0.0102279 -0.916082 -0.796553 -0.0221869 -0.604162 -0.453736 -0.0354385 -0.890431 -0.858529 -0.0751051 -0.507235 3.6245e-05 -1 7.11287e-05 -0.917273 -0.00996001 -0.398135 -0.859259 -0.307156 -0.409058 -0.40255 0.0437743 -0.914351 -0.343568 0.0175863 -0.938963 0.421635 -0.407136 -0.810225 0.3652 -0.68222 -0.633408 0.387238 -0.692424 -0.608766 0.511081 0.0591195 -0.857497 0.5366 -0.0220316 -0.843549 0.500568 -0.558733 -0.661248 -0.00423327 -0.999973 0.00603452 -0.00607768 -0.999979 -0.00212445 -0.00536061 -0.99998 -0.00343082 -0.002822 -0.999996 -0.000111835 0.000383743 -0.999995 -0.00324884 -0.00190162 -0.999996 -0.00195879 -0.18386 -0.976822 -0.109607 -0.556814 -0.793917 -0.244239 -0.656164 -0.714547 -0.242635 -0.430968 -0.803529 -0.41062 0.00317167 -0.999991 -0.00284575 0.267394 -0.937921 -0.220917 0.528151 -0.695029 -0.487844 0.757089 -0.0568812 -0.650831 0.79017 -0.0475631 -0.611039 0.816197 0.0933193 -0.570188 0.841175 -0.0218327 -0.540322 0.607014 -0.693201 -0.388595 0.53351 -0.782088 -0.322034 0.190107 -0.975706 -0.108893 0.699548 -0.605004 -0.380266 0.982839 0.0139271 -0.183941 0.964741 -0.0380563 -0.260435 0.0422745 -0.998757 -0.0264034 0.922522 0.0145074 0.385671 0.901183 0.0343595 0.432075 0.418653 -0.00580752 0.908128 0.304833 -0.599329 0.74019 0.769201 -0.62911 -0.112029 0.523908 -0.848047 0.0796002 0.516953 -0.738363 0.433105 0.639816 -0.555597 0.530987 0.477606 -0.861186 0.173929 0.121446 -0.9541 0.273758 0.254537 -0.791183 0.556095 0.116576 -0.960974 0.250877 0.575635 0.712822 -0.400661 -0.819445 -0.475853 0.31949 -0.575634 -0.712822 0.400662 0.799694 0.502036 -0.329318 -0.00245828 -0.999994 -0.00237673 0.300007 -0.606084 0.736653 0.0225312 -0.999702 -0.00941913 0.0567161 -0.998334 -0.0106309 -0.00811087 0.999967 -0.000328651 0.872558 -0.004192 -0.488492 0.92305 0.00499192 -0.384649 -0.351133 -0.00958737 -0.936277 -0.343412 0 -0.939185 3.01506e-07 1 1.2217e-08 0.85807 0 -0.513533 0.85807 0 -0.513533 0 1 0 3.50727e-07 1 -8.21969e-08 0.80055 0 -0.599266 0.879727 -0.0416058 -0.473655 0.566435 -0.719713 -0.401453 0.722999 0.123235 -0.679769 -3.39596e-08 1 2.15153e-07 4.08479e-08 1 1.63097e-07 0.620089 0.0825403 -0.780177 0.673265 -0.0380383 -0.738423 4.40634e-08 1 1.75936e-07 0.504334 -0.674586 -0.539056 0.410339 -0.78714 -0.46047 -0.354687 -0.575684 -0.736739 -0.192665 -0.719798 -0.666912 0.0418347 -0.896309 -0.441453 0.15748 -0.593068 -0.789601 0.264882 -0.908707 -0.322629 0.372197 -0.702971 -0.606054 0.701216 -0.646736 -0.300047 0.587669 -0.00248223 -0.809098 0.936538 0.00130454 -0.350563 0.968308 -0.0545434 -0.243733 0.0356846 -0.99934 -0.00683744 0.349366 -0.7759 -0.525283 0.605198 -0.00440956 -0.796063 1.30853e-07 1 8.6005e-08 1.37881e-07 1 9.06242e-08 0.513601 0 -0.858029 -2.83429e-07 1 4.735e-07 0.599361 0 -0.800479 0.513601 0 -0.858029 -2.39457e-07 1 4.0004e-07 0.612014 0.0662249 -0.788069 -1.48518e-07 1 4.60795e-07 1.65993e-07 1 6.88091e-08 0.923593 0.0199236 0.382857 0.927218 0.0103192 0.374379 0.923832 0 0.382798 0.91756 0.0493889 0.394518 0.000878615 1 0.000173579 0.359308 -0.00664566 -0.933195 0.411011 0.0145518 -0.911514 0.137364 -0.0209002 -0.9903 0.420221 -0.0362014 -0.906699 -0.00511357 0.999771 0.0207802 0.334468 0.0148828 0.94229 -0.27036 0.0173657 0.962603 -0.186401 0.0429921 0.981533 -0.379367 0.109224 0.918777 4.07952e-05 1 -0.000214816 -0.407511 0.0565267 0.911449 4.86659e-05 1 -0.000232057 0 1 0 0.405425 -0.0525236 0.912618 -0.126686 0.0927554 0.987597 0.692419 0.0898864 0.715875 0 1 0 -0.865338 -0.102551 0.490585 0 1 0 -0.576797 0.126734 0.806997 -0.410371 -0.00636056 0.911897 -0.995924 0.0880493 -0.0195671 -0.33153 0.039211 0.942629 0.484528 -0.0116588 -0.874698 0.107885 -0.385412 -0.916416 0.11897 -0.401559 -0.908073 0.193683 0.873438 -0.446758 -0.185242 -0.846422 0.499254 0.185242 0.846421 -0.499256 -0.387308 -0.232226 -0.892224 -0.189828 -0.861212 0.471466 -0.244056 -0.0832848 -0.966178 0.0252911 -0.998542 -0.0476793 0.234278 -0.801662 -0.549956 0.0153216 -0.999398 -0.0311417 0.975656 -0.00571203 -0.219232 0.967721 -0.0144944 -0.251605 -0.000169525 -0.258882 -0.965909 0.000117308 -0.70701 -0.707204 0.244054 -0.0968665 -0.964912 -0.916806 0.0165355 -0.398991 -0.922732 -3.91729e-05 -0.385441 0.014137 0.0209056 -0.999682 -0.937548 0.0114191 -0.347668 -0.933888 0.00297319 -0.357553 -7.84269e-08 1 2.82365e-06 -2.30725e-06 1 1.46606e-06 -0.250686 0.466185 0.848427 2.56032e-06 1 2.37307e-06 -0.995505 -0.0931135 0.0173139 1 0 0 8.98816e-06 1 1.76941e-07 0.990049 0.120529 0.0726399 0.00728995 0.99997 0.00251913 -0.531972 0.0886516 0.842108 0 1 0 -0.213923 -0.0572585 0.975171 0 1 0 0.199245 0.0455072 0.978893 0.334732 0.00880908 0.942272 0.780709 0.0663527 0.621362 0 1 0 0.78004 0.0658351 0.622257 0.892956 0.019677 0.449713 0.000113852 1 0.000267795 1.50178e-05 1 0.000113374 0.00018025 1 -0.000216203 0.261806 0.0266557 0.964753 0.0656467 0.126256 0.989823 -0.300016 0.0171362 0.95378 -0.772315 0.0834916 0.62973 -0.253447 0.780244 0.571825 0.177462 0.920991 0.346819 0.467386 0.774286 0.426652 -0.210353 0.920943 0.328048 0.0743695 0.840822 0.536179 -0.423512 0.706172 0.567414 0.185433 0.571336 0.799494 -0.510821 0.276061 0.814157 -0.517479 0.412858 0.749509 -0.153503 0.347645 0.924975 0.734659 0.246778 0.631963 0.762751 0.266298 0.589318 0.460757 0.786288 0.411647 0.87766 -0.00780643 0.47922 -0.00886164 0.999835 0.0158422 -0.101091 0.987985 0.1169 0.00104396 0.999999 -0.00128076 -0.229412 0.965438 0.12369 -0.193155 0.965536 0.174444 -0.606393 0.722812 0.331406 -0.228583 0.965677 0.12336 -0.574562 0.6472 0.501011 -0.526241 0.705121 0.475262 -0.680114 0.613996 0.400567 -0.591843 0.727773 0.346509 -0.854591 0.231798 0.464697 -0.869434 0.378997 0.316931 -0.83292 0.409225 0.37253 -0.814902 -0.00115909 0.579598 -0.836111 0.00297469 0.548552 -0.541659 0.0087379 0.840553 -0.555366 0.00596096 0.831585 -0.835259 0.362928 0.413068 -0.260505 0.922159 0.285937 -0.290963 0.91795 0.269645 -0.328744 0.721102 0.609868 -0.00801642 0.998239 0.0587775 0.00130676 0.965609 0.259995 -0.0153125 0.68766 0.725871 -1.44522e-07 1 3.98483e-07 3.40297e-08 1 9.56984e-08 -0.260673 0.965427 -0.000993162 -0.74017 0.67242 0.000389924 -0.725859 0.687843 -0.000634604 4.20099e-06 1.16734e-06 -1 3.59364e-05 7.88577e-06 -1 -1.33717e-07 2.31968e-05 -1 -0.0063395 0.999956 0.00694125 -0.00531629 -0.0286715 -0.999575 -0.000681891 1 9.39865e-05 -0.0137368 -0.0924155 0.995626 -0.0188294 0.997975 0.0607557 1.54095e-07 -5.41872e-05 1 4.18149e-05 -4.60496e-05 1 -0.672245 0.740323 -0.00283561 -0.720249 0.693716 0.000869714 -0.00663555 0.717326 -0.696707 -0.0136156 0.683624 -0.729707 -0.403349 0.666456 -0.627014 -0.394 0.722968 -0.567523 -0.0263642 0.998214 -0.0536155 -0.0037789 0.999243 -0.038731 0.00553945 0.999915 -0.0118251 0.368223 -0.0482559 -0.928485 0.367847 -0.0474318 -0.928676 -0.904762 0.146644 -0.399877 -0.888438 -0.176201 0.423829 -0.356581 0.909227 -0.21484 -0.575189 0.757096 -0.309779 -0.684217 0.610598 -0.39877 -0.892204 0.0302808 -0.450615 -0.874991 0.0626814 -0.480064 -0.813545 0.00941406 -0.581426 -0.752129 0.0460171 -0.657407 -0.735131 0.0294069 -0.677287 -0.693009 0.0175581 -0.720715 -0.577455 0.0254809 -0.816025 -0.555304 0 -0.831647 0.000425643 1 0.000845847 0.0042074 -0.00321848 -0.999986 -0.0011356 0 -0.999999 -0.44951 0.000623233 -0.893275 -0.456122 -0.00282016 -0.889913 -0.590898 0.0480292 -0.805315 -0.409158 0.75008 -0.519586 -0.205416 0.934924 -0.289348 -0.188867 0.968545 -0.162019 -0.458415 0.690637 -0.559353 -0.761325 -0.0695091 -0.644634 -0.0661155 -0.205246 -0.976475 0.0123133 0.999924 -0.000856753 0.00517905 0.999973 -0.00514608 0.705486 -0.0119811 -0.708623 8.65396e-05 0.999997 -0.00247011 4.04692e-07 1 -7.65768e-07 0.466809 0.0431331 -0.883306 0.699762 -0.0493039 -0.712672 0.135889 -0.064724 -0.988608 0.000208048 1 0.000165248 -0.97354 -0.0242818 -0.227223 4.19059e-05 1 -6.63219e-05 -0.988693 0.062633 -0.136251 0 1 0 -0.935607 0.00281489 -0.353033 -5.29035e-08 1 1.96807e-07 -0.00153538 0.999996 -0.002294 -0.9843 -0.0270196 0.174426 1.08494e-06 1 1.20707e-06 -5.60145e-08 1 1.93576e-07 -0.00306395 0.999995 0.000236474 0.9144 -0.0152124 -0.404527 0.733866 0.0275759 -0.678734 0.907639 0 -0.419751 -1.62249e-07 1 7.50345e-08 -2.03427e-07 1 -6.80902e-08 -1.65993e-07 1 6.88091e-08 0.923776 -0.000411416 -0.382933 -0.515393 0 -0.856954 1.48522e-07 1 4.60809e-07 2.39467e-07 1 4.00048e-07 0 1 0 -0.612362 0 -0.790578 -0.515393 0 -0.856954 -0.612362 0 -0.790578 -0.711856 0 0.702326 0 1 0 -0.706737 0.0330027 0.706706 0.612482 0.0533096 0.788685 -0.702067 0.0532816 0.710115 -0.470416 0.0110662 0.882375 0.6021 0 0.79842 -2.48635e-08 1 2.40741e-07 1.29213e-07 1 3.22938e-07 0.657082 0.118767 0.744404 0.603212 -0.0474358 0.796169 0.525461 0.123983 0.841736 0 1 0 0.923827 6.33652e-07 -0.38281 0.458255 -1.41826e-05 0.888821 0.48691 -0.00803348 0.873415 0.51783 0.0619169 0.85324 0.923827 0 -0.38281 0 1 0 0.513609 0 0.858025 0.513609 0 0.858025 0.339159 0.00788967 0.940696 0.43349 -0.341207 0.834065 0.22663 -0.317031 0.92094 0.169302 -0.0206609 0.985348 -0.381132 0.0167324 0.924369 -0.298485 -0.0147572 0.9543 -0.0437247 0.998715 0.0256097 -0.862594 0.0138226 0.505708 -0.90545 -0.0715464 0.41838 -0.808046 -0.00547622 0.589094 -0.384697 -0.0196046 0.922835 -0.481622 -0.0781922 0.872884 0.130573 -0.00983189 0.99139 0.105866 -0.0220381 0.994136 0.61671 -0.0168225 0.78701 0.686082 -0.657531 0.311358 0.386271 -0.699697 0.601015 0.608684 -0.0121447 0.79332 0.924911 -0.0128219 0.379967 0.996057 -0.000507259 -0.0887111 0.946039 -0.0424266 0.321263 0.960918 -0.0620554 -0.269788 0.905863 0.0493574 -0.420685 0.904372 -0.24302 -0.350788 0.906975 -0.0583557 0.417123 0.891423 -0.267703 0.365651 0.31095 -0.119508 0.942883 0.338974 -0.0351197 0.94014 -0.00268761 0.999975 -0.00648715 0.381189 0.0892693 0.920177 -0.653155 0.707232 0.270576 -0.00235754 0.999977 -0.00641058 -0.504956 0.83991 0.198924 -0.999428 0.0227154 0.02505 -0.934709 -0.0170987 0.355002 -0.921457 0.000516763 -0.388481 -0.905679 0.00923001 -0.423865 -0.356236 0.0711883 -0.93168 -0.43438 0.0179682 -0.900551 0 1 0 -0.0070781 0.999968 0.0037675 -0.000454294 0.999998 -0.00213729 -0.925619 -0.0545112 0.37451 -0.996727 0.0669182 0.0453633 -0.925342 -0.0359414 0.377427 0 1 0 0.00191231 0.999997 -0.00178302 0 1 0 0 1 0 0.532141 0.811935 -0.239974 0.951871 0.0416113 -0.303662 0.997948 -0.0179565 -0.0614676 0.14172 0.98989 -0.00573339 0.999265 0.0381015 0.0042638 -0.000257315 -0.0152705 0.999883 0.945016 0.0129415 0.326768 3.03659e-09 1 4.65668e-07 0.999581 0.028946 1.23154e-08 5.45583e-09 1 4.77685e-07 0.0114117 0.0395709 0.999152 0.0167452 0.000314691 0.99986 0 1 0 0 1 0 0 0 1 0.00139767 -0.0341216 0.999417 3.27813e-05 1 3.31983e-05 0.120995 0.00401351 0.992645 0.0882817 -0.035245 0.995472 0.233276 -0.0798062 0.96913 0.257756 -0.309369 0.915343 0.423125 -0.00318012 0.906066 0.361018 0.0498558 0.931225 0.309295 -0.940732 -0.139139 -0.00124129 -0.999957 -0.00921794 0.654515 -0.746021 -0.122731 0.0371467 -0.999164 0.0170923 0.0104365 0.99986 0.0130577 0.00785937 -0.999965 0.00291075 0.000712275 -0.999994 0.00341116 -0.0138057 -0.999856 0.00990024 -0.000318427 -1 0.000229966 0.0629224 -0.918269 0.390927 0.038081 -0.639312 -0.768004 -0.0814295 -0.749876 -0.656548 0.000177821 -1 -0.000735261 0.10497 0.380308 -0.918884 -0.134266 0.0188047 -0.990767 0.00078609 0.999983 0.00580064 -0.0269095 0.999539 -0.0140599 -0.620147 0.721774 -0.307344 -0.715181 0.607141 -0.34626 -0.854207 0.295964 -0.427477 -0.539129 0.630829 -0.558028 0.275876 0.709007 -0.649001 0.331747 0.0261092 -0.943007 0.345524 0.000493965 -0.93841 0.358042 0.00635258 -0.933684 0.242989 0.708939 -0.662089 0.375922 0.0292215 -0.926191 0.0266861 0.999578 -0.0114525 -0.462641 0.825767 -0.322601 0.0456918 -0.998828 0.0159922 0.00690495 0.00472659 -0.999965 5.26488e-05 0.999971 -0.00762453 0.943855 0.00260989 0.33035 0.940396 -0.00709534 0.340008 0.677729 0.681805 0.275364 0.655027 0.706604 0.267676 0.0489927 0.995024 -0.0867575 -0.000506709 1 8.55844e-05 0.604202 0.749889 -0.269456 0.861091 0.0133539 -0.508276 -0.333586 -0.0293483 0.942263 -0.00355008 0.999994 0.000598736 -0.379697 0.10945 0.918613 -0.323977 -0.0359011 0.945383 -0.345137 0.00974061 0.938502 -0.363375 -0.00294716 0.931638 0.923092 -0.000409885 0.384578 -3.44265e-05 1 3.46194e-05 0.916836 0.0171111 0.398897 -0.253483 -0.0931229 0.962847 -0.120787 0.00109003 0.992678 -0.119912 0 0.992785 0 1 0 -0.000634524 -0.258882 0.965909 0.00036188 -0.735116 0.677941 -0.0301237 -0.730585 0.682157 -0.0676172 -0.258289 0.963698 -0.265792 -0.204597 0.942069 -0.578646 -0.484785 0.65586 -0.977815 -0.0292217 0.207423 -0.686755 -0.661759 -0.300737 -0.731552 -0.646882 -0.215348 -0.834057 -0.5102 -0.209867 0.00800903 -0.999954 -0.00536243 -0.00339744 -0.999992 0.00187135 -0.0488378 -0.99828 -0.0324295 -0.0144431 -0.99988 0.00567152 -0.00990963 -0.999915 0.00848834 0.779484 -0.459294 -0.425974 -0.00132531 -0.999995 -0.0030013 -0.0022981 -0.999995 0.00227501 -0.000675943 -0.999999 -0.00131315 0.054011 -0.99652 0.0634837 -0.000638236 -1 -0.000727528 -0.391984 -0.790892 0.469934 -0.510687 -0.637754 0.5766 -0.726006 0.0835957 0.682589 -0.741492 0.000495249 0.670962 -0.799338 -0.0279833 0.600229 -0.816526 0.0897657 0.570288 3.50852e-07 1 -8.22261e-08 0.00766748 0.999971 0.000308512 -0.872154 0.00319548 0.489222 -0.846733 -0.0259203 0.531386 3.01644e-07 1 1.21371e-08 -0.798381 0 0.602153 0 1 0 -0.858022 0 0.513613 -3.68736e-07 1 2.8635e-07 -0.788701 0.0530552 0.612483 -3.08092e-07 1 3.77125e-07 -0.858022 0 0.513613 0.356185 -0.0176252 0.934249 0.342034 0 0.939688 0 1 0 0.382927 0.0131597 0.923685 0.421929 0 0.906629 0.430342 0.0084301 0.902627 0.856956 0 -0.515389 0.391397 0.0350547 0.919554 -5.91269e-07 1 3.556e-07 0.856956 0 -0.515389 1.26659e-07 1 1.26659e-07 1.17915e-07 1 1.49681e-07 0.79049 0 -0.612475 0.79049 0 -0.612475 -0.707107 0 -0.707107 -0.707816 -0.00200831 -0.706394 1.26608e-07 1 1.26698e-07 -0.706855 0.00021364 -0.707358 0.496658 0.706213 0.504572 0.714188 0.00301404 0.699948 -0.707192 0.000710571 0.707021 -0.705659 -0.0658301 0.705487 -0.705899 -0.0562366 0.706076 -0.720871 -0.041613 0.691819 0.0514877 0.992056 0.114779 0.022704 0.999514 -0.021346 -0.00203426 0.999909 0.0133528 0.618469 0.215048 -0.755812 0.710107 0.0514151 0.702214 0.714234 0.00327485 0.699899 0.00267699 0.999993 0.00251557 0.816142 0.541236 -0.202426 0.715377 0.0270351 0.698216 0.00426975 0.99999 -0.00124145 -0.00289407 0.999993 -0.00254175 -3.14291e-05 1 9.29315e-06 5.60521e-07 1 -3.26584e-06 -0.425652 -0.0250592 -0.90454 0.00472088 0.999866 0.0156942 -0.0652653 0.997004 -0.0415237 -0.665383 0.0460033 -0.745083 -0.702351 0.00716286 -0.711795 -0.827213 -0.00410338 -0.561874 -0.11925 0.323365 -0.93873 0.00359988 0.999961 0.00808329 0.425811 0.492156 -0.759255 0.00475686 0.999977 0.00482082 0.399657 0.555089 -0.729487 0.469381 0.606945 -0.641327 0.472005 0.597486 -0.648245 0.0393751 0.998142 -0.0464932 0.0431395 0.997593 -0.0542798 0.0112323 0.998795 -0.0477712 0.212896 0.906625 -0.36429 -0.00764101 0.999968 -0.00217351 0.015039 0.999568 -0.0252381 -0.924478 0.016339 -0.380886 -0.364346 -0.00701216 0.931237 -0.510361 0.0773283 0.856476 -0.486471 -0.0133581 0.873595 -0.414952 0.0139483 0.909736 -0.447702 -0.330575 0.830833 -0.380419 -0.643197 0.664514 0.403455 0.0411548 0.914074 0.340779 0.0138673 0.940041 0.190544 -0.863498 -0.466974 0.185375 -0.846855 -0.498471 -0.185375 0.846854 0.498472 0.38128 -0.227352 0.896067 -0.104108 -0.393501 0.91341 -0.194127 0.874834 0.443825 -0.0796924 -0.35897 0.929941 -0.123818 -0.02207 0.992059 -0.233411 -0.805918 0.544074 -0.0304753 -0.998001 0.055357 -0.420008 -0.0333769 0.906907 0.913377 -0.0119718 0.406938 0.868394 -0.276459 0.411657 0.426922 -0.800007 0.421575 0.727089 -0.626971 0.27973 0.812761 -0.0275819 0.581944 0.453797 -0.0346061 0.890433 0.431749 -0.0236604 0.901684 0 -0.0437639 0.999042 -0.0918555 -0.0106335 0.995716 -0.56566 -0.0189848 0.82442 -0.919171 -0.00425654 0.393836 -0.000672709 -1 0.000529176 -0.96422 -0.0685598 0.256085 -0.995913 0.0138415 -0.0892472 -0.94014 -0.0532393 -0.336604 -0.891533 0.0158297 -0.452679 -0.968563 -0.0137404 0.248389 -0.0124935 -0.999598 0.0254622 -0.977576 -0.00312491 0.21056 8.86447e-05 -1 -2.05938e-05 2.72105e-05 -1 -6.45364e-06 -0.699237 -0.703174 -0.128895 -0.666152 -0.610835 0.427928 -0.507894 -0.0503507 0.859947 0.16218 -0.914068 0.371722 -0.122941 -0.911801 0.391796 0.222968 -0.557788 0.799473 -0.00528555 -0.998427 0.0558208 0.0113477 -0.999663 -0.0233402 -0.0968902 -0.982149 0.161235 0.237226 -0.96187 0.136128 0.0107052 -0.930044 0.367292 0.561668 -0.781311 0.272179 -0.161504 -0.937554 0.308073 0 -1 -4.20284e-05 -3.83001e-05 -1 -7.51518e-05 0.859576 -0.0705714 0.506111 0.260994 -0.102311 0.959903 -0.377981 -0.729385 0.5702 -0.445431 -0.624283 0.641765 -0.659923 -0.0614613 0.748816 -0.619278 0.0966216 0.779204 -0.571956 -0.0682063 0.817444 -0.922047 0.0185529 -0.386633 0.0155035 0.960136 -0.279102 -0.937161 0.0311499 -0.347504 -0.556125 0.471908 -0.684126 1.21183e-05 1 -7.06067e-05 -0.875955 0.214066 -0.432294 -0.624355 0.715883 -0.312558 0.397969 0.0565145 0.915656 -0.400362 -0.2484 0.882047 6.11117e-08 1 8.08523e-08 -0.000701218 0.999999 0.000756487 -0.00653802 0.999954 -0.00705965 0.0137974 0.999903 -0.00181343 -0.174082 0.98108 -0.084725 -0.407789 0.677921 -0.611663 -0.577874 0.0335592 -0.815436 0.0970903 0.712187 -0.695244 0.0997184 0.640809 -0.761196 0.0345508 0.972668 -0.229615 -0.0237678 0.130378 -0.991179 -0.0290792 0.154224 -0.987608 -0.999359 -0.0260406 -0.024547 0.00484884 0.948592 -0.316465 0.000329698 0.947493 -0.319775 -0.999117 -0.037671 -0.0186282 -0.999352 0.0354673 -0.00610251 8.86901e-05 1 -0.000625758 -0.00152903 0.999998 -0.00111482 -2.65372e-05 1 0.000187235 -0.787768 -0.0729145 -0.611641 -6.57366e-05 1 -5.77861e-05 -0.600321 0.0937996 -0.794239 0.012938 0.0845059 -0.996339 -0.0192238 -0.0173953 -0.999664 0.00477416 0.830703 -0.556696 0.290141 0.044488 -0.955949 0.255008 0.418827 -0.871525 0.428267 -0.0120034 -0.903572 0.593204 0.0808157 -0.800986 0.514703 -0.030028 -0.856842 0 1 0 0.952792 0.060787 -0.297478 -0.35328 0.00566219 -0.935501 -0.692212 0.0267661 -0.721197 -0.718449 0.0177859 -0.695353 1.60188e-07 1 6.52796e-09 -0.999171 0 -0.0407181 -0.99902 0.00350132 -0.0441189 0.00621436 0 -0.999981 -3.02653e-09 1 4.87013e-07 -6.5861e-09 1 4.65668e-07 -0.998802 0.0489268 2.27837e-08 -0.999482 0.0313528 -0.00725455 -0.0148453 0.999684 -0.0202999 -0.0137393 0.999884 -0.00661754 -0.95851 0.0094028 0.284904 -0.0157702 0.0329813 0.999332 -0.0141388 0.0209441 0.999681 7.89173e-08 1 7.63802e-08 1.25247e-07 1 2.97087e-08 -0.944392 -0.240713 -0.224011 -0.643916 -0.711909 -0.280283 -0.739968 -0.657332 0.142697 -0.924237 0.0230474 -0.381123 -0.645368 -0.662253 -0.380685 -0.00183147 -0.999992 -0.00367732 -9.43314e-05 -0.999999 0.00156266 -0.0197848 -0.951629 0.306612 -0.0283976 -0.931638 0.362275 -0.00104127 -0.572269 0.820065 -0.0458473 -0.0265831 0.998595 0.0406925 -0.0778178 0.996137 0.125805 -0.0295164 0.991616 0.244138 -0.0320863 0.969209 0.294487 -0.0672804 0.953284 0.39124 -0.67693 0.623456 0.221957 -0.658417 0.719182 0.220488 -0.69592 0.683433 0.0731198 -0.9655 0.249925 0.0268016 -0.672915 0.739234 0.0221539 -0.965658 0.258869 1.25581e-05 -1 -3.49394e-05 -4.88162e-05 -1 -0.000105932 0 -1 0 -0.00730556 -0.996385 0.0846435 0.0453524 -0.994111 0.0984157 0.0685123 -0.996486 0.0481913 0.184662 -0.965645 0.182838 0.143905 -0.965607 0.216553 0.512566 -0.722682 0.463689 0.544611 -0.663608 0.512858 0.393761 -0.66699 0.632516 0.606912 -0.719452 0.337707 0.659376 -0.663896 0.352798 0.878603 -0.066758 0.472864 0.905008 -0.0271515 0.424526 0.525077 -0.067195 0.848398 0.375542 -0.662622 0.647997 0.231647 -0.759041 0.608438 0.182678 -0.25169 0.950411 0.233036 -0.26773 0.934887 0.331105 -0.350538 0.876066 0.185955 -0.00745705 0.98253 0.24651 -0.0114371 0.969073 0.58614 0.00427123 0.810198 0.542097 -0.678232 0.496118 0.865505 -0.449565 0.22089 0.966093 -0.00991561 0.258004 0.96994 -0.00783688 0.24322 0.707068 -0.0107867 0.707063 0.693475 -0.195425 0.69347 0.967303 -0.136626 0.21368 -0.0553975 0.686402 -0.725109 0.0256854 0.348625 -0.93691 -0.0683148 0.0248257 -0.997355 -0.0349118 0.00198939 -0.999388 -0.022532 0.0215584 -0.999514 -0.997562 -0.0145313 0.0682585 0.166202 -0.690006 -0.704463 0.0970524 -0.816574 -0.569023 0.0609634 -0.998128 -0.00481717 -0.00469763 -0.999988 -0.00111162 -0.99971 0.0240909 7.8069e-05 -0.999029 -0.0148066 -0.0415062 -0.99977 0.0214348 0.000586385 0.340505 -0.798244 0.496853 0.0402667 -0.954335 0.296014 -0.999827 0.0186037 -0.0007274 -0.999798 -0.0201005 -0.000745287 -0.999814 0.0192546 -0.000593091 0.00128121 -0.999999 -0.00110684 0.00113636 -0.999954 0.00953894 0.335871 -0.936986 0.0961678 0.322079 -0.942544 0.0887464 9.85158e-05 -1 0.00024328 0.172413 -0.975487 0.136743 0.207919 -0.963139 0.170686 2.10227e-05 -1 4.38034e-05 -3.02484e-06 -1 -1.444e-06 0.00296121 -0.999983 0.00503485 0.00519647 -0.999867 0.0154285 0.49398 -0.593133 0.63575 0.156795 -0.964147 0.214091 0.443847 -0.762275 0.471102 0.415367 -0.706636 0.572831 0.322495 -0.715526 0.619693 0.361224 -0.65156 0.667074 0.357449 -0.029713 0.93346 0.478615 -0.0312919 0.877467 0.199588 -0.636627 0.744896 0.23109 -0.778297 0.583824 0.166627 -0.708965 0.685277 0.00020184 -0.999974 0.00722423 0.687353 -0.0342568 0.725515 0.729215 -0.0712405 0.680566 0.774513 -0.0303297 0.631831 0.85027 -0.0310949 0.525427 0.622562 -0.592136 0.511656 0.556175 -0.758253 0.340178 0.669241 -0.51366 0.536907 0.677971 -0.654033 0.335554 0.634992 -0.712434 0.298703 0.416188 -0.688392 0.594057 0.418152 -0.701735 0.576816 0.0165379 -0.999782 0.0127803 0.279359 -0.951878 0.126045 0.0673799 -0.964684 0.254648 0.187239 -0.693528 0.695672 0.0949733 -0.301905 0.948595 0.172329 -0.00425374 0.98503 0.489387 -0.0146217 0.871944 0.565267 -0.0306423 0.824339 0.0667395 -0.960863 0.268866 0.531747 -0.0693815 0.844057 0.58473 -0.03155 0.810615 0.0186319 -0.999816 0.00466123 0.00979662 -0.999947 0.0031058 0.00279253 -0.999992 0.00286792 -0.000641062 -0.999997 -0.0022461 -0.00656197 -0.999971 -0.00377226 -0.00395667 -0.999985 -0.00390357 0.237673 -0.78599 -0.570729 0.132753 -0.968866 -0.208988 0.724035 -0.573945 0.382571 0.909727 0.0329996 0.413893 0.995336 -0.0299185 0.0917129 0.871071 0.00698368 0.491107 -0.382796 0 0.923833 -0.374654 0.00998188 0.927111 0.942227 -0.00893007 0.334856 0.857329 0.0602769 0.511228 -8.72613e-08 1 1.29511e-07 -6.39782e-08 1 1.54404e-07 0.84252 -0.0265539 0.53801 0.795339 -0.00135522 0.606164 0.769002 0.135705 0.624676 2.76126e-07 1 3.74857e-07 0 1 0 0.707961 -0.045821 0.704763 1.4595e-07 1 3.64769e-07 0.888956 0.0103063 -0.457877 0.708925 0.0547501 -0.703156 0.706549 0.0397891 -0.706544 3.68736e-07 1 2.8635e-07 -1.26677e-07 1 1.26676e-07 0.78903 0.044532 0.612739 0.693422 0 -0.720532 0.694048 -0.00207829 -0.719926 -0.790584 0 -0.612354 -0.00172829 0.999989 -0.00434639 -0.057846 0.997166 0.0481101 0.00628791 0.999972 -0.0041011 -0.714812 0.00927132 0.699255 -0.00131642 0.999908 -0.0135354 -0.0185747 0.0643795 -0.997753 -0.347605 -0.0146263 -0.937527 -0.713387 0.0896915 -0.695007 -0.88091 0.0572191 -0.469813 -0.710998 0.0752103 -0.69916 -0.431093 0.899567 0.0702678 -0.899242 0.0249628 0.43674 -3.30833e-07 1 -3.14552e-08 -0.790584 0 -0.612354 -2.90476e-07 1 1.09182e-07 4.8137e-07 1 2.89503e-07 -0.856958 0 -0.515387 -0.463206 0 0.886251 -0.856958 0 -0.515387 -0.459103 -0.00511181 0.888368 -0.396503 0.0536595 0.916464 0 1 0 -0.382887 0.0192951 0.923594 -0.00227399 0.999997 0.00118746 -0.00485722 0.999984 0.00282016 -0.00354386 0.999957 0.00855585 0.918413 0.113326 0.379045 0.270718 0.706816 -0.653547 0.939552 -0.0363248 0.340475 0.939507 -0.0354569 0.34069 0.506446 -0.836319 0.20996 -0.0108982 0.999133 0.0401845 0.00722042 -0.999951 0.0068171 -0.389361 -0.0893475 0.916741 -0.261706 0.0182378 0.964975 -0.147208 0.00282228 0.989102 -0.271821 -0.693987 0.666705 -0.049611 -0.828945 0.557125 -0.042916 -0.682158 0.729944 -0.0321436 -0.663074 0.747863 0.788292 0.528387 0.315283 -0.25608 -0.712377 0.653408 -0.816542 -0.407935 -0.408472 0.816542 0.407933 0.408473 -0.795892 -0.50381 -0.335755 -0.0830965 -0.956176 0.280753 -0.0243555 -0.999681 -0.00673789 0.238671 -0.969041 0.0632069 0.184958 -0.981667 0.0460483 0.627443 -0.760743 0.166088 0.7984 -0.576143 0.174977 0.973583 0.071687 0.216789 0.965694 0.170167 0.196159 3.08808e-07 1 2.4017e-07 3.44328e-07 1 2.13871e-07 -0.00197778 0.999997 -0.00122845 0.995626 0.0910994 0.0207382 0.990608 -0.039053 0.13104 0.765569 -0.64244 0.0342912 0.650344 -0.759429 0.0179272 0.993966 0.107146 0.0234626 0.997707 -0.0507449 -0.044779 0.991264 0.0456819 -0.123728 0.981916 0.124008 -0.143047 0.979642 -0.0338305 -0.197881 0.661129 -0.74133 -0.115493 0.754631 -0.638557 -0.150919 0.127216 -0.991748 -0.0158612 0.706712 -0.706073 -0.0449383 0.731565 -0.680485 -0.0418515 0.164005 -0.986387 0.0119355 0.008739 -0.999961 -0.00159322 0.00866713 -0.999961 -0.00156624 -0.0144035 -0.999892 0.00282629 0.176504 -0.934803 -0.308203 -0.0844743 -0.968784 -0.23307 -0.0787983 -0.971291 -0.224465 0.00942001 -0.999953 -0.00245666 0.675402 -0.71144 -0.194129 -0.200058 -0.780446 -0.592351 0.801258 -0.590561 -0.0960388 0.643638 -0.741482 -0.189564 0 1 0 2.39779e-07 1 1.31953e-07 -4.39753e-07 1 3.64181e-07 0.964057 0.0144986 -0.265301 -2.70774e-10 1 1.18123e-07 0.272728 0.0131825 -0.962001 0.999375 -0.0353459 0.000274317 0.998906 -0.0464191 0.00561347 -3.56638e-10 1 1.5558e-07 0.0605552 -0.000949244 0.998164 0.0178026 0.999707 0.0163984 -0.0347175 0.0634323 0.997382 -0.0192982 0.0341975 0.999229 -0.00547833 -1.55217e-07 0.999985 -2.23214e-08 1 1.89615e-07 -9.8069e-10 1 1.7901e-07 -0.992038 0 -0.125938 -0.970423 0 -0.241412 -6.12852e-08 1 1.67905e-07 0.342873 0 -0.939382 -0.970423 0 -0.241412 0.35872 -0.0156929 -0.933313 0.382671 0.000477377 -0.923885 0.383136 -0.000727881 -0.923692 -6.88631e-08 1 1.6602e-07 0.96985 0 0.243703 0.37722 0 -0.926124 0.379777 0.00327081 -0.925072 -3.22683e-08 1 1.62338e-07 0.990657 0 0.13638 0.991217 0.0445801 0.124504 0.96985 0 0.243703 -3.23155e-08 1 1.62576e-07 0.960423 -0.0531157 0.273434 0.882484 0.00351252 0.470329 0.899285 0.018857 0.436957 0.793701 -0.0204518 0.607965 0.684291 -0.57283 0.451234 0.781295 -0.575265 0.242174 0.455523 0.0185222 0.890032 0.492106 0.00577569 0.870516 -0.00446674 0.999989 -0.00112223 0.270859 0.70638 -0.653959 0.0930783 0.693127 -0.714781 -0.0213176 0.036784 -0.999096 -0.493325 -0.0218136 -0.869571 -0.00279952 0.999996 0.000488732 -0.00243366 0.999997 0.000146707 -0.00149562 0.999995 -0.00264771 -1.37965e-07 1 1.89902e-07 -0.491717 -0.0213081 -0.870494 -0.907714 -0.00202748 -0.419585 -0.940459 0.0246812 -0.339009 -0.38552 0.906673 -0.171228 -0.0347512 0.999316 -0.0126771 9.54435e-05 1 6.51596e-05 -0.825256 0.0390965 -0.563404 -0.918 0.108208 -0.381531 0.000106585 1 6.93159e-05 -1.24052e-06 1 -4.85288e-07 -0.852933 0 -0.522021 -0.384087 0 -0.923297 -0.336637 0.0327822 -0.941064 0.371975 -0.0225958 -0.927968 -0.000402429 1 -0.000157429 -0.612808 0.0431852 0.789051 -0.981528 0.0116236 0.190965 -0.965943 -0.0383423 0.255898 0 1 0 -0.939674 0.00691371 -0.342002 -0.985322 -0.0384363 -0.166325 0 1 0 -0.967427 0.0533484 0.247465 -0.00183316 0.999998 0.000399111 -0.0013659 0.999998 -0.00138438 -0.0481563 0.998758 -0.0128011 -0.905335 0.0493781 -0.421818 -0.383569 -0.00639997 0.92349 -0.00212149 0.999984 0.00516634 -0.392284 -0.0773862 0.916583 -0.292323 0.948835 -0.119414 -0.297907 0.947502 -0.116156 -0.4667 0.167152 0.868477 -0.00093075 0.999999 0.0005595 -0.00314979 0.999985 0.00441227 0 1 0 -0.00176495 0.999996 -0.0021016 -0.587757 -0.00560552 0.809018 -0.00284371 0.99999 0.00335733 -0.931116 0.00015917 0.364723 -0.892494 0.0239092 0.450424 0 1 0 -0.795333 -0.0535393 0.603804 -0.999143 0.0397672 0.0115193 1.95498e-05 1 -5.33742e-05 0.000188262 1 -2.59486e-05 -0.615946 -0.0847214 -0.78322 -0.862804 0.0416204 -0.503823 -0.897352 -0.00672819 -0.441264 -0.731085 0.0584651 -0.679777 -5.46445e-05 0.999745 0.0225915 -0.00878439 0.764757 -0.644259 -0.0347173 0.999397 0.000342981 -0.0024946 0.999992 -0.00303584 -0.393549 0.875414 0.280658 -0.00984129 -0.0218475 -0.999713 -0.0190088 1.58947e-07 -0.999819 -0.992038 0 0.125938 0 1 0 0 1.72469e-07 -1 -4.308e-07 1 2.20746e-07 -0.992038 0 0.125938 -0.970423 0 0.241412 -0.970423 0 0.241412 -4.52093e-07 1 1.13623e-07 6.87803e-08 1 1.66041e-07 0.386846 0.00525731 0.92213 0.382586 0 0.92392 0.969839 0 -0.243746 0.382683 0.010046 0.923825 0.366156 0.0501624 0.929201 0.33397 0.0217569 0.942333 0.357662 0 0.933851 1.84992e-07 1 1.02403e-07 6.40444e-08 1 1.67219e-07 -0.0509844 0.990393 0.128537 -0.272765 -0.0526724 0.960638 -0.449673 0.0019966 0.893191 0.990007 0.0665001 -0.124352 0.969839 0 -0.243746 0.989845 0 -0.14215 0 1 0 0.0138859 0.0514401 -0.99858 -0.330797 0.0446726 -0.942644 -0.995332 0.0961422 -0.00843296 3.18749e-07 1 8.96023e-07 -0.334442 0.0654949 -0.940138 -0.976823 0.0492757 0.208298 -0.341334 0.0866398 0.93594 -0.521661 0.0140757 0.853037 -0.992038 1.9548e-08 -0.125938 0 1 1.79134e-07 0 0.00793248 0.999969 0.418562 -0.906262 0.0591174 0.700622 -0.706587 0.09932 0.795933 -0.596923 0.100865 0.0425815 -0.998364 0.038151 0.154292 -0.916093 0.37009 0.404954 -0.596963 0.692566 0.404201 0.846409 0.346717 0.400523 -0.900021 0.171884 0.989232 0.00104295 0.146356 0.970495 -0.0466273 0.23657 0.000233659 -1 0.000233662 0.787713 -0.00671781 0.616006 0.706314 -0.0471903 0.706324 0.347235 -0.0159349 0.937643 0.240704 -0.0649592 0.968422 3.39492e-05 -1 0.000136588 -0.15169 -0.00428502 0.988419 0.897726 0.0161785 -0.440257 0.829951 -0.0710074 -0.553298 0.00631151 -0.999979 0.00150938 0.002971 -0.999993 -0.00218022 0.457591 0.0025229 -0.889159 0.42026 -0.0314155 -0.90686 0.0149096 0.999469 -0.0289703 0.881656 -0.00862831 -0.471815 0.858879 0.00929942 -0.512095 0.783142 -0.271273 -0.559553 0.843593 -0.535417 -0.0409936 0.800221 -0.599502 -0.0155959 0.397568 -0.534575 -0.745768 0.755413 -0.580378 -0.304158 0.690628 -0.684861 -0.232378 0.589469 -0.7834 0.197003 0.164679 -0.861466 0.480372 0.347005 -0.836768 0.423565 0.887244 -0.0820496 0.453944 3.08092e-07 1 3.77125e-07 0.858022 0 0.513612 0.858022 0 0.513612 0.79702 0 0.603953 0.706711 -0.0419621 0.706257 0.499236 -0.80706 0.315304 0.459498 -0.837745 0.295034 0.661875 -0.553162 0.505898 0.720366 -0.05715 0.691235 0.668877 0.0665314 0.74039 0.498211 -0.663315 0.55839 0.373911 -0.806128 0.458637 0.397634 -0.666598 0.630503 0.172718 -0.937469 0.302194 0.317661 -0.78476 0.532207 -0.259875 -0.954844 0.144009 -0.5559 -0.79274 0.250079 -0.722808 -0.633622 0.275812 -0.441047 -0.79646 0.413678 -0.258131 -0.587567 0.766898 0.193465 -0.799732 0.568331 -0.205492 -0.656861 0.72547 -0.519761 -0.57942 0.62779 -0.429733 -0.732217 0.528382 -0.743956 -0.595089 0.30397 -0.0725311 -0.834581 0.546089 -0.29582 -0.409825 -0.862864 0.334213 0.509781 0.792733 0.435446 0.871479 0.225634 -0.435445 -0.871479 -0.225636 -0.190473 -0.855764 0.481028 -0.00520981 -0.999686 -0.0245224 0.471629 -0.62098 0.626058 -0.00231139 -0.999997 -0.000156927 0.444267 -0.802244 0.398789 0.543498 -0.66052 0.517999 0.831218 -0.500393 0.242247 -0.549963 0.00868869 -0.835144 -0.483721 0.0225309 -0.874932 -0.623443 0.330273 -0.708688 -0.348412 0.637208 -0.687441 -0.152385 0.963744 -0.219035 -0.279872 0.917416 -0.282877 -0.2409 0.96368 -0.115277 -0.666854 0.661915 -0.342307 -0.612185 0.718551 -0.330021 -0.539142 0.713326 -0.447763 -0.188937 0.965699 -0.178127 -0.00248081 0.999962 -0.00835725 0.0164108 0.998729 0.047668 -0.135278 0.964553 -0.226579 -0.124463 0.968127 -0.217345 0.00117989 0.952982 -0.303025 0.470681 0.828099 -0.304485 0.711407 0.281451 -0.643961 0.809076 -0.042745 -0.586148 0.840916 -0.000585075 -0.541165 0.735216 0.286946 -0.6141 0.791898 0.0543419 -0.608231 0.000228219 1 0.000730068 -9.32439e-05 1 -6.62036e-05 -4.60044e-05 1 -5.99145e-05 -0.608717 -0.0312341 -0.792772 -0.694925 0.037626 -0.718098 0.0789222 0.0984275 -0.99201 0 1 0 -0.130743 -0.0265074 -0.991062 3.06007e-05 1 -0.000232288 -0.495972 0.551955 -0.670341 -0.20369 0.970807 -0.126669 0.154356 0.977318 -0.144995 0.122062 -0.0892707 -0.9885 -0.12851 0.761341 -0.635488 0.00208907 0.999996 0.00199133 -0.0270793 0.999244 -0.0278895 0.38176 0.0776169 -0.920997 -0.000216915 1 -0.000111593 0.000358766 1 -7.58034e-05 -0.000419795 1 0.000607097 -0.0130731 0.999713 -0.0200651 -0.745712 0.665985 -0.0194394 -0.000270112 0.999999 0.00147202 0.0244424 0.979355 -0.200663 0.126391 0.922301 -0.36522 0.130226 0.963359 -0.234478 0.126056 0.964884 -0.230453 0.207487 0.681457 -0.70183 0.203258 0.964568 -0.168211 0.412913 0.673864 -0.612708 0.523999 0.645965 -0.555117 0.242871 0.941326 -0.234346 0.505501 0.862821 -0.00304804 0.854957 0.51052 0.0917467 0.871583 0.461674 0.164925 0.998427 -0.0337126 -0.0448058 -0.00118334 0.999999 0.000527454 0.961212 0.116834 0.249844 0.00036657 1 2.88211e-05 0.623518 0.000104088 0.781809 0 1 0 0.949283 0.0627781 0.308092 0.652539 -0.0502923 0.756085 0.700602 0.348931 0.622418 0.640193 0.591939 0.489654 0.448831 0.760262 0.46963 0.997822 0.0659382 -0.00173346 0.987587 -0.0160276 -0.156253 0.748726 0.0628669 -0.659892 -0.287971 0.881369 -0.374515 0.319483 0.280049 -0.905264 -0.217219 0.53797 -0.814496 1.60113e-06 1 -1.2959e-06 -0.406578 0.00991251 -0.913562 7.79769e-05 1 -0.000153637 -0.40399 0.00562398 -0.914746 -6.69623e-05 1 -0.000149235 0.0573754 0.492817 -0.868239 0.0779944 0.49257 -0.866771 -0.049588 0.606957 -0.793186 -0.0123466 0.91557 -0.401968 0.227892 0.969174 -0.0936349 0.5804 0.656625 -0.481643 0.262958 0.932088 -0.24913 0.0538109 0.949713 -0.308463 0.410454 0.670162 -0.618393 0.873556 0.211516 -0.438361 0.760484 0.331284 -0.558493 0.321733 0.390792 -0.862421 0.483325 -0.00505543 -0.875427 0.637645 0.0112896 -0.770247 0.805993 0.00348748 -0.591915 0.437357 0.288116 -0.851885 0.870783 0.0146751 -0.491449 0.838027 0.327272 -0.436581 0.766841 0.370853 -0.523854 0.556247 0.751422 -0.354899 0.14485 0.981396 -0.12602 0.0420082 0.998024 -0.0467358 0.551372 0.66428 -0.504698 0.539441 0.684268 -0.490694 0.734205 0.00415502 -0.678915 0.733788 0.00313665 -0.679371 0.692444 0.0578623 -0.719148 0.618966 0.0020227 -0.785415 0.461093 0.33994 -0.819655 0.506597 0.0510644 -0.86067 0.510881 0.0426893 -0.858591 0.480071 0.307263 -0.821657 0.330272 -0.0025596 -0.943882 0.322892 0.0354842 -0.945771 0.272021 0.706469 -0.653381 -0.878376 -0.0120052 -0.47782 -0.890093 0.0505629 -0.452966 0.0930946 0.96188 -0.25714 0.0892173 0.974875 -0.204106 0.303051 0.658753 -0.688625 0.171444 0.948427 -0.266633 0.374902 0.770617 -0.515361 0.423134 0.723858 -0.544965 0.140437 0.973443 -0.180794 0.716786 0.0648885 0.694267 0.732573 0.0330795 0.679884 0.956236 0.0481482 0.288609 0.988852 0.00925607 0.148614 0.623219 0.362259 -0.693085 0.574493 0.129115 -0.808262 0.798962 0.589786 0.117526 0.553349 0.784876 0.278881 0.706376 0.204155 -0.677757 0.665078 0.304654 -0.681804 0.432694 0.0191214 -0.901338 -0.0128426 0.999846 -0.011958 -0.701668 -0.0381108 -0.711484 -0.684611 0.00833313 -0.728861 0.224128 0.948976 -0.221836 0.22358 0.948188 -0.225726 0.722585 0.0038432 0.691271 0.721265 0.00357032 0.69265 0.75093 0.084307 0.654979 0.68237 0.100393 0.724081 0.000170134 1 -0.000124434 -5.02599e-06 1 -3.99776e-06 -9.61933e-06 1 -7.65139e-06 0.9973 0.00898084 -0.0728897 5.75035e-07 1 -1.84859e-07 0.951306 0.0386253 -0.30582 0.877332 -0.00435691 -0.479865 0.987528 -0.0166596 -0.156558 0.925932 0.0481873 0.374604 0.276418 0.926309 -0.256016 -0.0323757 0.999068 0.028554 0.0558309 0.996835 0.0565872 0.00415439 0.999983 -0.0041552 0.0105252 0.999938 -0.00366472 0.691822 0.0928028 -0.71608 -0.0444039 0.761738 -0.646361 -0.387879 -0.0340052 -0.921083 0.0749887 0.0397063 -0.996394 -0.701593 0.0138279 -0.712443 -0.497385 0.707315 -0.502309 -0.497852 0.706682 -0.502737 0.329366 0.00825538 -0.944166 0 1 0 0.204512 0.065179 -0.976692 -0.053258 -0.0729082 -0.995916 -7.9652e-05 1 7.79956e-05 0.986043 -0.140033 0.0900544 -6.42752e-05 1 6.87749e-05 0.727776 0.109032 0.677093 0.00051912 1 -0.000546084 0.710772 0.012322 0.703315 -0.700342 -0.0463345 -0.712302 -1.64211e-05 0.999999 -0.00153879 0.703734 0.0488388 -0.708783 -0.494246 0.0430159 -0.868257 8.42255e-07 1 -7.06685e-07 0.929073 -0.14223 -0.341458 0.757348 0.150446 -0.635444 0.804526 -0.0496297 -0.591841 0.684048 0.214675 -0.697132 0.143825 0.981714 -0.124705 2.15055e-05 1 -0.000191678 0.27261 0.0572614 -0.960419 0.171394 0.0291099 -0.984773 0.143373 -0.00161874 -0.989667 0.142251 0.0012408 -0.98983 0.0195004 0.0214713 -0.999579 0.0188415 0.258586 -0.965804 0.0613233 0.406476 -0.911601 -0.141517 0.632688 -0.761366 -0.11666 0.704684 -0.699865 -0.153562 0.424853 -0.892142 0.0615138 0.66869 -0.740993 0.0512772 0.704449 -0.7079 -0.107934 0.258657 -0.95992 -0.229783 -0.00388859 -0.973234 -0.251213 0.081555 -0.96449 -0.111674 -0.0334363 -0.993182 -0.0460897 0.0307957 -0.998462 -0.0296941 0.710592 -0.702977 -0.0473987 0.574271 -0.817292 -0.00294478 0.97049 -0.241122 -0.0145852 0.987996 -0.153791 0.00779978 0.999969 0.000647901 0.00764072 0.999971 9.27397e-07 -0.12565 0.804404 -0.580642 -0.212698 0.0103213 -0.977063 -0.243884 0.499854 -0.831064 -0.218802 0.762377 -0.609021 -0.0365793 0.988998 -0.143335 -0.322824 0.874238 -0.362619 -0.109816 0.95613 -0.271582 -0.367217 0.596695 -0.713517 -0.348496 0.640551 -0.684284 -0.0811654 0.985233 -0.150756 0.0119817 0.999928 0.000536602 0.923886 0.000187907 -0.382668 0.886482 0.122674 -0.446207 0.00863945 0.999956 -0.00357816 0.631493 -0.138155 -0.762974 -0.940885 0.0498882 0.335031 -0.119779 0.948505 -0.293242 -0.121303 0.949114 -0.290635 0.000995098 0.999999 -0.00125061 0.915787 -0.0833531 -0.39292 7.26405e-05 1 0.000199759 -0.000147434 1 -0.000405439 -0.599757 0.151454 -0.785719 0.000243727 1 0.000442333 -0.915441 -0.112682 -0.386355 0.296113 -0.0872767 -0.951157 -0.122504 0.122182 -0.984918 -0.315617 0.0112437 -0.94882 -0.382066 0.113216 -0.917174 -0.412267 0.0708509 -0.908304 -0.0290073 0.996424 -0.0793604 0.27796 -0.00525739 -0.960578 0.363429 0.0187633 -0.931433 -0.00629386 0.99998 -0.000997385 0.604652 0.756076 -0.250489 0.651532 0.70781 -0.272968 0.698284 0.0876302 -0.710437 0 1 0 -0.351398 0.285064 -0.891772 -0.368789 0.235296 -0.899239 -0.69271 -0.0288577 -0.720639 -0.33687 0.00598929 -0.941532 0.000156148 1 0.000409732 -0.711838 -0.00249168 -0.702339 -0.356057 0.0180159 -0.934291 -0.866929 0.132597 -0.48047 -0.683905 0.583243 -0.438294 -0.720098 0.68697 -0.0976274 -0.0468504 0.975106 -0.216734 -0.725048 0.686874 0.0500956 -0.826771 0.561617 -0.0321862 -0.730154 0.678867 -0.0775596 -0.999576 -0.0213343 0.0198288 -0.968209 0.0744011 0.238821 -0.000130078 1 -5.39195e-05 -0.9214 0.0717488 -0.381935 -0.910514 -0.0365025 0.411864 0.0188268 0.965449 -0.25991 -0.046625 0.965371 -0.256679 0.290622 0.463258 -0.837216 0.726913 0.333613 -0.600249 0.81533 0.0834386 -0.572953 0.667123 0.381064 -0.640108 0.792899 0.0144804 -0.609181 0.000110957 1 -9.83071e-05 0.853396 0.0255591 -0.520636 0.836878 0.00563541 -0.54736 1.19076e-05 1 -4.0553e-05 0.281632 0.0271052 -0.95914 0.381935 0.0763894 -0.921027 0.747666 0.0467473 -0.662427 0.82132 0.0772832 -0.565209 0.977792 -0.130802 -0.163752 0.00224841 0.999972 0.00711937 0.00231987 0.999995 -0.00205712 0.516787 0.788671 -0.33306 0.390759 -0.0643508 0.918241 0.442136 0.0459658 0.895769 0.743828 0.54362 -0.388842 0.943588 0.00885022 -0.331005 0.931718 0.0609012 -0.358041 0.303015 0.934752 -0.185526 0.324048 0.928873 -0.179409 -0.286225 0.525613 0.801128 0.437505 -0.00154023 -0.899214 0.308326 0.945179 -0.107575 0.300713 0.946926 -0.11359 0.00304124 0.999995 -0.000686768 -0.00167955 0.999974 -0.00706649 -0.383989 -0.0534475 -0.92179 -0.376612 0.0002164 -0.926371 7.64978e-07 1 -6.29528e-07 6.9897e-07 1 -4.92623e-07 0.00114814 0.999998 -0.00185781 -0.0475185 0.0654822 -0.996722 0.770958 0.0556586 -0.634449 0.940151 0.000118299 -0.340759 0.792668 0.0346153 -0.60867 -0.00283605 0.999995 0.00105572 -5.18163e-07 1 3.97885e-07 0.306541 -0.0945314 -0.947152 5.89251e-07 1 -6.78982e-09 4.43126e-06 1 -1.99545e-06 0.715529 0.111019 0.689705 0 1 0 0.978584 0.146012 -0.1451 0.999345 -0.0254519 -0.0257291 0.999934 0 -0.011522 -0.371792 -0.00360479 -0.928309 -0.098267 0.801176 -0.590306 0.714937 0.697327 -0.0509961 0.69117 0.721107 -0.0478505 0.997372 0.019447 -0.0697974 0.989937 0.114673 -0.0829174 0.997358 0.0208132 -0.0695971 0.998268 0.0295727 -0.050866 0.994654 -0.0364381 -0.0966186 0.0002793 0.0002852 1 0.00126434 0.999999 -0.0010387 0.00103015 0.999996 -0.00248703 0.399098 -0.15181 0.904254 -0.0701502 0.0402825 -0.996723 0.273989 0.0502999 -0.960416 0.776497 0.0456335 -0.628467 0.168167 0.0947179 -0.981197 -0.347974 -0.0206147 -0.937278 0.0385746 0.999037 -0.0208896 0.226738 0.950012 0.214631 5.12554e-05 1 9.2025e-05 0.804994 0.577057 -0.137803 0.401389 0.915864 0.00897327 0.297592 0.954462 -0.0210231 0.258618 0.616337 -0.743805 -0.23284 0.333513 -0.91354 -0.517752 0.336017 -0.786782 -0.577575 0.636981 -0.510551 -0.452985 0.666154 -0.592489 -0.000507209 1 0.000366507 -3.74495e-05 1 0.000373915 -0.47413 0.869536 0.138228 -0.0595295 0.957964 0.280645 0.000202402 1 0.000345222 -0.00479865 0.897814 0.440349 -0.0320477 0.954189 0.297483 0.00108065 0.999999 2.98347e-07 0.980904 -0.191293 -0.0351453 0.966199 -0.257796 -7.69803e-08 0.678713 -0.681197 -0.274442 0.94998 -0.248898 -0.188648 0.0616886 -0.962587 -0.263856 0.0609522 -0.961503 -0.267949 0.160235 -0.705068 -0.6908 0.15551 -0.684519 -0.712215 0.230002 -0.291974 -0.928359 0.249627 -0.947607 -0.199319 0.734652 -0.633297 -0.243356 0.615326 -0.103832 -0.781404 0.957555 -0.188908 -0.217721 0.0308765 0.686302 0.726661 -0.0574385 0.363182 0.929946 -0.0203657 0.251503 0.967642 -0.471192 0.672871 0.570283 -0.483112 0.237701 0.842675 0.987098 -0.0394594 -0.155177 0.0010599 -0.999999 4.12463e-06 0.260849 -0.944348 -0.200411 0.0573117 -0.982509 0.177174 -0.000485738 -1 -2.95625e-05 0.0125859 -0.999918 0.0023086 0.0583249 -0.976726 0.206408 0.275901 -0.866119 0.416793 0.658268 -0.724335 0.204992 0.13845 -0.770852 0.621787 0.968618 -0.207587 0.136698 0.975138 -0.154689 0.158676 0.977414 -0.209713 0.0261009 -0.00856824 0.972487 -0.232799 0.0317534 0.922146 -0.385538 0.96594 -0.258765 3.8387e-05 0.706619 -0.707594 2.6615e-05 0.656794 -0.754066 0.00245925 0.258987 -0.965875 -0.00344699 -0.633971 0.721256 -0.279053 -0.66699 0.686677 -0.289136 -0.918491 0.0162774 -0.395106 0.259427 -0.95653 0.133225 -0.0636963 -0.965597 0.25212 -0.14297 -0.703633 0.696031 -0.156088 -0.674689 0.721409 -0.337733 -0.679778 0.651028 -0.113003 -0.965551 0.234395 -0.333598 -0.685932 0.646692 -0.177705 -0.965507 0.190307 -0.46882 -0.706447 0.530227 -0.217158 -0.965434 0.144149 -0.202475 -0.969681 0.136829 -0.608799 -0.679793 0.408956 -0.500178 -0.668124 0.550846 -0.592175 -0.69818 0.402335 -0.825706 -0.17028 0.537786 -0.715333 -0.0303428 0.698125 -0.792684 -0.0290557 0.608939 -0.830491 -0.0695171 0.552677 -0.67132 -0.067624 0.738076 -0.619972 -0.0264305 0.784179 -0.51456 -0.0289719 0.856965 -0.457287 -0.0678049 0.886731 -0.395317 -0.0254206 0.918193 -0.269068 -0.0301643 0.962649 -0.215567 -0.0655504 0.974286 -0.149507 -0.0270396 0.988391 -0.300753 -0.680495 0.668187 -0.315464 -0.607621 0.728889 -0.204047 -0.65922 0.723736 -0.0820198 -0.979832 0.182217 -0.0546082 -0.975105 0.214915 -0.15392 -0.869116 0.470049 -0.20497 -0.565104 0.799153 -0.000131988 -0.999999 0.00134983 -0.000546623 -0.999998 0.00172436 0.470581 -0.659848 0.585793 0.416572 -0.417998 0.807308 0.92436 0.381073 0.0184718 0.617072 -0.782681 0.0814423 0.443817 0.141769 0.884832 0.906112 -0.100903 0.410828 -0.626038 0.716823 -0.306987 -0.236339 -0.921493 0.308211 -0.216048 -0.935536 0.279456 -0.5261 -0.511489 0.67941 -0.334922 -0.756589 0.561605 -0.50928 -0.567914 0.646612 -0.0025825 -0.999993 0.0027669 -0.00167906 -0.999991 0.0038983 -0.030297 -0.806924 0.589878 -0.0648874 -0.689486 0.721386 0.0146237 -0.280015 0.959884 -0.0184091 -0.00642924 0.99981 -0.0272966 -0.223187 0.974393 -0.177585 -0.962622 0.204506 -0.10631 -0.699843 0.706341 -0.043181 -0.969562 0.24101 -0.0956857 -0.673801 0.732692 -0.119889 -0.0825018 0.989353 -0.418436 -0.375388 0.82704 -0.463957 -0.00604166 0.885837 -0.488486 -0.0112275 0.872499 -0.0606844 -0.0175617 0.998003 -0.37606 -0.690889 0.617455 -0.333397 -0.716298 0.612995 -0.60107 -0.704231 0.377853 -0.719659 -0.455085 0.524394 -0.470914 -0.756773 0.453359 -0.168552 -0.971303 0.167812 -0.543389 -0.773345 0.326597 -0.0460811 -0.956172 0.289157 -0.0107885 -0.999886 0.0105778 -0.871798 -0.0122636 0.489712 -0.470142 -0.613616 0.634383 -0.677901 -0.676634 0.287432 -0.642827 -0.248555 0.724565 -0.573433 0.0198922 0.819011 -0.75155 -0.00996391 0.659601 -0.733472 -0.167828 0.658675 -0.475069 -0.453938 0.753824 -0.763381 -0.2037 0.612989 -0.242785 -0.958881 0.146982 -0.00258308 -0.999991 0.00341698 -0.395666 -0.813746 -0.425754 -0.24854 -0.793381 -0.555675 -0.273276 -0.641827 -0.716504 0.0201442 -0.99979 -0.00373957 -0.139792 -0.958646 -0.247902 -0.582502 -0.748331 0.31732 -0.572573 -0.756961 0.314914 -0.643714 -0.654916 0.395875 -0.881759 -0.0398019 0.470019 -0.99036 0.0209674 0.136918 -0.973906 -0.049126 0.221569 -0.878445 0.0442097 -0.475794 -0.0513762 -0.997967 0.0377152 -0.911358 0.0104414 -0.411482 -0.365712 -0.502494 -0.783425 -0.604658 -0.434205 -0.667724 -0.448491 -0.769184 -0.455206 -0.550457 -0.822318 -0.144184 0.959637 0.280375 0.0220441 -0.809534 0.49073 0.322239 -0.994181 -0.0732922 0.0789446 0.994181 0.0732909 -0.0789426 -0.693387 -0.71975 0.0342599 -0.364667 0.00747393 -0.931108 -0.524501 -0.0803785 -0.847607 -0.614443 -0.021114 -0.788678 -0.925623 -0.0149798 -0.378152 -0.923746 -0.0174754 -0.382606 -0.994569 -0.0231444 0.101475 -0.991397 -0.00902039 0.130577 -0.771368 -0.0254439 0.63588 0 -1 0 -0.513031 -0.778457 0.361669 -0.668696 -0.544482 0.506344 -0.0777556 -0.994917 0.0639797 -0.471384 -0.764093 0.440408 -0.568452 -0.642487 0.51388 0.00555453 -0.999975 -0.00442872 -0.74429 -0.620777 -0.246308 -0.697695 -0.695386 -0.172224 -0.0939552 -0.750558 0.654091 -0.0615499 -0.99411 0.0892014 3.62878e-05 -1 7.95465e-05 0.0288323 -0.680747 0.731951 0.0405719 -0.738295 0.673257 -0.0010459 -0.999999 0.000840865 -0.474949 -0.759496 0.444509 -0.363552 -0.605256 0.708164 0.00216732 -0.999988 0.00436773 -0.680115 0.385504 0.623562 0.995504 -0.0931195 -0.017349 0.999961 -0.008723 -0.00162517 0.979861 0.171222 -0.102736 0.725741 -0.176335 -0.664986 -0.608316 0.732378 -0.305898 0.711264 0.0103289 0.702849 0.862006 0.488023 -0.137038 -0.730365 -0.00479872 -0.683041 7.8824e-08 1 1.87181e-07 -0.0772768 -0.936678 0.341558 -0.0427985 -0.958491 0.281891 -0.447875 -0.840513 0.30487 -0.00126266 -0.999996 0.00238181 -0.000591884 -0.690372 0.723454 0.000834469 -0.965908 0.258883 0.0696631 -0.963563 0.258251 0.0265913 -0.688983 0.72429 -0.00165005 -0.0180767 0.999835 0 1 0 0.927333 0.0119773 0.374046 0.923376 0.0323663 0.382531 -0.00325797 0.999992 0.00223514 0.817567 -0.00641419 -0.575798 -0.00479182 0.998354 -0.0571544 -0.00963633 0.999896 -0.0106938 -0.146051 0.865903 -0.478415 -0.12586 0.956673 -0.262557 0.710269 -0.406467 -0.574719 0.441807 -0.338336 0.830864 0.627745 -0.712823 0.312761 0.701921 -0.696678 -0.148141 0.053624 -0.944294 0.324704 0.38308 -0.921329 0.0663556 0.827864 -0.387851 0.405232 0.0629068 -0.938235 0.340232 -0.922446 -0.00015348 0.386127 -0.920329 0.00579557 0.391103 -0.923859 0.00380276 0.382714 -0.924731 -0.000628004 0.38062 -0.00652072 -0.00509632 -0.999966 -0.944039 0.0059569 0.329781 -0.00130562 0.999947 0.0102601 -0.00577571 0 -0.999983 0.997083 0 -0.07633 0 1 0 -0.0416966 0.995781 -0.0817369 0.422389 -0.039152 0.905569 0.426786 -0.0409305 0.903426 0.00159797 -0.999616 0.0276621 0.0238944 -0.999681 -0.00817863 -1.48814e-05 -1 -1.03864e-05 -6.41755e-07 -1 -8.36422e-07 0.00347175 -0.999949 0.00949013 -6.12267e-06 -1 -4.6487e-05 0.923847 -5.57177e-05 -0.382762 -0.872959 0.0418436 0.485995 -0.716278 -0.0961438 0.69116 -0.711736 -0.0398811 0.701314 -0.00621976 0.999953 0.00746764 -0.754416 0.0886602 0.650382 -0.225372 0.947888 -0.2252 -0.226324 0.947696 -0.225053 -0.00160248 0.999999 0.000236114 0.626502 0.157476 -0.763346 -0.000470189 1 -0.000373462 -0.209772 0.084522 -0.97409 -0.561189 0.704046 -0.435186 -0.501778 0.785504 -0.362218 -0.685775 0.241712 -0.686505 -0.41331 0.830031 -0.374464 -0.174639 0.982293 -0.0678378 -0.218454 0.971442 -0.092619 -0.902606 0.15593 -0.401234 -0.999223 0.0276843 0.0280387 -0.302304 0.952426 -0.0387024 -0.0140347 0.694101 0.719741 0 1 0 0.319814 0.0540752 0.945936 0.373706 -0.0596631 0.925626 0.00127649 0.999998 0.00178677 -0.915943 -0.014864 0.401034 -0.288561 0.949369 0.124219 -0.921643 0.0955457 0.376093 -0.00132429 0.999977 -0.00662747 -0.361054 0.90735 0.215303 -0.762248 -0.127925 -0.634518 -0.302581 0.94438 0.12881 -0.484132 0.201484 -0.851481 -0.399468 -0.156246 -0.903334 -0.00132669 0.999999 -0.000682131 -0.382663 -8.90805e-05 -0.923888 -0.000686281 1 0.000176578 0.372772 -0.0653684 0.925618 -0.300926 0.945851 0.121696 -0.00239531 0.99998 -0.00578294 -0.312798 0.941097 0.128426 -0.663044 0.661423 0.35056 -0.846127 0.368489 0.385079 -0.929825 0.000182123 0.368002 -0.867334 0.0540298 0.494785 -0.503424 0.269249 0.821017 -0.000163673 1 -0.000346213 -0.956774 -0.0392002 0.288179 -0.969055 0.0738222 -0.235548 -0.950827 0.00563459 -0.30967 -4.10887e-05 1 0.000120816 -0.657994 -0.00630874 0.752997 -0.119653 0.983589 0.135044 8.45754e-05 0.999997 0.00235563 -0.00173952 0.999998 0.00110411 0 1 0 0.496453 0.0417212 0.86706 -0.0358951 0.0511436 0.998046 -0.331552 -0.0136055 0.943339 -0.712346 0.0346723 0.700971 -0.701703 0.0772782 0.708267 -0.554929 0.62963 0.54371 -0.0401043 0.998653 -0.0329101 0.0037007 0.999989 0.0029858 -0.0420139 0.997547 0.0559935 0.00373831 0.999987 0.00348085 0.42967 0.787289 0.44222 0.436648 0.041216 0.898688 -0.541582 0.839518 0.0435726 -0.72092 0.0335993 -0.692203 -0.50002 0.706671 -0.500597 -0.204084 0.0688022 0.976533 0.0651303 -0.0733698 0.995176 -0.953852 -0.112564 0.278381 0 1 0 0.358925 0.00785845 0.933333 -0.515393 0 0.856954 0.698653 -0.0256545 0.715001 0.691172 0 0.72269 1.23503e-07 1 1.29135e-07 -0.037328 0.99599 -0.0813032 0.0352204 0.0693437 0.996971 -0.329695 -0.078025 0.940858 2.5222e-08 1 7.1395e-07 -0.789834 0.0731507 0.608943 -0.791101 0.0715893 0.607481 -0.922281 -0.064126 0.381163 -0.605872 0.756365 0.246641 -0.702766 0.648028 0.293562 0.960707 -0.0177134 -0.276999 0.662136 -0.0122254 -0.749284 0.663169 -0.372085 -0.64943 0.589572 0.70459 -0.394914 -0.589572 -0.704591 0.394913 -0.465034 -0.863705 0.194313 0.367395 -0.235841 -0.899667 0.474867 -0.13544 -0.869573 0.55187 -0.787078 -0.275588 0.692479 -0.695877 -0.190339 0.880131 -0.361558 -0.307644 0.777949 -0.0242781 -0.627858 0.793289 -0.0126445 -0.608714 0.994316 -0.024217 -0.103684 0.991378 -0.0109782 -0.130572 0.413962 -0.600176 -0.684415 0.720609 -0.290997 -0.62932 0.97171 -0.233531 -0.0352475 0.143105 -0.0989283 -0.984751 0.713321 -0.59296 -0.373592 0.192925 -0.977925 -0.0802731 0.667104 -0.647101 -0.369097 0.185833 -0.976071 -0.11292 0.558353 -0.643587 -0.523486 0.460554 -0.0146726 -0.88751 0.248084 -0.635348 -0.731292 0.0837582 -0.965415 -0.2469 0.0545569 -0.980005 -0.191347 0.0306463 -0.93041 -0.365237 -0.000128947 -1 -0.000213925 -0.0218903 -0.979993 -0.197826 -0.0686784 -0.937976 -0.339829 -0.12481 -0.934456 -0.333487 -0.108099 -0.958163 -0.265026 0.0108156 -0.999781 0.0179432 -0.98106 0.0484981 -0.187534 0.000197176 1 0.000130858 -0.994457 -0.0570385 0.0883322 0 1 0 -0.864967 0.0287409 0.501004 0 1 0 0.000251251 1 0.000462659 -0.413457 -0.0214932 0.91027 -0.433212 -0.0569915 0.899489 -0.866421 0.0382028 0.49785 -0.329508 -0.176247 0.927557 -4.59145e-05 1 -0.000110851 -4.58273e-06 1 -1.1064e-05 5.82032e-07 1 -1.63841e-06 -6.00786e-05 1 3.45215e-05 0.877617 0.0370211 0.477932 0.947095 0.117505 0.29867 0.775413 0.516241 0.363636 0.256229 0.0750487 0.963698 0.21156 0.610289 0.763407 0.965024 -0.0182354 -0.261527 -0.667082 0.015273 -0.744827 -0.383365 -0.08545 -0.919635 0 1 0 -0.85957 0.0107697 0.510904 -0.306392 -0.67262 -0.673578 -0.836783 0.00275801 0.547528 -0.337712 -0.433633 -0.835412 0.0240726 -0.99909 0.0351952 -0.0381333 0.0447563 -0.99827 0.0242494 0.931455 -0.363047 -0.0797814 0.694778 -0.714786 -0.000280816 1 2.94363e-05 0.999811 -0.00440533 -0.0189209 -0.0934877 -0.995619 0.00155885 0.00933278 -0.999942 0.00540888 -0.202048 -0.915003 0.349209 -0.357441 -0.54886 0.755638 0.197199 -0.776754 0.598136 -0.44055 -0.16596 0.882254 -0.378504 -0.223222 0.89828 -0.705036 -0.386784 0.594409 -0.705933 -0.395539 0.587543 -0.817768 -0.0187685 0.575243 -0.660173 -0.00826675 0.751068 -0.561031 0.749991 0.350368 0.56103 -0.749992 -0.350367 0.461896 -0.865422 -0.194156 -0.419402 0.0235705 0.907495 -1.2919e-05 1 0.000109659 0.382547 -0.0264778 -0.923557 -0.938513 -0.0147671 0.344929 7.32977e-08 1 1.8667e-07 0.00252516 0.999997 9.76894e-05 0 -1.55219e-07 1 0 1 1.79134e-07 -0.981731 -0.0271916 0.18832 -0.815135 -0.55794 0.15575 -0.823198 -0.562254 0.078839 -0.624748 -0.775807 0.0883944 -0.995035 -0.0338941 0.0935735 -2.99645e-10 1 2.3621e-07 -0.981028 0.130993 0.142919 -1.59477e-07 1 1.13567e-07 -0.995577 0.0916621 -0.020611 -0.998637 0.0504982 -0.0131878 -1.97607e-10 1 1.55738e-07 -0.66495 -0.746732 0.0152488 -0.792895 -0.60923 -0.0124615 -0.610891 -0.790369 -0.0461524 -0.990985 -0.0456592 -0.125949 -0.965167 0.172074 -0.197086 -0.972866 0.0858597 -0.21485 -0.75036 -0.640774 -0.162384 -0.597244 -0.788693 -0.145818 -0.333419 -0.938732 -0.0872613 -0.238933 -0.899607 -0.365539 -0.228967 -0.901492 -0.367267 0.811004 -0.446594 0.377925 0.087618 -0.959291 -0.268483 -0.855184 -0.506809 -0.10865 -0.123651 -0.992246 0.0125696 0.00144254 0.999999 0.000896262 -1.93608e-07 1 1.37873e-07 -0.989362 0 -0.145474 -0.969839 0 -0.243745 0.00326743 0.999994 0.000821188 -0.989093 0.0791201 -0.124237 -0.00281688 -0.999986 0.00450179 -0.0004053 -1 -6.77824e-05 -0.0518186 -0.978939 -0.197468 -0.409094 -0.474394 -0.779482 -0.00900638 -0.999806 -0.0175075 -0.664993 -0.476928 -0.574738 -0.0069226 -0.999976 -0.000344724 -0.00736361 -0.999386 -0.0342539 -0.0406926 -0.99913 -0.00913436 -0.327506 -0.709335 0.624166 0.948976 -0.0201186 0.314705 -0.626075 -0.514176 -0.586219 -0.495181 -0.822714 -0.279172 0.00755661 -0.923568 -0.38336 0.0215537 -0.791548 -0.610727 -0.810536 0.448906 -0.376185 0.810535 -0.448907 0.376186 -0.800866 0.490088 -0.344133 -0.435735 -0.0897542 -0.895589 -0.448527 -0.0105658 -0.893707 -0.367065 0.0395927 0.929353 -0.334523 0.0182091 0.942212 -0.0434062 0.0479831 0.997905 -1.9411e-07 1 9.55541e-08 -0.353563 0 0.935411 -6.32726e-08 1 1.67398e-07 1.53252e-06 1 8.92499e-08 0.428406 -0.00844283 0.903547 0.498409 -0.0309168 0.86639 0.00119623 0.999996 0.00252296 0.00264322 0.999997 -0.000160813 0.00181516 0.999997 0.00153351 0.0287953 0.999184 -0.0283396 -0.357359 0.105382 0.928003 0.757709 0.128208 0.639874 0.360344 -0.0949234 0.927977 0.825109 0.043325 0.563309 -1.19423e-05 1 -3.56041e-05 -0.000105204 1 -7.04297e-05 0.904099 -0.0049548 0.427295 0.91856 0.101247 0.382096 0.940117 0.0246562 0.339958 0.446639 0.873198 0.195033 -0.0173373 0.999749 -0.0141934 0.910878 0.0597737 0.408324 0.941937 0.0168181 0.335369 7.22848e-07 1 8.90663e-07 -0.000233973 0.999995 0.00307828 0.00201594 0.999996 0.00181599 -4.81069e-08 1 8.51911e-08 -0.491621 0.0192321 0.870597 0.0224616 -0.0308825 0.999271 0 1 0 -0.00531459 0.999976 0.00441925 -0.698124 -0.0590936 0.713534 -0.699776 -0.0493849 0.712653 0 1 0 -0.439834 0.0528782 0.896521 -0.12914 -0.0814525 0.988275 -0.000212484 1 -0.000169077 -2.78772e-05 1 8.75067e-05 0.98216 0.0103083 0.187762 0.989153 0.0624154 0.132968 0 1 0 0.712238 -0.0448196 -0.700506 0.00117964 0.999997 -0.00222701 0.869909 0.038782 -0.491685 0.716267 -0.0956254 -0.691243 -0.000423883 1 3.35448e-05 -0.00102967 0.999998 0.0019442 0.514377 -0.0212342 0.857301 0.570429 0.00912746 0.821296 0.000630915 1 0.000502027 0.000467487 1 0.000806722 0.752131 0.0725608 -0.655007 0.225445 0.948467 0.222678 -0.689936 -0.0345226 0.723046 0.225654 0.948424 0.222649 0.28545 0.0565044 0.956726 0.482525 0.0568585 0.874035 0.414459 0.0107067 0.910005 0.064645 0.850209 0.522462 -0.389518 0.367373 0.844578 -0.430815 -0.000126231 0.90244 0.716572 0.0542961 0.695396 0.705053 0.0937949 0.702925 0.983302 -0.0126451 -0.181543 0.980184 -0.00858229 -0.197906 0.365857 0.906529 -0.210604 0.601537 0.0191727 -0.798615 0.984099 0.121125 0.129912 0.00206138 0.999998 0.000272125 0.949107 -0.144055 -0.280079 -0.000153018 1 -5.69079e-05 0.406234 0.116398 -0.906325 0.391635 -0.000217633 -0.920121 -3.41087e-07 1 1.73349e-06 0.0045284 0.999745 0.0221233 -0.00510003 0.999974 -0.00506682 -8.47781e-08 1 -3.5998e-08 -0.375757 9.94434e-05 0.926718 0.545935 -0.021896 -0.837541 0.283351 0.0183393 -0.958841 0.00671389 0.999975 0.00217005 -0.274973 0.707961 0.650523 0 1 0 -0.0171766 0.999717 0.0164457 0.841008 0.0815909 0.534836 0.982657 0.0858983 0.16434 0.649137 0.71589 0.257144 -0.392227 0.0329439 0.919278 -0.373439 -0.00389207 0.927647 -0.068061 0.961055 0.267846 -0.384771 -0.916155 0.112297 0.000410115 -0.999985 -0.00553833 -0.229365 -0.639968 -0.73337 -0.256025 -0.764538 -0.591551 0.0131818 -0.999671 -0.0220205 0.0532743 -0.962585 -0.26569 -0.00188773 -0.999997 0.00131464 0.302103 -0.939275 -0.162777 -0.00214385 -0.999997 -0.00073958 0.242421 -0.963156 -0.116462 0.621605 -0.728822 -0.287098 0.775967 -0.562425 -0.285574 -0.328158 0.511853 -0.793926 0.522562 -0.669763 -0.527586 0.0302605 -0.838332 -0.54432 -0.402412 0.730113 -0.552268 0.402412 -0.730113 0.552268 0.315312 -0.477958 0.819838 0.202997 -0.867788 -0.453582 -0.0932769 -0.982967 -0.15835 -0.151402 -0.946083 -0.286366 -0.369852 -0.667091 -0.646683 -0.459622 -0.595886 -0.658534 -0.403039 -0.690764 -0.600337 -0.386049 -0.7925 -0.472133 -0.500313 -0.648929 -0.573217 -0.442962 -0.8032 -0.398316 -0.792769 0.00849876 -0.609463 -0.769644 0.128946 -0.625317 -0.840642 -0.0274691 -0.540895 -0.85706 0.0660457 -0.510967 -0.874346 -0.00677413 -0.485255 -0.731179 -0.560094 -0.389452 -0.47036 -0.829264 -0.301799 -0.509158 -0.798289 -0.321704 -0.660603 -0.552563 -0.50821 -8.72448e-08 1 1.29495e-07 0 1 0 2.84425e-07 1 3.81641e-07 -0.800486 0 -0.599352 -0.78808 0.0662052 -0.612002 3.0812e-07 1 3.77063e-07 -0.858069 0 -0.513534 -0.858069 0 -0.513534 3.68729e-07 1 2.86345e-07 -6.39627e-08 1 1.54381e-07 0.382766 0 -0.923846 -0.719764 -0.0599322 -0.691627 -0.660278 0.0844116 -0.746262 -0.541795 -0.663502 -0.515968 -0.44465 -0.336582 -0.830059 -0.292604 -0.711062 0.639354 -0.382362 -0.560455 0.734635 0.0142565 -0.99985 -0.00983279 -0.811747 -0.066867 0.580168 -0.675754 -0.720555 -0.155421 -0.767826 -0.627901 -0.127215 -0.000439494 -1 -0.000439524 -6.29886e-05 -1 -0.000253496 0.348908 -0.06755 -0.934719 0.00619212 0.999981 -0.000431874 0.363521 0.0234605 -0.931291 1.4982e-07 1 3.69952e-07 0.706862 0.037466 -0.706359 -0.730033 0.0315885 0.682682 -0.00652643 0.999972 0.00354592 -1.6295e-07 1 7.38689e-08 -0.382267 0.0942628 -0.919232 -0.000960615 -0.999582 -0.0288801 0.00195984 -0.998338 -0.057604 0.264593 0.00627556 -0.96434 0.423747 0.0578347 -0.903932 0.535523 -0.612786 -0.581127 0.382607 -0.0224708 -0.923638 0 -1 0 -0.196094 -0.810654 -0.551713 -0.619701 -0.0194879 -0.784596 -0.202979 -0.693294 -0.691478 0.0203257 -0.999786 -0.00389649 -0.03158 -0.00978272 -0.999453 -0.850872 -0.00289311 0.525365 -0.824213 -0.0158482 0.566058 -0.812253 -0.000974114 0.583304 0.118771 0.747586 0.653459 -0.195731 0.658458 0.726721 -0.530345 0.675233 0.512635 -0.0942363 0.798429 0.594669 0.728129 0.68454 -0.0351215 0.829525 0.556607 0.0455736 0.233493 0.132363 0.963307 0.251021 0.0473559 0.966823 0.253793 0.0375776 0.966528 -0.00204371 0.999988 -0.00439732 0.871005 -0.0522236 -0.488491 0.0463118 0.0631509 0.996929 -0.121822 0.188182 0.97455 -0.153833 0.678935 0.717902 0.614186 0.00866448 0.789114 0.904094 0.0117015 -0.427173 1 0 0 1 0 0 0.818699 -0.219715 -0.530526 0.82455 -0.344405 -0.448891 0.608221 -0.444156 -0.65787 0.39283 -0.515053 -0.761843 -1 -1.8639e-05 -2.44672e-05 -0.429601 -0.602246 -0.672862 -1 0 0 -1 0 0 -0.267002 -0.963106 -0.0337151 0.297998 -0.954002 0.0328381 0.659894 -0.734785 0.156943 0.829909 -0.553127 0.0728127 0.619583 -0.784433 0.0279569 -0.212112 -0.95548 0.205103 0.835368 -0.544991 -0.0717319 1 0 0 1 0 0 0.16163 -0.970768 -0.177442 0.532586 -0.827599 -0.177291 0.543724 -0.793809 -0.272455 0.53133 -0.758077 -0.378164 0.675152 -0.681522 -0.282307 0.539638 -0.721606 -0.433676 -0.0680766 -0.818448 -0.570534 -0.995844 0.0532527 0.0738904 0.625426 -0.573276 -0.529337 0.309437 -0.698247 -0.645523 0.829955 -0.442576 -0.339561 1 0 0 1 0 0 -0.99876 -0.0383809 -0.031694 -0.996446 -0.0668545 -0.0512361 -0.999876 0.00696685 0.014145 -0.167739 -0.964577 0.203603 0.821314 -0.52706 0.218292 0.620568 -0.707363 0.338427 0.200271 -0.883803 0.422829 -0.206656 -0.869168 0.449267 0.82127 -0.45266 0.347296 0.159427 -0.759116 0.631131 0.535371 -0.634364 0.557639 0.536098 -0.586028 0.607594 0.668345 -0.404925 0.623979 0.276725 -0.521078 0.807404 -0.25329 -0.612603 0.748707 0.829691 -0.3398 0.442888 1 0 0 0.832103 -0.212252 0.512399 1 0 0 0.630976 -0.256852 0.732049 0.278571 -0.317983 0.906248 -0.275143 -0.436277 0.856714 -1 0 0 -1 0 0 -1 0 0 -0.415562 0.760003 0.499703 0.608561 0.701032 0.371764 0.304085 0.841365 0.446808 0.83996 0.429833 0.331227 0.998989 -0.0449638 -6.10925e-09 1 0 0 0.829868 0.515468 0.213568 1 0 0 0.818123 0.570124 0.0750506 0.570514 0.78798 0.231521 0.549215 0.819576 0.163273 0.16054 0.972411 0.169247 0.608837 0.791287 -0.0564073 -0.115412 0.992944 -0.0272537 -0.9988 0.0288381 -0.0395798 -0.999753 -0.00650745 0.0212467 -0.999969 0.00626697 -0.00479611 -0.999992 0.00399705 0.000724541 -0.998058 -0.016192 0.0601576 0 0.825984 -0.563694 0 0.751984 -0.659181 0.000626331 0.752038 -0.659119 -1 0 0 -1 0 0 0.000567193 0.659121 -0.752037 0.705976 0.532565 -0.466875 0.70593 0.466902 -0.532602 0 0.659177 -0.751988 0.829959 0.442572 -0.339557 1 0 0 0.829896 0.339614 -0.442645 0.70643 0.393061 -0.588608 0.705779 0.299429 -0.642042 0.821787 0.218028 -0.526432 1 0 0 -0.0578363 0.431249 -0.900377 0.613349 0.151341 -0.775177 0.225674 0.182089 -0.957034 -0.337483 0.217884 -0.915768 -1 4.30165e-07 3.25114e-06 -1 2.64546e-07 -3.98565e-06 0.000554378 0.555427 -0.831565 0.00044586 0.4268 -0.904346 -1 0 0 0 0.555366 -0.831606 -0.228394 0.0622301 -0.971578 -1 0 0 -1 0 0 0.208839 -0.0624932 -0.975951 0.654134 -0.0346891 -0.755583 0 -0.0440751 -0.999028 0.832838 0.0722455 -0.548781 1 0 0 1 0 0 0.830035 -0.0728534 -0.552932 0 -0.193752 -0.981051 0.706533 -0.137133 -0.694266 0.705612 -0.246595 -0.664306 0.206001 -0.339787 -0.917665 0.000520295 -0.320799 -0.947147 -1 0 0 0.000593069 -0.193677 -0.981065 -0.367113 -0.439706 -0.819687 0.690581 0.668176 -0.276837 0.536209 0.753681 -0.380059 0.536763 0.723459 -0.434158 0.72287 0.685074 -0.0901817 1 0 0 0.532935 0.827116 -0.178493 0.54367 0.794925 -0.269289 -0.999309 -0.0218907 0.0300446 -0.157436 0.922799 0.351648 -0.99925 0.0282708 -0.0264627 0.812059 0.3472 0.469055 0.999018 0.0427987 0.011467 -0.188537 0.545479 0.816644 0.218825 0.629233 0.745775 0.626578 0.361798 0.690291 0.197211 0.455785 0.867968 0.830044 0.213402 0.515254 0.138118 0.31739 0.938183 -0.230327 0.402618 0.885917 0.706274 0.226867 0.670604 -0.242363 0.213774 0.946341 0.704113 0.0940813 0.703828 0.53286 0.0398081 0.845266 0.707673 0.0922122 0.700497 0.832357 -0.0723257 0.549501 1 0 0 1 0 0 0.543414 -0.0520047 0.837852 0.172253 -0.090342 0.980901 -0.999521 0.0307825 -0.0032768 -0.999882 0.0153864 -0.000268104 -0.999359 -0.0335148 0.0125634 -1 0 0 1 0 0 -1 0 0 0.00344046 0.683529 0.729915 -1 0 0 0.326827 0.712278 0.621163 -0.14167 -0.288003 0.947092 -0.999564 -0.0293962 -0.00264821 -0.999366 0.0341367 0.0100745 1 0 0 -1 0 0 1 0 0 -0.563864 0.748091 0.349882 -0.855498 0.480716 0.192445 0.00433863 0.906816 0.421504 0.00442063 0.955819 0.293923 -0.0133017 0.974902 0.222235 0.00130866 0.953345 0.301879 -0.794375 0.606169 0.0390809 -0.998949 0.0426357 0.0168304 -0.998509 0.0535549 0.0106 -0.999614 0.0272484 -0.00535783 -0.274853 -0.90474 -0.325425 -1 0 0 -1 0 0 -1 0 0 -1 0 0 -1 0 0 -0.997184 -0.0580481 0.0474737 -1 0 0 -0.999918 0.000390929 -0.0128272 -1 0 0 -0.998753 0.0439934 -0.0236167 -1 -0.000626562 -0.000111621 -1 0 0 -1 0 0 -1 0 0 -1 0 0 -1 0 0 -1 0 0 -1 0 0 -1 0 0 -1 0 0 -1 0 0 -1 0 0 -1 0 0 -1 0.000561196 -3.89001e-05 -1 0 0 -1 0 0 -1 0 0 -1 0 0 -1 0 0 -1 0 0 -1 0 0 -0.3805 0.909448 0.167702 -0.99018 0.136507 -0.0301423 -0.996985 0.064362 0.0433341 0.124842 0.992164 0.00498147 -0.999909 -0.0135039 -9.60442e-05 0.299852 0.937943 -0.174216 -0.999956 -0.00922488 0.00171346 -0.158084 0.979461 -0.125162 -0.999897 -0.0142856 0.0010767 -0.701551 -0.677998 0.219422 -0.00604978 -0.914738 0.404003 0.000416349 -0.908141 0.418664 -0.00195983 -0.848137 0.529773 0.00610715 -0.840154 0.542314 0.0147361 -0.805032 0.593049 -0.00257518 -0.764313 0.644841 0.017389 -0.718889 0.694907 -0.00647143 -0.652436 0.757816 0.00933711 -0.608338 0.793624 -0.00211584 -0.575138 0.818054 0.0121398 -0.479488 0.877465 -0.000405659 -0.499704 0.866196 -0.798458 -0.28063 0.532646 -0.734413 -0.324078 0.596331 -0.395983 -0.330341 0.85678 -0.835754 -0.160205 0.525214 -0.999852 -0.00744183 0.0155347 -0.999893 -0.00683299 0.012908 -0.340731 0.508167 -0.790992 0.419376 0.424723 -0.80233 0.23258 0.606756 -0.760101 -0.99938 -0.0219737 0.0275271 -0.999667 -0.0233541 0.010988 -0.999516 -0.0175612 0.0256956 -0.999881 -0.0114915 0.0102951 0.235661 0.72384 -0.648475 -0.224074 0.767036 -0.601205 -0.999853 -0.0137042 0.0103472 0.199841 0.821291 -0.534364 -0.999896 -0.012068 0.00785193 -0.999875 -0.0142459 0.00684948 -0.99994 -0.0100731 0.00419896 0.380066 0.853753 -0.355887 -0.419223 0.864833 -0.276254 -0.971215 -0.21982 0.0917615 -0.798402 -0.541364 0.263591 -0.849963 -0.425833 0.310209 -0.457167 -0.754321 0.471167 -0.275844 0.842189 -0.463279 -0.524961 -0.64872 0.550979 -0.83001 -0.388725 0.39997 -0.251201 0.658554 -0.709369 -0.647015 -0.411411 0.64196 -0.999915 -0.0039242 0.0124228 -0.999849 -0.00636368 0.0161804 0.164794 0.297098 -0.940519 -0.327278 0.335663 -0.8833 -0.999928 -0.0019452 0.0118447 -0.104075 0.147359 -0.983592 -0.999322 0.00116463 0.0367891 -0.193337 0.140301 -0.971049 -0.999417 -0.00576153 0.0336629 -0.748349 0.0215074 0.662957 -0.543985 0.0581468 0.837078 -0.00144959 -0.0476122 0.998865 0.00547951 -0.0185555 0.999813 -0.00621576 0.0694024 0.997569 0.00963316 0.124691 0.992149 0.543716 0.105753 0.83258 0.796921 0.122896 0.59145 0.449077 0.238543 0.861062 0.808264 0.205167 0.55192 0.99986 0.00529275 0.0158677 0.0281311 -0.294605 -0.955205 0.0625946 -0.291955 -0.954381 0.99985 0.00505927 0.0165384 0.999929 0.00121233 0.0118671 -0.0853007 -0.101259 -0.991196 0.999651 0.00228431 0.0263362 0.160241 -0.0852955 -0.983386 0.999544 -0.0301684 -0.00157065 0.180969 0.042417 0.982574 -0.0666108 -0.134419 0.988683 0.994318 -0.0484432 -0.0947853 0.988658 0.068349 0.133734 1 0 0 1 0 0 1 0 0 1 0 0 0.996066 -0.087747 -0.0123468 1 0 0 0.998696 -0.00711287 0.0505569 0.96216 -0.214735 -0.167742 0.996278 0.0861485 -0.00299467 0.998722 -0.0404337 0.0303383 0.989486 -0.0868071 -0.115679 0.997461 -0.0147973 -0.0696675 0.997088 0.0158429 0.0745906 1 0 0 0.998777 -0.0232159 0.0436482 0.999407 0.00920326 -0.0331717 0.998765 -0.00172589 -0.0496447 0.998648 0.0354769 -0.0379922 0.996412 -0.0845788 0.0029401 0.982709 0.111132 0.148094 0.999472 0.0028542 0.0323642 0.99876 -0.0339753 0.0363841 0.963447 -0.236493 -0.125858 0.99639 0.0830437 -0.0176375 0.997953 -0.0625551 0.0132859 0.998767 0.0270073 -0.0416467 0.997477 0.00246626 0.070941 0.995441 0.0504184 0.0809662 0.99781 0.0613371 -0.0247711 0.980665 0.18837 0.053046 0.99906 -0.0253664 0.0351649 0.999315 0.0195625 0.0314152 0.999253 0.0181368 0.0341306 0.999255 0.0233884 0.0307141 -0.0273307 -0.605607 -0.795294 0.999455 0.0229924 0.0236996 0.999074 0.0261871 0.0341309 -0.0760349 -0.606962 -0.791085 -0.199269 -0.723795 -0.660616 0.999942 0.00799084 0.00729333 0.999145 0.0230392 0.0343223 0.0939868 -0.716738 -0.69098 1 0 0 1 0 0 0.25405 -0.789569 -0.558605 0.999927 0.00645624 -0.0102534 0.997803 0.0577664 0.0324309 -0.351943 -0.816191 -0.458222 0.9998 0.0194262 0.00483312 0.83469 0.460143 0.302592 0.013127 0.875428 0.483171 -0.0133023 0.830669 0.556608 -0.0131136 0.760465 0.649247 0.00252823 0.793518 0.608542 0.458819 0.705507 0.540134 0.799517 0.433233 0.416031 -0.00183573 0.645863 0.763451 0.0156667 0.592495 0.805422 0.00130882 0.537595 0.843202 0.00248902 0.534741 0.845012 -0.00333647 0.39866 0.917093 -0.00559058 0.402681 0.915323 0.534102 0.340904 0.773641 0.799314 0.283858 0.529643 0.999412 0.0217135 0.0265478 -0.180568 -0.432349 -0.883442 0.999902 0.00615539 0.0125776 0.20195 -0.459585 -0.864869 0.99986 0.00462271 0.0160958 -0.00839914 0.332207 0.943169 -0.010851 0.20008 0.979719 0.0101015 0.267471 0.963513 -0.741711 0.134741 0.657046 -0.859826 0.1139 0.497722 -0.999717 0.00979899 0.0216965 -0.999476 0.0094735 0.0309429 -0.999502 0.00824678 0.0304459 -0.999916 0.00607645 0.0114212 0.339074 -0.441868 -0.830531 0.208004 -0.590197 -0.780001 -0.999888 0.00901896 0.0119194 -0.32876 -0.509541 -0.795163 -0.999891 0.00894643 0.0117442 -0.873964 0.290989 0.389244 -0.558888 0.536863 0.631998 -0.998882 0.0398881 0.0253623 -0.999905 0.0101234 0.00931383 0.358739 -0.686935 -0.632002 -0.32375 -0.743021 -0.585753 -0.999037 0.0324971 0.0294688 -0.771751 0.542666 0.331532 0.44304 -0.798436 -0.407695 -0.999915 0.0116372 0.00594214 0.187051 -0.866815 -0.462217 -0.228331 -0.659129 -0.716529 -0.757057 0.479705 0.443562 -0.469088 0.471342 0.746855 -0.75821 0.28667 0.585609 0.0932855 -0.291471 -0.95202 -0.315724 -0.302905 -0.899203 -0.999942 0.00105847 0.0107004 0.16199 -0.0828171 -0.983311 -0.102699 -0.0999164 -0.989682 0.0150958 0.690415 0.723256 0.00646669 0.905067 0.42522 0.78911 0.59133 0.166234 0.496341 0.857853 0.133173 0.856919 0.513445 0.0454341 0.00459264 0.988242 0.15283 -0.0118228 0.995184 0.0973136 0.0115252 0.999899 0.00835013 -0.539006 0.840823 -0.0499003 -0.999955 0.00944275 0.000104753 0 -0.999938 -0.0110928 -0.335631 -0.941823 0.0179019 0.260638 -0.95843 0.116104 -0.999942 0.0107201 -0.00129863 -0.999893 0.0143489 -0.00267535 -0.833498 0.549063 -0.0617254 -0.537282 0.826004 -0.170427 -0.836483 0.527619 -0.148037 -0.00166151 0.978673 -0.205419 7.33038e-05 0.979312 -0.202356 0.773083 0.60383 -0.19425 0.472201 0.862925 -0.179961 0.858117 0.509109 -0.0666614 0.999572 0.029246 0.000424179 0.242657 -0.963122 0.116246 1 0 0 1 0 0 -0.355394 0.934246 -0.0296521 0.363802 0.917604 -0.160157 1 0 0 0 0.978845 -0.204602 1 0 0 0.996047 0.0879735 0.0122527 0 0.927999 -0.372584 1 0 0 -0.0708695 -0.954095 0.290999 0.159742 -0.886704 0.433864 -0.182439 -0.869706 0.458615 0.999597 0.0251235 -0.0132481 0.999757 0.0204374 -0.00825615 0.0493267 -0.797419 0.601407 0.99994 0.00877667 -0.00661929 0.0539651 -0.79702 0.601537 0.999916 0.00930405 -0.00899095 0.562596 0.635715 -0.528538 -0.00421237 0.766637 -0.642067 -0.000217992 0.762009 -0.647566 0.00065894 0.845144 -0.534538 0.000624447 0.845111 -0.53459 -0.55643 0.701866 -0.444713 -0.801471 0.48552 -0.349163 -0.520296 0.650645 -0.553131 -0.80572 0.426789 -0.41069 -0.999864 0.0121517 -0.0111602 -0.32918 -0.641199 0.693184 0.284778 -0.711758 0.642107 -0.99987 0.0119792 -0.0108069 -0.30097 -0.758899 0.577486 -0.999864 0.0124751 -0.0108112 0.273422 -0.832983 0.481019 -0.999932 0.0100827 -0.00582241 -0.999613 0.0265392 -0.00837805 -0.999535 0.0278606 -0.0123732 0.10585 -0.946858 0.303738 -0.999892 0.0140113 -0.00449462 -0.351431 -0.899812 0.258525 -0.82585 0.500501 -0.259749 0.000862167 0.913302 -0.407283 -0.00333578 0.918967 -0.394321 0.00284786 0.934636 -0.355594 0.853631 0.445257 -0.270297 -0.00139597 0.938472 -0.345354 -0.11704 -0.876519 0.466922 -0.999879 0.00957577 -0.0122357 0.351753 -0.576922 0.737178 -0.999879 0.00957623 -0.012237 -0.840856 0.325628 -0.43235 -0.505984 0.47387 -0.720713 -0.805273 0.265606 -0.530083 -0.999014 0.0114151 -0.0429066 -0.00868274 0.409626 -0.912212 0.00259299 0.428513 -0.903532 0.77783 0.211398 -0.591855 0.837061 0.0851381 -0.540445 0.0044695 0.225524 -0.974227 -0.0123735 0.164423 -0.986312 0.0122587 0.0723836 -0.997302 0.00629988 0.0232125 -0.999711 -0.00155296 0.00900251 -0.999958 -0.524484 -0.114005 -0.843753 -0.851436 -0.105587 -0.513719 0.000104746 -0.280494 -0.959856 0.000342637 -0.279874 -0.960037 0.000748042 -0.130855 -0.991401 -0.00192653 -0.135629 -0.990758 0.82533 -0.114315 -0.552958 0.518193 -0.112844 -0.847786 0.824729 -0.0291403 -0.564777 0.999559 0.00225254 -0.0296273 -0.135789 0.0799378 0.987508 0.99989 -0.001195 -0.0147624 0.170456 -0.0347331 -0.984753 0 -0.0527599 -0.998607 1 -7.1431e-05 -5.44937e-05 0 -0.20529 -0.978701 1 0 0 0 -0.20529 -0.978701 1 0 0 1 0 0 1 0 0 0 -0.371805 -0.928311 0.997271 0.0100911 -0.0731348 0.156269 0.432726 0.887878 -0.193888 0.457492 0.867818 0.999901 -0.00655923 -0.0124422 0.0441228 0.600946 0.798071 0.999915 -0.00784075 -0.0104127 0.999377 -0.0269906 -0.0227546 0.527393 -0.462168 -0.712921 0.772416 -0.310559 -0.554009 -0.00834966 -0.592644 -0.805421 0.00753346 -0.546427 -0.837473 0.0111829 -0.651242 -0.758788 -0.775016 -0.373388 -0.509835 -0.850342 -0.391623 -0.351496 -0.469633 -0.618273 -0.630225 -0.999412 -0.0295017 -0.0174758 -0.999872 -0.00687526 -0.0144587 -0.999333 -0.0304652 -0.020115 -0.701297 -0.609082 -0.370407 -0.0018812 -0.829798 -0.55806 0.00140963 -0.834392 -0.55117 0.000750387 -0.802091 -0.597202 0.000269824 -0.802791 -0.596261 0.83612 -0.412007 -0.362151 0.999306 -0.0272703 -0.0253665 0.999361 -0.0258178 -0.024729 0.772241 -0.386858 -0.503969 0.000324197 -0.698587 -0.715525 0.000966123 -0.699672 -0.714463 -0.0979774 0.718696 0.688387 1 0 0 0.149707 0.60091 0.785172 0 -0.528622 -0.848858 0 -0.668203 -0.743979 0.999076 -0.0429155 0.00234052 0.999058 0.0127446 -0.0414882 0.999521 -0.0295059 0.0092936 0.999243 -0.0289699 -0.0259555 -0.425286 -0.7258 -0.540691 0.366716 -0.821442 -0.436753 0.27787 0.841033 0.464168 1 0 0 -0.260803 0.866098 0.426446 1 0 0 0.31698 0.893889 0.316995 0.998808 -0.0446296 -0.0197515 0.0123836 -0.936832 -0.349559 -0.000797958 -0.907301 -0.420481 0.000825994 -0.905442 -0.42447 0.825844 -0.492785 -0.274126 0.999205 -0.0368126 -0.0153154 -0.525141 -0.770687 -0.360927 -0.854479 -0.480813 -0.196683 -0.999848 -0.0161155 -0.00659394 -0.999872 -0.0149554 -0.00568135 0.387824 0.861654 0.327331 -0.476743 0.791493 0.382432 -0.999854 -0.0164375 -0.00473264 -0.84403 -0.523119 -0.118152 -0.53199 -0.809569 -0.248162 -0.002878 -0.955531 -0.294876 0.0128148 -0.970629 -0.240238 -0.0114223 -0.987703 -0.155921 -0.675808 -0.737023 -0.00896527 -0.80502 -0.592946 -0.0188911 -0.841226 -0.534619 0.0807495 -0.685161 -0.723538 0.0839485 -0.55688 -0.811119 0.178804 -0.00601789 -0.992391 0.122979 0.00504815 -0.977477 0.21098 0.000152678 -0.979344 0.202203 0.54582 -0.820571 0.169541 0.81557 -0.572977 0.0808863 0.999877 -0.0156862 0.000736883 0.999812 -0.0192147 0.00250293 0.253169 0.950215 -0.181649 -0.203959 0.970778 -0.126455 1 0 0 1 0 0 1 0 0 0.140903 0.990023 -0.000918679 0.999246 -0.0110231 0.0372414 0.999257 -0.0379837 -0.00655622 0 0.985428 0.170091 0 0.999938 0.0110918 0.999894 -0.0145498 -0.000161393 -0.386143 0.903723 0.184872 0.999922 -0.012252 -0.00250635 0.998868 -0.0440567 -0.0179291 0.73382 -0.665518 -0.13636 0.515672 -0.853913 -0.0701027 0.843943 -0.536216 -0.0152227 0.00968708 -0.996786 -0.0795249 -0.00900002 -0.999819 -0.0167881 0.0121751 -0.997915 0.0633862 0.447352 -0.892582 0.0563424 0.999814 -0.0192434 0.00088142 0.999145 -0.0227956 -0.0344859 -0.425291 -0.854507 -0.298236 0.434394 -0.894237 -0.107901 -0.356052 -0.933996 0.0296328 0.364428 -0.917324 0.160343 1 0 0 0 -0.978779 0.204917 0.997434 -0.0687279 -0.0200455 0 -0.928001 0.372578 1 0 0 0.998261 -0.0114749 0.0578239 0.350255 0.865275 -0.358638 0 -0.849249 0.527993 0.999463 -0.0206223 -0.0254483 0 -0.743738 0.668471 1 0 0 0.999456 -0.0245974 0.0219592 -0.10309 0.742005 -0.662421 -0.128706 0.738538 -0.661813 0.999092 -0.0317374 0.0284402 0.99885 -0.0340458 0.0337476 0.998947 -0.0284205 0.0360298 0.998658 -0.0303511 0.0419622 0.774901 -0.294309 0.559385 0.412075 -0.329791 0.849372 0.999811 -0.00649057 0.018324 0.999437 -0.00635272 0.0329547 0.886109 -0.130598 0.444697 -0.000821964 -0.227268 0.973832 0.00867276 -0.210154 0.97763 -0.536368 -0.189056 0.822537 -0.785556 -0.0902345 0.612176 -0.000177982 -0.0734864 0.997296 0.00936894 -0.0944979 0.995481 0.999437 -0.0037995 0.0333399 0.999435 -0.00368788 0.0334024 0.999525 -0.0044171 0.0305162 -0.170534 0.141155 -0.975189 -0.106158 0.14611 -0.983556 0.999682 -0.00753938 0.0240692 0.160781 0.295028 -0.941864 0.999672 -0.00376335 0.0253334 -0.16249 0.329448 -0.930087 0.999265 -0.017903 0.0338965 0.999239 0.000702808 0.0389893 0.0911687 0.465081 -0.880561 0.0869379 0.465013 -0.881025 0.999295 -0.0290814 -0.0237304 0 -0.468995 0.883201 0 -0.61613 0.787644 1 0 0 0.998699 0.00177139 0.0509539 -0.0862859 0.617011 -0.78221 0.0608638 0.627833 -0.775965 0.999759 0.0219081 0.00124311 0.82355 0.0356929 0.566119 -0.00106719 -0.358203 0.933643 0.0012771 -0.362071 0.93215 0.999748 -0.0177015 0.0137761 0.998645 -0.0242953 0.0460304 0.999142 -0.0301616 0.0283706 0.188235 0.82616 -0.531063 -0.317198 0.823029 -0.471178 0.999379 -0.0305762 0.0175046 0.999761 -0.016519 0.0143398 0.83294 -0.488778 0.259435 0.582446 -0.737421 0.342005 0.999869 -0.015313 0.00519891 0.999887 -0.0143202 0.00460819 0.842613 -0.515209 0.15673 0.637246 -0.727926 0.253064 0.000429629 -0.945134 0.326684 -0.435415 0.856953 -0.275764 -0.473347 -0.870146 -0.137071 0.998933 -0.0414422 -0.0204051 -0.264385 0.787463 0.556779 0.999538 -0.0248307 -0.0175567 0.250555 0.721036 0.646011 0.371637 0.774741 0.51153 0.281787 0.661771 0.694734 -0.99995 -0.00686791 -0.00721 -0.193308 0.709041 0.678154 0.318802 0.516665 0.794621 -0.999913 -0.00719443 -0.0110649 -0.211958 0.591647 0.777835 -0.999915 -0.00708145 -0.0109766 -0.355801 0.438769 0.825159 0.360645 0.302001 0.882457 -0.999582 -0.00936014 -0.0273506 -0.999752 -0.00474368 -0.0217718 -0.857434 -0.209334 -0.470092 -0.00441763 -0.470199 -0.882549 0.00488531 -0.450668 -0.892678 0.00330691 -0.333564 -0.942722 0.000899203 -0.339056 -0.940766 0.999428 -0.00987766 -0.0323519 -0.0938709 0.291669 0.951902 -0.108793 0.290279 0.950738 0.998176 -0.0313176 -0.0516083 0.999644 -0.011196 -0.0242309 0.997895 -0.018885 -0.0620327 -0.473985 -0.415387 -0.776397 -0.358055 0.256778 0.897698 -0.999637 -0.00984929 -0.025078 0.422646 0.0968278 0.901108 -0.999886 -0.00183623 -0.0149949 -0.999842 -0.00103804 -0.0177662 -0.526401 0.00857777 -0.850193 -0.833157 -0.0210334 -0.552637 0.335422 -0.133585 0.932549 -0.999112 0.00616424 -0.0416923 -0.999929 0.0104347 -0.00580056 -0.998829 0.0152614 -0.0459056 0.16431 -0.329281 0.929826 -0.162821 -0.294976 0.94153 -0.99891 0.0155787 -0.0439912 0.0534364 -0.163909 0.985027 -0.738463 0.0845805 -0.668969 -0.508815 0.0128868 0.86078 -0.813638 -0.340206 -0.471438 0.0400615 0.815862 0.576858 0.141179 0.0976849 0.985153 -0.0645637 0.132988 -0.989013 1 6.08214e-05 -6.33523e-05 1 0 0 0 0.138783 -0.990323 1 0 0 0.998385 -0.0231811 -0.0518733 0 0.308471 -0.951234 0.999275 0.018119 -0.0334841 0.999242 0.0265899 0.0284183 0.999448 -0.0226952 -0.0242557 0 0.616245 -0.787555 0 0.468996 -0.8832 0.195608 -0.653107 0.731566 0.999417 0.0227377 -0.0254692 -0.134676 -0.676662 0.723873 0.999344 0.0134493 -0.0336372 -0.266899 -0.468028 0.842445 0.99917 0.0197805 -0.0356047 0.99966 0.0163747 -0.0202792 0.751523 0.410259 -0.516624 0.018622 0.481891 -0.876033 -0.00168053 0.549502 -0.835491 0.0121931 0.590801 -0.806725 -0.0100908 0.657249 -0.753606 0.64901 0.533054 -0.542807 0.823103 0.413726 -0.389015 0.00860244 0.701318 -0.712796 -0.500618 0.570241 -0.651311 0.999249 0.0108601 -0.0371893 0.164699 -0.329687 0.929613 -0.162449 -0.295425 0.941453 0.999176 0.0121548 -0.0387348 0.0964842 -0.152311 0.983612 0.999112 0.00644849 -0.0416439 0.258304 -0.138465 0.956089 0.999579 0.00752442 -0.0280202 -0.079004 -0.474425 0.876744 0.999934 0.00785785 -0.0084061 0.99931 0.0349599 0.0125545 0.998796 -0.00278779 -0.0489827 1 0 0 0 0.849134 -0.528177 0 0.743744 -0.668465 -0.00352886 0.287576 -0.957751 -0.0047351 0.284767 -0.958585 -0.999902 0.00654548 -0.0123759 -0.0890604 -0.465669 0.880466 -0.304672 -0.457909 0.835161 0.760716 0.54835 -0.347309 0.999585 0.0262403 -0.0119108 -0.348153 -0.901747 0.256205 0.99988 0.0149046 -0.00423471 0.999246 0.0110216 -0.0372341 1 0 0 0.433653 0.894621 0.107697 0 -0.999938 -0.0110928 0 -0.98563 -0.168918 0.999222 0.0386793 0.00766954 0.326608 -0.92711 -0.183832 0.999956 0.00927587 0.0015897 -0.296051 -0.90118 -0.316588 0.999923 0.0117071 0.00411274 1 0 0 -0.3762 0.801806 0.464308 0 0.882773 0.469799 0 0.951448 0.30781 0.999199 0.00431289 0.0397818 1 0 0 0.356078 -0.842134 -0.404994 -0.338956 -0.940626 0.0182007 0.999672 0.0253452 -0.00377021 0.999509 0.0313196 -0.00060602 0.00245514 0.998446 -0.0556721 0.002725 0.998411 -0.0562872 0.997891 0.0574372 0.0302263 0.372185 0.731445 0.571373 -0.427685 0.619398 0.658355 0.999358 0.0357955 0.00130078 1 0 0 0.999591 0.0273724 0.00823709 0 0.204508 0.978865 0 0.372132 0.92818 -0.00529411 -0.940693 0.339219 0 -0.984981 -0.172663 0.29371 -0.937704 -0.185597 -0.999368 0.0345916 0.00823577</float_array>
                    <technique_common>
                        <accessor count="9014" source="#shape0-lib-normals-array" stride="3">
                            <param name="X" type="float"/>
                            <param name="Y" type="float"/>
                            <param name="Z" type="float"/>
                        </accessor>
                    </technique_common>
                </source>
                <source id="shape0-lib-map" name="map">
                    <float_array id="shape0-lib-map-array" count="54084">0 0 0 0 0 0 0 0 0 0 0 0 0 0 0 0 0 0 0 0 0 0 0 0 0 0 0 0 0 0 0 0 0 0 0 0 0 0 0 0 0 0 0 0 0 0 0 0 0 0 0 0 0 0 0 0 0 0 0 0 0 0 0 0 0 0 0 0 0 0 0 0 0 0 0 0 0 0 0 0 0 0 0 0 0 0 0 0 0 0 0 0 0 0 0 0 0 0 0 0 0 0 0 0 0 0 0 0 0 0 0 0 0 0 0 0 0 0 0 0 0 0 0 0 0 0 0 0 0 0 0 0 0 0 0 0 0 0 0 0 0 0 0 0 0 0 0 0 0 0 0 0 0 0 0 0 0 0 0 0 0 0 0 0 0 0 0 0 0 0 0 0 0 0 0 0 0 0 0 0 0 0 0 0 0 0 0 0 0 0 0 0 0 0 0 0 0 0 0 0 0 0 0 0 0 0 0 0 0 0 0 0 0 0 0 0 0 0 0 0 0 0 0 0 0 0 0 0 0 0 0 0 0 0 0 0 0 0 0 0 0 0 0 0 0 0 0 0 0 0 0 0 0 0 0 0 0 0 0 0 0 0 0 0 0 0 0 0 0 0 0 0 0 0 0 0 0 0 0 0 0 0 0 0 0 0 0 0 0 0 0 0 0 0 0 0 0 0 0 0 0 0 0 0 0 0 0 0 0 0 0 0 0 0 0 0 0 0 0 0 0 0 0 0 0 0 0 0 0 0 0 0 0 0 0 0 0 0 0 0 0 0 0 0 0 0 0 0 0 0 0 0 0 0 0 0 0 0 0 0 0 0 0 0 0 0 0 0 0 0 0 0 0 0 0 0 0 0 0 0 0 0 0 0 0 0 0 0 0 0 0 0 0 0 0 0 0 0 0 0 0 0 0 0 0 0 0 0 0 0 0 0 0 0 0 0 0 0 0 0 0 0 0 0 0 0 0 0 0 0 0 0 0 0 0 0 0 0 0 0 0 0 0 0 0 0 0 0 0 0 0 0 0 0 0 0 0 0 0 0 0 0 0 0 0 0 0 0 0 0 0 0 0 0 0 0 0 0 0 0 0 0 0 0 0 0 0 0 0 0 0 0 0 0 0 0 0 0 0 0 0 0 0 0 0 0 0 0 0 0 0 0 0 0 0 0 0 0 0 0 0 0 0 0 0 0 0 0 0 0 0 0 0 0 0 0 0 0 0 0 0 0 0 0 0 0 0 0 0 0 0 0 0 0 0 0 0 0 0 0 0 0 0 0 0 0 0 0 0 0 0 0 0 0 0 0 0 0 0 0 0 0 0 0 0 0 0 0 0 0 0 0 0 0 0 0 0 0 0 0 0 0 0 0 0 0 0 0 0 0 0 0 0 0 0 0 0 0 0 0 0 0 0 0 0 0 0 0 0 0 0 0 0 0 0 0 0 0 0 0 0 0 0 0 0 0 0 0 0 0 0 0 0 0 0 0 0 0 0 0 0 0 0 0 0 0 0 0 0 0 0 0 0 0 0 0 0 0 0 0 0 0 0 0 0 0 0 0 0 0 0 0 0 0 0 0 0 0 0 0 0 0 0 0 0 0 0 0 0 0 0 0 0 0 0 0 0 0 0 0 0 0 0 0 0 0 0 0 0 0 0 0 0 0 0 0 0 0 0 0 0 0 0 0 0 0 0 0 0 0 0 0 0 0 0 0 0 0 0 0 0 0 0 0 0 0 0 0 0 0 0 0 0 0 0 0 0 0 0 0 0 0 0 0 0 0 0 0 0 0 0 0 0 0 0 0 0 0 0 0 0 0 0 0 0 0 0 0 0 0 0 0 0 0 0 0 0 0 0 0 0 0 0 0 0 0 0 0 0 0 0 0 0 0 0 0 0 0 0 0 0 0 0 0 0 0 0 0 0 0 0 0 0 0 0 0 0 0 0 0 0 0 0 0 0 0 0 0 0 0 0 0 0 0 0 0 0 0 0 0 0 0 0 0 0 0 0 0 0 0 0 0 0 0 0 0 0 0 0 0 0 0 0 0 0 0 0 0 0 0 0 0 0 0 0 0 0 0 0 0 0 0 0 0 0 0 0 0 0 0 0 0 0 0 0 0 0 0 0 0 0 0 0 0 0 0 0 0 0 0 0 0 0 0 0 0 0 0 0 0 0 0 0 0 0 0 0 0 0 0 0 0 0 0 0 0 0 0 0 0 0 0 0 0 0 0 0 0 0 0 0 0 0 0 0 0 0 0 0 0 0 0 0 0 0 0 0 0 0 0 0 0 0 0 0 0 0 0 0 0 0 0 0 0 0 0 0 0 0 0 0 0 0 0 0 0 0 0 0 0 0 0 0 0 0 0 0 0 0 0 0 0 0 0 0 0 0 0 0 0 0 0 0 0 0 0 0 0 0 0 0 0 0 0 0 0 0 0 0 0 0 0 0 0 0 0 0 0 0 0 0 0 0 0 0 0 0 0 0 0 0 0 0 0 0 0 0 0 0 0 0 0 0 0 0 0 0 0 0 0 0 0 0 0 0 0 0 0 0 0 0 0 0 0 0 0 0 0 0 0 0 0 0 0 0 0 0 0 0 0 0 0 0 0 0 0 0 0 0 0 0 0 0 0 0 0 0 0 0 0 0 0 0 0 0 0 0 0 0 0 0 0 0 0 0 0 0 0 0 0 0 0 0 0 0 0 0 0 0 0 0 0 0 0 0 0 0 0 0 0 0 0 0 0 0 0 0 0 0 0 0 0 0 0 0 0 0 0 0 0 0 0 0 0 0 0 0 0 0 0 0 0 0 0 0 0 0 0 0 0 0 0 0 0 0 0 0 0 0 0 0 0 0 0 0 0 0 0 0 0 0 0 0 0 0 0 0 0 0 0 0 0 0 0 0 0 0 0 0 0 0 0 0 0 0 0 0 0 0 0 0 0 0 0 0 0 0 0 0 0 0 0 0 0 0 0 0 0 0 0 0 0 0 0 0 0 0 0 0 0 0 0 0 0 0 0 0 0 0 0 0 0 0 0 0 0 0 0 0 0 0 0 0 0 0 0 0 0 0 0 0 0 0 0 0 0 0 0 0 0 0 0 0 0 0 0 0 0 0 0 0 0 0 0 0 0 0 0 0 0 0 0 0 0 0 0 0 0 0 0 0 0 0 0 0 0 0 0 0 0 0 0 0 0 0 0 0 0 0 0 0 0 0 0 0 0 0 0 0 0 0 0 0 0 0 0 0 0 0 0 0 0 0 0 0 0 0 0 0 0 0 0 0 0 0 0 0 0 0 0 0 0 0 0 0 0 0 0 0 0 0 0 0 0 0 0 0 0 0 0 0 0 0 0 0 0 0 0 0 0 0 0 0 0 0 0 0 0 0 0 0 0 0 0 0 0 0 0 0 0 0 0 0 0 0 0 0 0 0 0 0 0 0 0 0 0 0 0 0 0 0 0 0 0 0 0 0 0 0 0 0 0 0 0 0 0 0 0 0 0 0 0 0 0 0 0 0 0 0 0 0 0 0 0 0 0 0 0 0 0 0 0 0 0 0 0 0 0 0 0 0 0 0 0 0 0 0 0 0 0 0 0 0 0 0 0 0 0 0 0 0 0 0 0 0 0 0 0 0 0 0 0 0 0 0 0 0 0 0 0 0 0 0 0 0 0 0 0 0 0 0 0 0 0 0 0 0 0 0 0 0 0 0 0 0 0 0 0 0 0 0 0 0 0 0 0 0 0 0 0 0 0 0 0 0 0 0 0 0 0 0 0 0 0 0 0 0 0 0 0 0 0 0 0 0 0 0 0 0 0 0 0 0 0 0 0 0 0 0 0 0 0 0 0 0 0 0 0 0 0 0 0 0 0 0 0 0 0 0 0 0 0 0 0 0 0 0 0 0 0 0 0 0 0 0 0 0 0 0 0 0 0 0 0 0 0 0 0 0 0 0 0 0 0 0 0 0 0 0 0 0 0 0 0 0 0 0 0 0 0 0 0 0 0 0 0 0 0 0 0 0 0 0 0 0 0 0 0 0 0 0 0 0 0 0 0 0 0 0 0 0 0 0 0 0 0 0 0 0 0 0 0 0 0 0 0 0 0 0 0 0 0 0 0 0 0 0 0 0 0 0 0 0 0 0 0 0 0 0 0 0 0 0 0 0 0 0 0 0 0 0 0 0 0 0 0 0 0 0 0 0 0 0 0 0 0 0 0 0 0 0 0 0 0 0 0 0 0 0 0 0 0 0 0 0 0 0 0 0 0 0 0 0 0 0 0 0 0 0 0 0 0 0 0 0 0 0 0 0 0 0 0 0 0 0 0 0 0 0 0 0 0 0 0 0 0 0 0 0 0 0 0 0 0 0 0 0 0 0 0 0 0 0 0 0 0 0 0 0 0 0 0 0 0 0 0 0 0 0 0 0 0 0 0 0 0 0 0 0 0 0 0 0 0 0 0 0 0 0 0 0 0 0 0 0 0 0 0 0 0 0 0 0 0 0 0 0 0 0 0 0 0 0 0 0 0 0 0 0 0 0 0 0 0 0 0 0 0 0 0 0 0 0 0 0 0 0 0 0 0 0 0 0 0 0 0 0 0 0 0 0 0 0 0 0 0 0 0 0 0 0 0 0 0 0 0 0 0 0 0 0 0 0 0 0 0 0 0 0 0 0 0 0 0 0 0 0 0 0 0 0 0 0 0 0 0 0 0 0 0 0 0 0 0 0 0 0 0 0 0 0 0 0 0 0 0 0 0 0 0 0 0 0 0 0 0 0 0 0 0 0 0 0 0 0 0 0 0 0 0 0 0 0 0 0 0 0 0 0 0 0 0 0 0 0 0 0 0 0 0 0 0 0 0 0 0 0 0 0 0 0 0 0 0 0 0 0 0 0 0 0 0 0 0 0 0 0 0 0 0 0 0 0 0 0 0 0 0 0 0 0 0 0 0 0 0 0 0 0 0 0 0 0 0 0 0 0 0 0 0 0 0 0 0 0 0 0 0 0 0 0 0 0 0 0 0 0 0 0 0 0 0 0 0 0 0 0 0 0 0 0 0 0 0 0 0 0 0 0 0 0 0 0 0 0 0 0 0 0 0 0 0 0 0 0 0 0 0 0 0 0 0 0 0 0 0 0 0 0 0 0 0 0 0 0 0 0 0 0 0 0 0 0 0 0 0 0 0 0 0 0 0 0 0 0 0 0 0 0 0 0 0 0 0 0 0 0 0 0 0 0 0 0 0 0 0 0 0 0 0 0 0 0 0 0 0 0 0 0 0 0 0 0 0 0 0 0 0 0 0 0 0 0 0 0 0 0 0 0 0 0 0 0 0 0 0 0 0 0 0 0 0 0 0 0 0 0 0 0 0 0 0 0 0 0 0 0 0 0 0 0 0 0 0 0 0 0 0 0 0 0 0 0 0 0 0 0 0 0 0 0 0 0 0 0 0 0 0 0 0 0 0 0 0 0 0 0 0 0 0 0 0 0 0 0 0 0 0 0 0 0 0 0 0 0 0 0 0 0 0 0 0 0 0 0 0 0 0 0 0 0 0 0 0 0 0 0 0 0 0 0 0 0 0 0 0 0 0 0 0 0 0 0 0 0 0 0 0 0 0 0 0 0 0 0 0 0 0 0 0 0 0 0 0 0 0 0 0 0 0 0 0 0 0 0 0 0 0 0 0 0 0 0 0 0 0 0 0 0 0 0 0 0 0 0 0 0 0 0 0 0 0 0 0 0 0 0 0 0 0 0 0 0 0 0 0 0 0 0 0 0 0 0 0 0 0 0 0 0 0 0 0 0 0 0 0 0 0 0 0 0 0 0 0 0 0 0 0 0 0 0 0 0 0 0 0 0 0 0 0 0 0 0 0 0 0 0 0 0 0 0 0 0 0 0 0 0 0 0 0 0 0 0 0 0 0 0 0 0 0 0 0 0 0 0 0 0 0 0 0 0 0 0 0 0 0 0 0 0 0 0 0 0 0 0 0 0 0 0 0 0 0 0 0 0 0 0 0 0 0 0 0 0 0 0 0 0 0 0 0 0 0 0 0 0 0 0 0 0 0 0 0 0 0 0 0 0 0 0 0 0 0 0 0 0 0 0 0 0 0 0 0 0 0 0 0 0 0 0 0 0 0 0 0 0 0 0 0 0 0 0 0 0 0 0 0 0 0 0 0 0 0 0 0 0 0 0 0 0 0 0 0 0 0 0 0 0 0 0 0 0 0 0 0 0 0 0 0 0 0 0 0 0 0 0 0 0 0 0 0 0 0 0 0 0 0 0 0 0 0 0 0 0 0 0 0 0 0 0 0 0 0 0 0 0 0 0 0 0 0 0 0 0 0 0 0 0 0 0 0 0 0 0 0 0 0 0 0 0 0 0 0 0 0 0 0 0 0 0 0 0 0 0 0 0 0 0 0 0 0 0 0 0 0 0 0 0 0 0 0 0 0 0 0 0 0 0 0 0 0 0 0 0 0 0 0 0 0 0 0 0 0 0 0 0 0 0 0 0 0 0 0 0 0 0 0 0 0 0 0 0 0 0 0 0 0 0 0 0 0 0 0 0 0 0 0 0 0 0 0 0 0 0 0 0 0 0 0 0 0 0 0 0 0 0 0 0 0 0 0 0 0 0 0 0 0 0 0 0 0 0 0 0 0 0 0 0 0 0 0 0 0 0 0 0 0 0 0 0 0 0 0 0 0 0 0 0 0 0 0 0 0 0 0 0 0 0 0 0 0 0 0 0 0 0 0 0 0 0 0 0 0 0 0 0 0 0 0 0 0 0 0 0 0 0 0 0 0 0 0 0 0 0 0 0 0 0 0 0 0 0 0 0 0 0 0 0 0 0 0 0 0 0 0 0 0 0 0 0 0 0 0 0 0 0 0 0 0 0 0 0 0 0 0 0 0 0 0 0 0 0 0 0 0 0 0 0 0 0 0 0 0 0 0 0 0 0 0 0 0 0 0 0 0 0 0 0 0 0 0 0 0 0 0 0 0 0 0 0 0 0 0 0 0 0 0 0 0 0 0 0 0 0 0 0 0 0 0 0 0 0 0 0 0 0 0 0 0 0 0 0 0 0 0 0 0 0 0 0 0 0 0 0 0 0 0 0 0 0 0 0 0 0 0 0 0 0 0 0 0 0 0 0 0 0 0 0 0 0 0 0 0 0 0 0 0 0 0 0 0 0 0 0 0 0 0 0 0 0 0 0 0 0 0 0 0 0 0 0 0 0 0 0 0 0 0 0 0 0 0 0 0 0 0 0 0 0 0 0 0 0 0 0 0 0 0 0 0 0 0 0 0 0 0 0 0 0 0 0 0 0 0 0 0 0 0 0 0 0 0 0 0 0 0 0 0 0 0 0 0 0 0 0 0 0 0 0 0 0 0 0 0 0 0 0 0 0 0 0 0 0 0 0 0 0 0 0 0 0 0 0 0 0 0 0 0 0 0 0 0 0 0 0 0 0 0 0 0 0 0 0 0 0 0 0 0 0 0 0 0 0 0 0 0 0 0 0 0 0 0 0 0 0 0 0 0 0 0 0 0 0 0 0 0 0 0 0 0 0 0 0 0 0 0 0 0 0 0 0 0 0 0 0 0 0 0 0 0 0 0 0 0 0 0 0 0 0 0 0 0 0 0 0 0 0 0 0 0 0 0 0 0 0 0 0 0 0 0 0 0 0 0 0 0 0 0 0 0 0 0 0 0 0 0 0 0 0 0 0 0 0 0 0 0 0 0 0 0 0 0 0 0 0 0 0 0 0 0 0 0 0 0 0 0 0 0 0 0 0 0 0 0 0 0 0 0 0 0 0 0 0 0 0 0 0 0 0 0 0 0 0 0 0 0 0 0 0 0 0 0 0 0 0 0 0 0 0 0 0 0 0 0 0 0 0 0 0 0 0 0 0 0 0 0 0 0 0 0 0 0 0 0 0 0 0 0 0 0 0 0 0 0 0 0 0 0 0 0 0 0 0 0 0 0 0 0 0 0 0 0 0 0 0 0 0 0 0 0 0 0 0 0 0 0 0 0 0 0 0 0 0 0 0 0 0 0 0 0 0 0 0 0 0 0 0 0 0 0 0 0 0 0 0 0 0 0 0 0 0 0 0 0 0 0 0 0 0 0 0 0 0 0 0 0 0 0 0 0 0 0 0 0 0 0 0 0 0 0 0 0 0 0 0 0 0 0 0 0 0 0 0 0 0 0 0 0 0 0 0 0 0 0 0 0 0 0 0 0 0 0 0 0 0 0 0 0 0 0 0 0 0 0 0 0 0 0 0 0 0 0 0 0 0 0 0 0 0 0 0 0 0 0 0 0 0 0 0 0 0 0 0 0 0 0 0 0 0 0 0 0 0 0 0 0 0 0 0 0 0 0 0 0 0 0 0 0 0 0 0 0 0 0 0 0 0 0 0 0 0 0 0 0 0 0 0 0 0 0 0 0 0 0 0 0 0 0 0 0 0 0 0 0 0 0 0 0 0 0 0 0 0 0 0 0 0 0 0 0 0 0 0 0 0 0 0 0 0 0 0 0 0 0 0 0 0 0 0 0 0 0 0 0 0 0 0 0 0 0 0 0 0 0 0 0 0 0 0 0 0 0 0 0 0 0 0 0 0 0 0 0 0 0 0 0 0 0 0 0 0 0 0 0 0 0 0 0 0 0 0 0 0 0 0 0 0 0 0 0 0 0 0 0 0 0 0 0 0 0 0 0 0 0 0 0 0 0 0 0 0 0 0 0 0 0 0 0 0 0 0 0 0 0 0 0 0 0 0 0 0 0 0 0 0 0 0 0 0 0 0 0 0 0 0 0 0 0 0 0 0 0 0 0 0 0 0 0 0 0 0 0 0 0 0 0 0 0 0 0 0 0 0 0 0 0 0 0 0 0 0 0 0 0 0 0 0 0 0 0 0 0 0 0 0 0 0 0 0 0 0 0 0 0 0 0 0 0 0 0 0 0 0 0 0 0 0 0 0 0 0 0 0 0 0 0 0 0 0 0 0 0 0 0 0 0 0 0 0 0 0 0 0 0 0 0 0 0 0 0 0 0 0 0 0 0 0 0 0 0 0 0 0 0 0 0 0 0 0 0 0 0 0 0 0 0 0 0 0 0 0 0 0 0 0 0 0 0 0 0 0 0 0 0 0 0 0 0 0 0 0 0 0 0 0 0 0 0 0 0 0 0 0 0 0 0 0 0 0 0 0 0 0 0 0 0 0 0 0 0 0 0 0 0 0 0 0 0 0 0 0 0 0 0 0 0 0 0 0 0 0 0 0 0 0 0 0 0 0 0 0 0 0 0 0 0 0 0 0 0 0 0 0 0 0 0 0 0 0 0 0 0 0 0 0 0 0 0 0 0 0 0 0 0 0 0 0 0 0 0 0 0 0 0 0 0 0 0 0 0 0 0 0 0 0 0 0 0 0 0 0 0 0 0 0 0 0 0 0 0 0 0 0 0 0 0 0 0 0 0 0 0 0 0 0 0 0 0 0 0 0 0 0 0 0 0 0 0 0 0 0 0 0 0 0 0 0 0 0 0 0 0 0 0 0 0 0 0 0 0 0 0 0 0 0 0 0 0 0 0 0 0 0 0 0 0 0 0 0 0 0 0 0 0 0 0 0 0 0 0 0 0 0 0 0 0 0 0 0 0 0 0 0 0 0 0 0 0 0 0 0 0 0 0 0 0 0 0 0 0 0 0 0 0 0 0 0 0 0 0 0 0 0 0 0 0 0 0 0 0 0 0 0 0 0 0 0 0 0 0 0 0 0 0 0 0 0 0 0 0 0 0 0 0 0 0 0 0 0 0 0 0 0 0 0 0 0 0 0 0 0 0 0 0 0 0 0 0 0 0 0 0 0 0 0 0 0 0 0 0 0 0 0 0 0 0 0 0 0 0 0 0 0 0 0 0 0 0 0 0 0 0 0 0 0 0 0 0 0 0 0 0 0 0 0 0 0 0 0 0 0 0 0 0 0 0 0 0 0 0 0 0 0 0 0 0 0 0 0 0 0 0 0 0 0 0 0 0 0 0 0 0 0 0 0 0 0 0 0 0 0 0 0 0 0 0 0 0 0 0 0 0 0 0 0 0 0 0 0 0 0 0 0 0 0 0 0 0 0 0 0 0 0 0 0 0 0 0 0 0 0 0 0 0 0 0 0 0 0 0 0 0 0 0 0 0 0 0 0 0 0 0 0 0 0 0 0 0 0 0 0 0 0 0 0 0 0 0 0 0 0 0 0 0 0 0 0 0 0 0 0 0 0 0 0 0 0 0 0 0 0 0 0 0 0 0 0 0 0 0 0 0 0 0 0 0 0 0 0 0 0 0 0 0 0 0 0 0 0 0 0 0 0 0 0 0 0 0 0 0 0 0 0 0 0 0 0 0 0 0 0 0 0 0 0 0 0 0 0 0 0 0 0 0 0 0 0 0 0 0 0 0 0 0 0 0 0 0 0 0 0 0 0 0 0 0 0 0 0 0 0 0 0 0 0 0 0 0 0 0 0 0 0 0 0 0 0 0 0 0 0 0 0 0 0 0 0 0 0 0 0 0 0 0 0 0 0 0 0 0 0 0 0 0 0 0 0 0 0 0 0 0 0 0 0 0 0 0 0 0 0 0 0 0 0 0 0 0 0 0 0 0 0 0 0 0 0 0 0 0 0 0 0 0 0 0 0 0 0 0 0 0 0 0 0 0 0 0 0 0 0 0 0 0 0 0 0 0 0 0 0 0 0 0 0 0 0 0 0 0 0 0 0 0 0 0 0 0 0 0 0 0 0 0 0 0 0 0 0 0 0 0 0 0 0 0 0 0 0 0 0 0 0 0 0 0 0 0 0 0 0 0 0 0 0 0 0 0 0 0 0 0 0 0 0 0 0 0 0 0 0 0 0 0 0 0 0 0 0 0 0 0 0 0 0 0 0 0 0 0 0 0 0 0 0 0 0 0 0 0 0 0 0 0 0 0 0 0 0 0 0 0 0 0 0 0 0 0 0 0 0 0 0 0 0 0 0 0 0 0 0 0 0 0 0 0 0 0 0 0 0 0 0 0 0 0 0 0 0 0 0 0 0 0 0 0 0 0 0 0 0 0 0 0 0 0 0 0 0 0 0 0 0 0 0 0 0 0 0 0 0 0 0 0 0 0 0 0 0 0 0 0 0 0 0 0 0 0 0 0 0 0 0 0 0 0 0 0 0 0 0 0 0 0 0 0 0 0 0 0 0 0 0 0 0 0 0 0 0 0 0 0 0 0 0 0 0 0 0 0 0 0 0 0 0 0 0 0 0 0 0 0 0 0 0 0 0 0 0 0 0 0 0 0 0 0 0 0 0 0 0 0 0 0 0 0 0 0 0 0 0 0 0 0 0 0 0 0 0 0 0 0 0 0 0 0 0 0 0 0 0 0 0 0 0 0 0 0 0 0 0 0 0 0 0 0 0 0 0 0 0 0 0 0 0 0 0 0 0 0 0 0 0 0 0 0 0 0 0 0 0 0 0 0 0 0 0 0 0 0 0 0 0 0 0 0 0 0 0 0 0 0 0 0 0 0 0 0 0 0 0 0 0 0 0 0 0 0 0 0 0 0 0 0 0 0 0 0 0 0 0 0 0 0 0 0 0 0 0 0 0 0 0 0 0 0 0 0 0 0 0 0 0 0 0 0 0 0 0 0 0 0 0 0 0 0 0 0 0 0 0 0 0 0 0 0 0 0 0 0 0 0 0 0 0 0 0 0 0 0 0 0 0 0 0 0 0 0 0 0 0 0 0 0 0 0 0 0 0 0 0 0 0 0 0 0 0 0 0 0 0 0 0 0 0 0 0 0 0 0 0 0 0 0 0 0 0 0 0 0 0 0 0 0 0 0 0 0 0 0 0 0 0 0 0 0 0 0 0 0 0 0 0 0 0 0 0 0 0 0 0 0 0 0 0 0 0 0 0 0 0 0 0 0 0 0 0 0 0 0 0 0 0 0 0 0 0 0 0 0 0 0 0 0 0 0 0 0 0 0 0 0 0 0 0 0 0 0 0 0 0 0 0 0 0 0 0 0 0 0 0 0 0 0 0 0 0 0 0 0 0 0 0 0 0 0 0 0 0 0 0 0 0 0 0 0 0 0 0 0 0 0 0 0 0 0 0 0 0 0 0 0 0 0 0 0 0 0 0 0 0 0 0 0 0 0 0 0 0 0 0 0 0 0 0 0 0 0 0 0 0 0 0 0 0 0 0 0 0 0 0 0 0 0 0 0 0 0 0 0 0 0 0 0 0 0 0 0 0 0 0 0 0 0 0 0 0 0 0 0 0 0 0 0 0 0 0 0 0 0 0 0 0 0 0 0 0 0 0 0 0 0 0 0 0 0 0 0 0 0 0 0 0 0 0 0 0 0 0 0 0 0 0 0 0 0 0 0 0 0 0 0 0 0 0 0 0 0 0 0 0 0 0 0 0 0 0 0 0 0 0 0 0 0 0 0 0 0 0 0 0 0 0 0 0 0 0 0 0 0 0 0 0 0 0 0 0 0 0 0 0 0 0 0 0 0 0 0 0 0 0 0 0 0 0 0 0 0 0 0 0 0 0 0 0 0 0 0 0 0 0 0 0 0 0 0 0 0 0 0 0 0 0 0 0 0 0 0 0 0 0 0 0 0 0 0 0 0 0 0 0 0 0 0 0 0 0 0 0 0 0 0 0 0 0 0 0 0 0 0 0 0 0 0 0 0 0 0 0 0 0 0 0 0 0 0 0 0 0 0 0 0 0 0 0 0 0 0 0 0 0 0 0 0 0 0 0 0 0 0 0 0 0 0 0 0 0 0 0 0 0 0 0 0 0 0 0 0 0 0 0 0 0 0 0 0 0 0 0 0 0 0 0 0 0 0 0 0 0 0 0 0 0 0 0 0 0 0 0 0 0 0 0 0 0 0 0 0 0 0 0 0 0 0 0 0 0 0 0 0 0 0 0 0 0 0 0 0 0 0 0 0 0 0 0 0 0 0 0 0 0 0 0 0 0 0 0 0 0 0 0 0 0 0 0 0 0 0 0 0 0 0 0 0 0 0 0 0 0 0 0 0 0 0 0 0 0 0 0 0 0 0 0 0 0 0 0 0 0 0 0 0 0 0 0 0 0 0 0 0 0 0 0 0 0 0 0 0 0 0 0 0 0 0 0 0 0 0 0 0 0 0 0 0 0 0 0 0 0 0 0 0 0 0 0 0 0 0 0 0 0 0 0 0 0 0 0 0 0 0 0 0 0 0 0 0 0 0 0 0 0 0 0 0 0 0 0 0 0 0 0 0 0 0 0 0 0 0 0 0 0 0 0 0 0 0 0 0 0 0 0 0 0 0 0 0 0 0 0 0 0 0 0 0 0 0 0 0 0 0 0 0 0 0 0 0 0 0 0 0 0 0 0 0 0 0 0 0 0 0 0 0 0 0 0 0 0 0 0 0 0 0 0 0 0 0 0 0 0 0 0 0 0 0 0 0 0 0 0 0 0 0 0 0 0 0 0 0 0 0 0 0 0 0 0 0 0 0 0 0 0 0 0 0 0 0 0 0 0 0 0 0 0 0 0 0 0 0 0 0 0 0 0 0 0 0 0 0 0 0 0 0 0 0 0 0 0 0 0 0 0 0 0 0 0 0 0 0 0 0 0 0 0 0 0 0 0 0 0 0 0 0 0 0 0 0 0 0 0 0 0 0 0 0 0 0 0 0 0 0 0 0 0 0 0 0 0 0 0 0 0 0 0 0 0 0 0 0 0 0 0 0 0 0 0 0 0 0 0 0 0 0 0 0 0 0 0 0 0 0 0 0 0 0 0 0 0 0 0 0 0 0 0 0 0 0 0 0 0 0 0 0 0 0 0 0 0 0 0 0 0 0 0 0 0 0 0 0 0 0 0 0 0 0 0 0 0 0 0 0 0 0 0 0 0 0 0 0 0 0 0 0 0 0 0 0 0 0 0 0 0 0 0 0 0 0 0 0 0 0 0 0 0 0 0 0 0 0 0 0 0 0 0 0 0 0 0 0 0 0 0 0 0 0 0 0 0 0 0 0 0 0 0 0 0 0 0 0 0 0 0 0 0 0 0 0 0 0 0 0 0 0 0 0 0 0 0 0 0 0 0 0 0 0 0 0 0 0 0 0 0 0 0 0 0 0 0 0 0 0 0 0 0 0 0 0 0 0 0 0 0 0 0 0 0 0 0 0 0 0 0 0 0 0 0 0 0 0 0 0 0 0 0 0 0 0 0 0 0 0 0 0 0 0 0 0 0 0 0 0 0 0 0 0 0 0 0 0 0 0 0 0 0 0 0 0 0 0 0 0 0 0 0 0 0 0 0 0 0 0 0 0 0 0 0 0 0 0 0 0 0 0 0 0 0 0 0 0 0 0 0 0 0 0 0 0 0 0 0 0 0 0 0 0 0 0 0 0 0 0 0 0 0 0 0 0 0 0 0 0 0 0 0 0 0 0 0 0 0 0 0 0 0 0 0 0 0 0 0 0 0 0 0 0 0 0 0 0 0 0 0 0 0 0 0 0 0 0 0 0 0 0 0 0 0 0 0 0 0 0 0 0 0 0 0 0 0 0 0 0 0 0 0 0 0 0 0 0 0 0 0 0 0 0 0 0 0 0 0 0 0 0 0 0 0 0 0 0 0 0 0 0 0 0 0 0 0 0 0 0 0 0 0 0 0 0 0 0 0 0 0 0 0 0 0 0 0 0 0 0 0 0 0 0 0 0 0 0 0 0 0 0 0 0 0 0 0 0 0 0 0 0 0 0 0 0 0 0 0 0 0 0 0 0 0 0 0 0 0 0 0 0 0 0 0 0 0 0 0 0 0 0 0 0 0 0 0 0 0 0 0 0 0 0 0 0 0 0 0 0 0 0 0 0 0 0 0 0 0 0 0 0 0 0 0 0 0 0 0 0 0 0 0 0 0 0 0 0 0 0 0 0 0 0 0 0 0 0 0 0 0 0 0 0 0 0 0 0 0 0 0 0 0 0 0 0 0 0 0 0 0 0 0 0 0 0 0 0 0 0 0 0 0 0 0 0 0 0 0 0 0 0 0 0 0 0 0 0 0 0 0 0 0 0 0 0 0 0 0 0 0 0 0 0 0 0 0 0 0 0 0 0 0 0 0 0 0 0 0 0 0 0 0 0 0 0 0 0 0 0 0 0 0 0 0 0 0 0 0 0 0 0 0 0 0 0 0 0 0 0 0 0 0 0 0 0 0 0 0 0 0 0 0 0 0 0 0 0 0 0 0 0 0 0 0 0 0 0 0 0 0 0 0 0 0 0 0 0 0 0 0 0 0 0 0 0 0 0 0 0 0 0 0 0 0 0 0 0 0 0 0 0 0 0 0 0 0 0 0 0 0 0 0 0 0 0 0 0 0 0 0 0 0 0 0 0 0 0 0 0 0 0 0 0 0 0 0 0 0 0 0 0 0 0 0 0 0 0 0 0 0 0 0 0 0 0 0 0 0 0 0 0 0 0 0 0 0 0 0 0 0 0 0 0 0 0 0 0 0 0 0 0 0 0 0 0 0 0 0 0 0 0 0 0 0 0 0 0 0 0 0 0 0 0 0 0 0 0 0 0 0 0 0 0 0 0 0 0 0 0 0 0 0 0 0 0 0 0 0 0 0 0 0 0 0 0 0 0 0 0 0 0 0 0 0 0 0 0 0 0 0 0 0 0 0 0 0 0 0 0 0 0 0 0 0 0 0 0 0 0 0 0 0 0 0 0 0 0 0 0 0 0 0 0 0 0 0 0 0 0 0 0 0 0 0 0 0 0 0 0 0 0 0 0 0 0 0 0 0 0 0 0 0 0 0 0 0 0 0 0 0 0 0 0 0 0 0 0 0 0 0 0 0 0 0 0 0 0 0 0 0 0 0 0 0 0 0 0 0 0 0 0 0 0 0 0 0 0 0 0 0 0 0 0 0 0 0 0 0 0 0 0 0 0 0 0 0 0 0 0 0 0 0 0 0 0 0 0 0 0 0 0 0 0 0 0 0 0 0 0 0 0 0 0 0 0 0 0 0 0 0 0 0 0 0 0 0 0 0 0 0 0 0 0 0 0 0 0 0 0 0 0 0 0 0 0 0 0 0 0 0 0 0 0 0 0 0 0 0 0 0 0 0 0 0 0 0 0 0 0 0 0 0 0 0 0 0 0 0 0 0 0 0 0 0 0 0 0 0 0 0 0 0 0 0 0 0 0 0 0 0 0 0 0 0 0 0 0 0 0 0 0 0 0 0 0 0 0 0 0 0 0 0 0 0 0 0 0 0 0 0 0 0 0 0 0 0 0 0 0 0 0 0 0 0 0 0 0 0 0 0 0 0 0 0 0 0 0 0 0 0 0 0 0 0 0 0 0 0 0 0 0 0 0 0 0 0 0 0 0 0 0 0 0 0 0 0 0 0 0 0 0 0 0 0 0 0 0 0 0 0 0 0 0 0 0 0 0 0 0 0 0 0 0 0 0 0 0 0 0 0 0 0 0 0 0 0 0 0 0 0 0 0 0 0 0 0 0 0 0 0 0 0 0 0 0 0 0 0 0 0 0 0 0 0 0 0 0 0 0 0 0 0 0 0 0 0 0 0 0 0 0 0 0 0 0 0 0 0 0 0 0 0 0 0 0 0 0 0 0 0 0 0 0 0 0 0 0 0 0 0 0 0 0 0 0 0 0 0 0 0 0 0 0 0 0 0 0 0 0 0 0 0 0 0 0 0 0 0 0 0 0 0 0 0 0 0 0 0 0 0 0 0 0 0 0 0 0 0 0 0 0 0 0 0 0 0 0 0 0 0 0 0 0 0 0 0 0 0 0 0 0 0 0 0 0 0 0 0 0 0 0 0 0 0 0 0 0 0 0 0 0 0 0 0 0 0 0 0 0 0 0 0 0 0 0 0 0 0 0 0 0 0 0 0 0 0 0 0 0 0 0 0 0 0 0 0 0 0 0 0 0 0 0 0 0 0 0 0 0 0 0 0 0 0 0 0 0 0 0 0 0 0 0 0 0 0 0 0 0 0 0 0 0 0 0 0 0 0 0 0 0 0 0 0 0 0 0 0 0 0 0 0 0 0 0 0 0 0 0 0 0 0 0 0 0 0 0 0 0 0 0 0 0 0 0 0 0 0 0 0 0 0 0 0 0 0 0 0 0 0 0 0 0 0 0 0 0 0 0 0 0 0 0 0 0 0 0 0 0 0 0 0 0 0 0 0 0 0 0 0 0 0 0 0 0 0 0 0 0 0 0 0 0 0 0 0 0 0 0 0 0 0 0 0 0 0 0 0 0 0 0 0 0 0 0 0 0 0 0 0 0 0 0 0 0 0 0 0 0 0 0 0 0 0 0 0 0 0 0 0 0 0 0 0 0 0 0 0 0 0 0 0 0 0 0 0 0 0 0 0 0 0 0 0 0 0 0 0 0 0 0 0 0 0 0 0 0 0 0 0 0 0 0 0 0 0 0 0 0 0 0 0 0 0 0 0 0 0 0 0 0 0 0 0 0 0 0 0 0 0 0 0 0 0 0 0 0 0 0 0 0 0 0 0 0 0 0 0 0 0 0 0 0 0 0 0 0 0 0 0 0 0 0 0 0 0 0 0 0 0 0 0 0 0 0 0 0 0 0 0 0 0 0 0 0 0 0 0 0 0 0 0 0 0 0 0 0 0 0 0 0 0 0 0 0 0 0 0 0 0 0 0 0 0 0 0 0 0 0 0 0 0 0 0 0 0 0 0 0 0 0 0 0 0 0 0 0 0 0 0 0 0 0 0 0 0 0 0 0 0 0 0 0 0 0 0 0 0 0 0 0 0 0 0 0 0 0 0 0 0 0 0 0 0 0 0 0 0 0 0 0 0 0 0 0 0 0 0 0 0 0 0 0 0 0 0 0 0 0 0 0 0 0 0 0 0 0 0 0 0 0 0 0 0 0 0 0 0 0 0 0 0 0 0 0 0 0 0 0 0 0 0 0 0 0 0 0 0 0 0 0 0 0 0 0 0 0 0 0 0 0 0 0 0 0 0 0 0 0 0 0 0 0 0 0 0 0 0 0 0 0 0 0 0 0 0 0 0 0 0 0 0 0 0 0 0 0 0 0 0 0 0 0 0 0 0 0 0 0 0 0 0 0 0 0 0 0 0 0 0 0 0 0 0 0 0 0 0 0 0 0 0 0 0 0 0 0 0 0 0 0 0 0 0 0 0 0 0 0 0 0 0 0 0 0 0 0 0 0 0 0 0 0 0 0 0 0 0 0 0 0 0 0 0 0 0 0 0 0 0 0 0 0 0 0 0 0 0 0 0 0 0 0 0 0 0 0 0 0 0 0 0 0 0 0 0 0 0 0 0 0 0 0 0 0 0 0 0 0 0 0 0 0 0 0 0 0 0 0 0 0 0 0 0 0 0 0 0 0 0 0 0 0 0 0 0 0 0 0 0 0 0 0 0 0 0 0 0 0 0 0 0 0 0 0 0 0 0 0 0 0 0 0 0 0 0 0 0 0 0 0 0 0 0 0 0 0 0 0 0 0 0 0 0 0 0 0 0 0 0 0 0 0 0 0 0 0 0 0 0 0 0 0 0 0 0 0 0 0 0 0 0 0 0 0 0 0 0 0 0 0 0 0 0 0 0 0 0 0 0 0 0 0 0 0 0 0 0 0 0 0 0 0 0 0 0 0 0 0 0 0 0 0 0 0 0 0 0 0 0 0 0 0 0 0 0 0 0 0 0 0 0 0 0 0 0 0 0 0 0 0 0 0 0 0 0 0 0 0 0 0 0 0 0 0 0 0 0 0 0 0 0 0 0 0 0 0 0 0 0 0 0 0 0 0 0 0 0 0 0 0 0 0 0 0 0 0 0 0 0 0 0 0 0 0 0 0 0 0 0 0 0 0 0 0 0 0 0 0 0 0 0 0 0 0 0 0 0 0 0 0 0 0 0 0 0 0 0 0 0 0 0 0 0 0 0 0 0 0 0 0 0 0 0 0 0 0 0 0 0 0 0 0 0 0 0 0 0 0 0 0 0 0 0 0 0 0 0 0 0 0 0 0 0 0 0 0 0 0 0 0 0 0 0 0 0 0 0 0 0 0 0 0 0 0 0 0 0 0 0 0 0 0 0 0 0 0 0 0 0 0 0 0 0 0 0 0 0 0 0 0 0 0 0 0 0 0 0 0 0 0 0 0 0 0 0 0 0 0 0 0 0 0 0 0 0 0 0 0 0 0 0 0 0 0 0 0 0 0 0 0 0 0 0 0 0 0 0 0 0 0 0 0 0 0 0 0 0 0 0 0 0 0 0 0 0 0 0 0 0 0 0 0 0 0 0 0 0 0 0 0 0 0 0 0 0 0 0 0 0 0 0 0 0 0 0 0 0 0 0 0 0 0 0 0 0 0 0 0 0 0 0 0 0 0 0 0 0 0 0 0 0 0 0 0 0 0 0 0 0 0 0 0 0 0 0 0 0 0 0 0 0 0 0 0 0 0 0 0 0 0 0 0 0 0 0 0 0 0 0 0 0 0 0 0 0 0 0 0 0 0 0 0 0 0 0 0 0 0 0 0 0 0 0 0 0 0 0 0 0 0 0 0 0 0 0 0 0 0 0 0 0 0 0 0 0 0 0 0 0 0 0 0 0 0 0 0 0 0 0 0 0 0 0 0 0 0 0 0 0 0 0 0 0 0 0 0 0 0 0 0 0 0 0 0 0 0 0 0 0 0 0 0 0 0 0 0 0 0 0 0 0 0 0 0 0 0 0 0 0 0 0 0 0 0 0 0 0 0 0 0 0 0 0 0 0 0 0 0 0 0 0 0 0 0 0 0 0 0 0 0 0 0 0 0 0 0 0 0 0 0 0 0 0 0 0 0 0 0 0 0 0 0 0 0 0 0 0 0 0 0 0 0 0 0 0 0 0 0 0 0 0 0 0 0 0 0 0 0 0 0 0 0 0 0 0 0 0 0 0 0 0 0 0 0 0 0 0 0 0 0 0 0 0 0 0 0 0 0 0 0 0 0 0 0 0 0 0 0 0 0 0 0 0 0 0 0 0 0 0 0 0 0 0 0 0 0 0 0 0 0 0 0 0 0 0 0 0 0 0 0 0 0 0 0 0 0 0 0 0 0 0 0 0 0 0 0 0 0 0 0 0 0 0 0 0 0 0 0 0 0 0 0 0 0 0 0 0 0 0 0 0 0 0 0 0 0 0 0 0 0 0 0 0 0 0 0 0 0 0 0 0 0 0 0 0 0 0 0 0 0 0 0 0 0 0 0 0 0 0 0 0 0 0 0 0 0 0 0 0 0 0 0 0 0 0 0 0 0 0 0 0 0 0 0 0 0 0 0 0 0 0 0 0 0 0 0 0 0 0 0 0 0 0 0 0 0 0 0 0 0 0 0 0 0 0 0 0 0 0 0 0 0 0 0 0 0 0 0 0 0 0 0 0 0 0 0 0 0 0 0 0 0 0 0 0 0 0 0 0 0 0 0 0 0 0 0 0 0 0 0 0 0 0 0 0 0 0 0 0 0 0 0 0 0 0 0 0 0 0 0 0 0 0 0 0 0 0 0 0 0 0 0 0 0 0 0 0 0 0 0 0 0 0 0 0 0 0 0 0 0 0 0 0 0 0 0 0 0 0 0 0 0 0 0 0 0 0 0 0 0 0 0 0 0 0 0 0 0 0 0 0 0 0 0 0 0 0 0 0 0 0 0 0 0 0 0 0 0 0 0 0 0 0 0 0 0 0 0 0 0 0 0 0 0 0 0 0 0 0 0 0 0 0 0 0 0 0 0 0 0 0 0 0 0 0 0 0 0 0 0 0 0 0 0 0 0 0 0 0 0 0 0 0 0 0 0 0 0 0 0 0 0 0 0 0 0 0 0 0 0 0 0 0 0 0 0 0 0 0 0 0 0 0 0 0 0 0 0 0 0 0 0 0 0 0 0 0 0 0 0 0 0 0 0 0 0 0 0 0 0 0 0 0 0 0 0 0 0 0 0 0 0 0 0 0 0 0 0 0 0 0 0 0 0 0 0 0 0 0 0 0 0 0 0 0 0 0 0 0 0 0 0 0 0 0 0 0 0 0 0 0 0 0 0 0 0 0 0 0 0 0 0 0 0 0 0 0 0 0 0 0 0 0 0 0 0 0 0 0 0 0 0 0 0 0 0 0 0 0 0 0 0 0 0 0 0 0 0 0 0 0 0 0 0 0 0 0 0 0 0 0 0 0 0 0 0 0 0 0 0 0 0 0 0 0 0 0 0 0 0 0 0 0 0 0 0 0 0 0 0 0 0 0 0 0 0 0 0 0 0 0 0 0 0 0 0 0 0 0 0 0 0 0 0 0 0 0 0 0 0 0 0 0 0 0 0 0 0 0 0 0 0 0 0 0 0 0 0 0 0 0 0 0 0 0 0 0 0 0 0 0 0 0 0 0 0 0 0 0 0 0 0 0 0 0 0 0 0 0 0 0 0 0 0 0 0 0 0 0 0 0 0 0 0 0 0 0 0 0 0 0 0 0 0 0 0 0 0 0 0 0 0 0 0 0 0 0 0 0 0 0 0 0 0 0 0 0 0 0 0 0 0 0 0 0 0 0 0 0 0 0 0 0 0 0 0 0 0 0 0 0 0 0 0 0 0 0 0 0 0 0 0 0 0 0 0 0 0 0 0 0 0 0 0 0 0 0 0 0 0 0 0 0 0 0 0 0 0 0 0 0 0 0 0 0 0 0 0 0 0 0 0 0 0 0 0 0 0 0 0 0 0 0 0 0 0 0 0 0 0 0 0 0 0 0 0 0 0 0 0 0 0 0 0 0 0 0 0 0 0 0 0 0 0 0 0 0 0 0 0 0 0 0 0 0 0 0 0 0 0 0 0 0 0 0 0 0 0 0 0 0 0 0 0 0 0 0 0 0 0 0 0 0 0 0 0 0 0 0 0 0 0 0 0 0 0 0 0 0 0 0 0 0 0 0 0 0 0 0 0 0 0 0 0 0 0 0 0 0 0 0 0 0 0 0 0 0 0 0 0 0 0 0 0 0 0 0 0 0 0 0 0 0 0 0 0 0 0 0 0 0 0 0 0 0 0 0 0 0 0 0 0 0 0 0 0 0 0 0 0 0 0 0 0 0 0 0 0 0 0 0 0 0 0 0 0 0 0 0 0 0 0 0 0 0 0 0 0 0 0 0 0 0 0 0 0 0 0 0 0 0 0 0 0 0 0 0 0 0 0 0 0 0 0 0 0 0 0 0 0 0 0 0 0 0 0 0 0 0 0 0 0 0 0 0 0 0 0 0 0 0 0 0 0 0 0 0 0 0 0 0 0 0 0 0 0 0 0 0 0 0 0 0 0 0 0 0 0 0 0 0 0 0 0 0 0 0 0 0 0 0 0 0 0 0 0 0 0 0 0 0 0 0 0 0 0 0 0 0 0 0 0 0 0 0 0 0 0 0 0 0 0 0 0 0 0 0 0 0 0 0 0 0 0 0 0 0 0 0 0 0 0 0 0 0 0 0 0 0 0 0 0 0 0 0 0 0 0 0 0 0 0 0 0 0 0 0 0 0 0 0 0 0 0 0 0 0 0 0 0 0 0 0 0 0 0 0 0 0 0 0 0 0 0 0 0 0 0 0 0 0 0 0 0 0 0 0 0 0 0 0 0 0 0 0 0 0 0 0 0 0 0 0 0 0 0 0 0 0 0 0 0 0 0 0 0 0 0 0 0 0 0 0 0 0 0 0 0 0 0 0 0 0 0 0 0 0 0 0 0 0 0 0 0 0 0 0 0 0 0 0 0 0 0 0 0 0 0 0 0 0 0 0 0 0 0 0 0 0 0 0 0 0 0 0 0 0 0 0 0 0 0 0 0 0 0 0 0 0 0 0 0 0 0 0 0 0 0 0 0 0 0 0 0 0 0 0 0 0 0 0 0 0 0 0 0 0 0 0 0 0 0 0 0 0 0 0 0 0 0 0 0 0 0 0 0 0 0 0 0 0 0 0 0 0 0 0 0 0 0 0 0 0 0 0 0 0 0 0 0 0 0 0 0 0 0 0 0 0 0 0 0 0 0 0 0 0 0 0 0 0 0 0 0 0 0 0 0 0 0 0 0 0 0 0 0 0 0 0 0 0 0 0 0 0 0 0 0 0 0 0 0 0 0 0 0 0 0 0 0 0 0 0 0 0 0 0 0 0 0 0 0 0 0 0 0 0 0 0 0 0 0 0 0 0 0 0 0 0 0 0 0 0 0 0 0 0 0 0 0 0 0 0 0 0 0 0 0 0 0 0 0 0 0 0 0 0 0 0 0 0 0 0 0 0 0 0 0 0 0 0 0 0 0 0 0 0 0 0 0 0 0 0 0 0 0 0 0 0 0 0 0 0 0 0 0 0 0 0 0 0 0 0 0 0 0 0 0 0 0 0 0 0 0 0 0 0 0 0 0 0 0 0 0 0 0 0 0 0 0 0 0 0 0 0 0 0 0 0 0 0 0 0 0 0 0 0 0 0 0 0 0 0 0 0 0 0 0 0 0 0 0 0 0 0 0 0 0 0 0 0 0 0 0 0 0 0 0 0 0 0 0 0 0 0 0 0 0 0 0 0 0 0 0 0 0 0 0 0 0 0 0 0 0 0 0 0 0 0 0 0 0 0 0 0 0 0 0 0 0 0 0 0 0 0 0 0 0 0 0 0 0 0 0 0 0 0 0 0 0 0 0 0 0 0 0 0 0 0 0 0 0 0 0 0 0 0 0 0 0 0 0 0 0 0 0 0 0 0 0 0 0 0 0 0 0 0 0 0 0 0 0 0 0 0 0 0 0 0 0 0 0 0 0 0 0 0 0 0 0 0 0 0 0 0 0 0 0 0 0 0 0 0 0 0 0 0 0 0 0 0 0 0 0 0 0 0 0 0 0 0 0 0 0 0 0 0 0 0 0 0 0 0 0 0 0 0 0 0 0 0 0 0 0 0 0 0 0 0 0 0 0 0 0 0 0 0 0 0 0 0 0 0 0 0 0 0 0 0 0 0 0 0 0 0 0 0 0 0 0 0 0 0 0 0 0 0 0 0 0 0 0 0 0 0 0 0 0 0 0 0 0 0 0 0 0 0 0 0 0 0 0 0 0 0 0 0 0 0 0 0 0 0 0 0 0 0 0 0 0 0 0 0 0 0 0 0 0 0 0 0 0 0 0 0 0 0 0 0 0 0 0 0 0 0 0 0 0 0 0 0 0 0 0 0 0 0 0 0 0 0 0 0 0 0 0 0 0 0 0 0 0 0 0 0 0 0 0 0 0 0 0 0 0 0 0 0 0 0 0 0 0 0 0 0 0 0 0 0 0 0 0 0 0 0 0 0 0 0 0 0 0 0 0 0 0 0 0 0 0 0 0 0 0 0 0 0 0 0 0 0 0 0 0 0 0 0 0 0 0 0 0 0 0 0 0 0 0 0 0 0 0 0 0 0 0 0 0 0 0 0 0 0 0 0 0 0 0 0 0 0 0 0 0 0 0 0 0 0 0 0 0 0 0 0 0 0 0 0 0 0 0 0 0 0 0 0 0 0 0 0 0 0 0 0 0 0 0 0 0 0 0 0 0 0 0 0 0 0 0 0 0 0 0 0 0 0 0 0 0 0 0 0 0 0 0 0 0 0 0 0 0 0 0 0 0 0 0 0 0 0 0 0 0 0 0 0 0 0 0 0 0 0 0 0 0 0 0 0 0 0 0 0 0 0 0 0 0 0 0 0 0 0 0 0 0 0 0 0 0 0 0 0 0 0 0 0 0 0 0 0 0 0 0 0 0 0 0 0 0 0 0 0 0 0 0 0 0 0 0 0 0 0 0 0 0 0 0 0 0 0 0 0 0 0 0 0 0 0 0 0 0 0 0 0 0 0 0 0 0 0 0 0 0 0 0 0 0 0 0 0 0 0 0 0 0 0 0 0 0 0 0 0 0 0 0 0 0 0 0 0 0 0 0 0 0 0 0 0 0 0 0 0 0 0 0 0 0 0 0 0 0 0 0 0 0 0 0 0 0 0 0 0 0 0 0 0 0 0 0 0 0 0 0 0 0 0 0 0 0 0 0 0 0 0 0 0 0 0 0 0 0 0 0 0 0 0 0 0 0 0 0 0 0 0 0 0 0 0 0 0 0 0 0 0 0 0 0 0 0 0 0 0 0 0 0 0 0 0 0 0 0 0 0 0 0 0 0 0 0 0 0 0 0 0 0 0 0 0 0 0 0 0 0 0 0 0 0 0 0 0 0 0 0 0 0 0 0 0 0 0 0 0 0 0 0 0 0 0 0 0 0 0 0 0 0 0 0 0 0 0 0 0 0 0 0 0 0 0 0 0 0 0 0 0 0 0 0 0 0 0 0 0 0 0 0 0 0 0 0 0 0 0 0 0 0 0 0 0 0 0 0 0 0 0 0 0 0 0 0 0 0 0 0 0 0 0 0 0 0 0 0 0 0 0 0 0 0 0 0 0 0 0 0 0 0 0 0 0 0 0 0 0 0 0 0 0 0 0 0 0 0 0 0 0 0 0 0 0 0 0 0 0 0 0 0 0 0 0 0 0 0 0 0 0 0 0 0 0 0 0 0 0 0 0 0 0 0 0 0 0 0 0 0 0 0 0 0 0 0 0 0 0 0 0 0 0 0 0 0 0 0 0 0 0 0 0 0 0 0 0 0 0 0 0 0 0 0 0 0 0 0 0 0 0 0 0 0 0 0 0 0 0 0 0 0 0 0 0 0 0 0 0 0 0 0 0 0 0 0 0 0 0 0 0 0 0 0 0 0 0 0 0 0 0 0 0 0 0 0 0 0 0 0 0 0 0 0 0 0 0 0 0 0 0 0 0 0 0 0 0 0 0 0 0 0 0 0 0 0 0 0 0 0 0 0 0 0 0 0 0 0 0 0 0 0 0 0 0 0 0 0 0 0 0 0 0 0 0 0 0 0 0 0 0 0 0 0 0 0 0 0 0 0 0 0 0 0 0 0 0 0 0 0 0 0 0 0 0 0 0 0 0 0 0 0 0 0 0 0 0 0 0 0 0 0 0 0 0 0 0 0 0 0 0 0 0 0 0 0 0 0 0 0 0 0 0 0 0 0 0 0 0 0 0 0 0 0 0 0 0 0 0 0 0 0 0 0 0 0 0 0 0 0 0 0 0 0 0 0 0 0 0 0 0 0 0 0 0 0 0 0 0 0 0 0 0 0 0 0 0 0 0 0 0 0 0 0 0 0 0 0 0 0 0 0 0 0 0 0 0 0 0 0 0 0 0 0 0 0 0 0 0 0 0 0 0 0 0 0 0 0 0 0 0 0 0 0 0 0 0 0 0 0 0 0 0 0 0 0 0 0 0 0 0 0 0 0 0 0 0 0 0 0 0 0 0 0 0 0 0 0 0 0 0 0 0 0 0 0 0 0 0 0 0 0 0 0 0 0 0 0 0 0 0 0 0 0 0 0 0 0 0 0 0 0 0 0 0 0 0 0 0 0 0 0 0 0 0 0 0 0 0 0 0 0 0 0 0 0 0 0 0 0 0 0 0 0 0 0 0 0 0 0 0 0 0 0 0 0 0 0 0 0 0 0 0 0 0 0 0 0 0 0 0 0 0 0 0 0 0 0 0 0 0 0 0 0 0 0 0 0 0 0 0 0 0 0 0 0 0 0 0 0 0 0 0 0 0 0 0 0 0 0 0 0 0 0 0 0 0 0 0 0 0 0 0 0 0 0 0 0 0 0 0 0 0 0 0 0 0 0 0 0 0 0 0 0 0 0 0 0 0 0 0 0 0 0 0 0 0 0 0 0 0 0 0 0 0 0 0 0 0 0 0 0 0 0 0 0 0 0 0 0 0 0 0 0 0 0 0 0 0 0 0 0 0 0 0 0 0 0 0 0 0 0 0 0 0 0 0 0 0 0 0 0 0 0 0 0 0 0 0 0 0 0 0 0 0 0 0 0 0 0 0 0 0 0 0 0 0 0 0 0 0 0 0 0 0 0 0 0 0 0 0 0 0 0 0 0 0 0 0 0 0 0 0 0 0 0 0 0 0 0 0 0 0 0 0 0 0 0 0 0 0 0 0 0 0 0 0 0 0 0 0 0 0 0 0 0 0 0 0 0 0 0 0 0 0 0 0 0 0 0 0 0 0 0 0 0 0 0 0 0 0 0 0 0 0 0 0 0 0 0 0 0 0 0 0 0 0 0 0 0 0 0 0 0 0 0 0 0 0 0 0 0 0 0 0 0 0 0 0 0 0 0 0 0 0 0 0 0 0 0 0 0 0 0 0 0 0 0 0 0 0 0 0 0 0 0 0 0 0 0 0 0 0 0 0 0 0 0 0 0 0 0 0 0 0 0 0 0 0 0 0 0 0 0 0 0 0 0 0 0 0 0 0 0 0 0 0 0 0 0 0 0 0 0 0 0 0 0 0 0 0 0 0 0 0 0 0 0 0 0 0 0 0 0 0 0 0 0 0 0 0 0 0 0 0 0 0 0 0 0 0 0 0 0 0 0 0 0 0 0 0 0 0 0 0 0 0 0 0 0 0 0 0 0 0 0 0 0 0 0 0 0 0 0 0 0 0 0 0 0 0 0 0 0 0 0 0 0 0 0 0 0 0 0 0 0 0 0 0 0 0 0 0 0 0 0 0 0 0 0 0 0 0 0 0 0 0 0 0 0 0 0 0 0 0 0 0 0 0 0 0 0 0 0 0 0 0 0 0 0 0 0 0 0 0 0 0 0 0 0 0 0 0 0 0 0 0 0 0 0 0 0 0 0 0 0 0 0 0 0 0 0 0 0 0 0 0 0 0 0 0 0 0 0 0 0 0 0 0 0 0 0 0 0 0 0 0 0 0 0 0 0 0 0 0 0 0 0 0 0 0 0 0 0 0 0 0 0 0 0 0 0 0 0 0 0 0 0 0 0 0 0 0 0 0 0 0 0 0 0 0 0 0 0 0 0 0 0 0 0 0 0 0 0 0 0 0 0 0 0 0 0 0 0 0 0 0 0 0 0 0 0 0 0 0 0 0 0 0 0 0 0 0 0 0 0 0 0 0 0 0 0 0 0 0 0 0 0 0 0 0 0 0 0 0 0 0 0 0 0 0 0 0 0 0 0 0 0 0 0 0 0 0 0 0 0 0 0 0 0 0 0 0 0 0 0 0 0 0 0 0 0 0 0 0 0 0 0 0 0 0 0 0 0 0 0 0 0 0 0 0 0 0 0 0 0 0 0 0 0 0 0 0 0 0 0 0 0 0 0 0 0 0 0 0 0 0 0 0 0 0 0 0 0 0 0 0 0 0 0 0 0 0 0 0 0 0 0 0 0 0 0 0 0 0 0 0 0 0 0 0 0 0 0 0 0 0 0 0 0 0 0 0 0 0 0 0 0 0 0 0 0 0 0 0 0 0 0 0 0 0 0 0 0 0 0 0 0 0 0 0 0 0 0 0 0 0 0 0 0 0 0 0 0 0 0 0 0 0 0 0 0 0 0 0 0 0 0 0 0 0 0 0 0 0 0 0 0 0 0 0 0 0 0 0 0 0 0 0 0 0 0 0 0 0 0 0 0 0 0 0 0 0 0 0 0 0 0 0 0 0 0 0 0 0 0 0 0 0 0 0 0 0 0 0 0 0 0 0 0 0 0 0 0 0 0 0 0 0 0 0 0 0 0 0 0 0 0 0 0 0 0 0 0 0 0 0 0 0 0 0 0 0 0 0 0 0 0 0 0 0 0 0 0 0 0 0 0 0 0 0 0 0 0 0 0 0 0 0 0 0 0 0 0 0 0 0 0 0 0 0 0 0 0 0 0 0 0 0 0 0 0 0 0 0 0 0 0 0 0 0 0 0 0 0 0 0 0 0 0 0 0 0 0 0 0 0 0 0 0 0 0 0 0 0 0 0 0 0 0 0 0 0 0 0 0 0 0 0 0 0 0 0 0 0 0 0 0 0 0 0 0 0 0 0 0 0 0 0 0 0 0 0 0 0 0 0 0 0 0 0 0 0 0 0 0 0 0 0 0 0 0 0 0 0 0 0 0 0 0 0 0 0 0 0 0 0 0 0 0 0 0 0 0 0 0 0 0 0 0 0 0 0 0 0 0 0 0 0 0 0 0 0 0 0 0 0 0 0 0 0 0 0 0 0 0 0 0 0 0 0 0 0 0 0 0 0 0 0 0 0 0 0 0 0 0 0 0 0 0 0 0 0 0 0 0 0 0 0 0 0 0 0 0 0 0 0 0 0 0 0 0 0 0 0 0 0 0 0 0 0 0 0 0 0 0 0 0 0 0 0 0 0 0 0 0 0 0 0 0 0 0 0 0 0 0 0 0 0 0 0 0 0 0 0 0 0 0 0 0 0 0 0 0 0 0 0 0 0 0 0 0 0 0 0 0 0 0 0 0 0 0 0 0 0 0 0 0 0 0 0 0 0 0 0 0 0 0 0 0 0 0 0 0 0 0 0 0 0 0 0 0 0 0 0 0 0 0 0 0 0 0 0 0 0 0 0 0 0 0 0 0 0 0 0 0 0 0 0 0 0 0 0 0 0 0 0 0 0 0 0 0 0 0 0 0 0 0 0 0 0 0 0 0 0 0 0 0 0 0 0 0 0 0 0 0 0 0 0 0 0 0 0 0 0 0 0 0 0 0 0 0 0 0 0 0 0 0 0 0 0 0 0 0 0 0 0 0 0 0 0 0 0 0 0 0 0 0 0 0 0 0 0 0 0 0 0 0 0 0 0 0 0 0 0 0 0 0 0 0 0 0 0 0 0 0 0 0 0 0 0 0 0 0 0 0 0 0 0 0 0 0 0 0 0 0 0 0 0 0 0 0 0 0 0 0 0 0 0 0 0 0 0 0 0 0 0 0 0 0 0 0 0 0 0 0 0 0 0 0 0 0 0 0 0 0 0 0 0 0 0 0 0 0 0 0 0 0 0 0 0 0 0 0 0 0 0 0 0 0 0 0 0 0 0 0 0 0 0 0 0 0 0 0 0 0 0 0 0 0 0 0 0 0 0 0 0 0 0 0 0 0 0 0 0 0 0 0 0 0 0 0 0 0 0 0 0 0 0 0 0 0 0 0 0 0 0 0 0 0 0 0 0 0 0 0 0 0 0 0 0 0 0 0 0 0 0 0 0 0 0 0 0 0 0 0 0 0 0 0 0 0 0 0 0 0 0 0 0 0 0 0 0 0 0 0 0 0 0 0 0 0 0 0 0 0 0 0 0 0 0 0 0 0 0 0 0 0 0 0 0 0 0 0 0 0 0 0 0 0 0 0 0 0 0 0 0 0 0 0 0 0 0 0 0 0 0 0 0 0 0 0 0 0 0 0 0 0 0 0 0 0 0 0 0 0 0 0 0 0 0 0 0 0 0 0 0 0 0 0 0 0 0 0 0 0 0 0 0 0 0 0 0 0 0 0 0 0 0 0 0 0 0 0 0 0 0 0 0 0 0 0 0 0 0 0 0 0 0 0 0 0 0 0 0 0 0 0 0 0 0 0 0 0 0 0 0 0 0 0 0 0 0 0 0 0 0 0 0 0 0 0 0 0 0 0 0 0 0 0 0 0 0 0 0 0 0 0 0 0 0 0 0 0 0 0 0 0 0 0 0 0 0 0 0 0 0 0 0 0 0 0 0 0 0 0 0 0 0 0 0 0 0 0 0 0 0 0 0 0 0 0 0 0 0 0 0 0 0 0 0 0 0 0 0 0 0 0 0 0 0 0 0 0 0 0 0 0 0 0 0 0 0 0 0 0 0 0 0 0 0 0 0 0 0 0 0 0 0 0 0 0 0 0 0 0 0 0 0 0 0 0 0 0 0 0 0 0 0 0 0 0 0 0 0 0 0 0 0 0 0 0 0 0 0 0 0 0 0 0 0 0 0 0 0 0 0 0 0 0 0 0 0 0 0 0 0 0 0 0 0 0 0 0 0 0 0 0 0 0 0 0 0 0 0 0 0 0 0 0 0 0 0 0 0 0 0 0 0 0 0 0 0 0 0 0 0 0 0 0 0 0 0 0 0 0 0 0 0 0 0 0 0 0 0 0 0 0 0 0 0 0 0 0 0 0 0 0 0 0 0 0 0 0 0 0 0 0 0 0 0 0 0 0 0 0 0 0 0 0 0 0 0 0 0 0 0 0 0 0 0 0 0 0 0 0 0 0 0 0 0 0 0 0 0 0 0 0 0 0 0 0 0 0 0 0 0 0 0 0 0 0 0 0 0 0 0 0 0 0 0 0 0 0 0 0 0 0 0 0 0 0 0 0 0 0 0 0 0 0 0 0 0 0 0 0 0 0 0 0 0 0 0 0 0 0 0 0 0 0 0 0 0 0 0 0 0 0 0 0 0 0 0 0 0 0 0 0 0 0 0 0 0 0 0 0 0 0 0 0 0 0 0 0 0 0 0 0 0 0 0 0 0 0 0 0 0 0 0 0 0 0 0 0 0 0 0 0 0 0 0 0 0 0 0 0 0 0 0 0 0 0 0 0 0 0 0 0 0 0 0 0 0 0 0 0 0 0 0 0 0 0 0 0 0 0 0 0 0 0 0 0 0 0 0 0 0 0 0 0 0 0 0 0 0 0 0 0 0 0 0 0 0 0 0 0 0 0 0 0 0 0 0 0 0 0 0 0 0 0 0 0 0 0 0 0 0 0 0 0 0 0 0 0 0 0 0 0 0 0 0 0 0 0 0 0 0 0 0 0 0 0 0 0 0 0 0 0 0 0 0 0 0 0 0 0 0 0 0 0 0 0 0 0 0 0 0 0 0 0 0 0 0 0 0 0 0 0 0 0 0 0 0 0 0 0 0 0 0 0 0 0 0 0 0 0 0 0 0 0 0 0 0 0 0 0 0 0 0 0 0 0 0 0 0 0 0 0 0 0 0 0 0 0 0 0 0 0 0 0 0 0 0 0 0 0 0 0 0 0 0 0 0 0 0 0 0 0 0 0 0 0 0 0 0 0 0 0 0 0 0 0 0 0 0 0 0 0 0 0 0 0 0 0 0 0 0 0 0 0 0 0 0 0 0 0 0 0 0 0 0 0 0 0 0 0 0 0 0 0 0 0 0 0 0 0 0 0 0 0 0 0 0 0 0 0 0 0 0 0 0 0 0 0 0 0 0 0 0 0 0 0 0 0 0 0 0 0 0 0 0 0 0 0 0 0 0 0 0 0 0 0 0 0 0 0 0 0 0 0 0 0 0 0 0 0 0 0 0 0 0 0 0 0 0 0 0 0 0 0 0 0 0 0 0 0 0 0 0 0 0 0 0 0 0 0 0 0 0 0 0 0 0 0 0 0 0 0 0 0 0 0 0 0 0 0 0 0 0 0 0 0 0 0 0 0 0 0 0 0 0 0 0 0 0 0 0 0 0 0 0 0 0 0 0 0 0 0 0 0 0 0 0 0 0 0 0 0 0 0 0 0 0 0 0 0 0 0 0 0 0 0 0 0 0 0 0 0 0 0 0 0 0 0 0 0 0 0 0 0 0 0 0 0 0 0 0 0 0 0 0 0 0 0 0 0 0 0 0 0 0 0 0 0 0 0 0 0 0 0 0 0 0 0 0 0 0 0 0 0 0 0 0 0 0 0 0 0 0 0 0 0 0 0 0 0 0 0 0 0 0 0 0 0 0 0 0 0 0 0 0 0 0 0 0 0 0 0 0 0 0 0 0 0 0 0 0 0 0 0 0 0 0 0 0 0 0 0 0 0 0 0 0 0 0 0 0 0 0 0 0 0 0 0 0 0 0 0 0 0 0 0 0 0 0 0 0 0 0 0 0 0 0 0 0 0 0 0 0 0 0 0 0 0 0 0 0 0 0 0 0 0 0 0 0 0 0 0 0 0 0 0 0 0 0 0 0 0 0 0 0 0 0 0 0 0 0 0 0 0 0 0 0 0 0 0 0 0 0 0 0 0 0 0 0 0 0 0 0 0 0 0 0 0 0 0 0 0 0 0 0 0 0 0 0 0 0 0 0 0 0 0 0 0 0 0 0 0 0 0 0 0 0 0 0 0 0 0 0 0 0 0 0 0 0 0 0 0 0 0 0 0 0 0 0 0 0 0 0 0 0 0 0 0 0 0 0 0 0 0 0 0 0 0 0 0 0 0 0 0 0 0 0 0 0 0 0 0 0 0 0 0 0 0 0 0 0 0 0 0 0 0 0 0 0 0 0 0 0 0 0 0 0 0 0 0 0 0 0 0 0 0 0 0 0 0 0 0 0 0 0 0 0 0 0 0 0 0 0 0 0 0 0 0 0 0 0 0 0 0 0 0 0 0 0 0 0 0 0 0 0 0 0 0 0 0 0 0 0 0 0 0 0 0 0 0 0 0 0 0 0 0 0 0 0 0 0 0 0 0 0 0 0 0 0 0 0 0 0 0 0 0 0 0 0 0 0 0 0 0 0 0 0 0 0 0 0 0 0 0 0 0 0 0 0 0 0 0 0 0 0 0 0 0 0 0 0 0 0 0 0 0 0 0 0 0 0 0 0 0 0 0 0 0 0 0 0 0 0 0 0 0 0 0 0 0 0 0 0 0 0 0 0 0 0 0 0 0 0 0 0 0 0 0 0 0 0 0 0 0 0 0 0 0 0 0 0 0 0 0 0 0 0 0 0 0 0 0 0 0 0 0 0 0 0 0 0 0 0 0 0 0 0 0 0 0 0 0 0 0 0 0 0 0 0 0 0 0 0 0 0 0 0 0 0 0 0 0 0 0 0 0 0 0 0 0 0 0 0 0 0 0 0 0 0 0 0 0 0 0 0 0 0 0 0 0 0 0 0 0 0 0 0 0 0 0 0 0 0 0 0 0 0 0 0 0 0 0 0 0 0 0 0 0 0 0 0 0 0 0 0 0 0 0 0 0 0 0 0 0 0 0 0 0 0 0 0 0 0 0 0 0 0 0 0 0 0 0 0 0 0 0 0 0 0 0 0 0 0 0 0 0 0 0 0 0 0 0 0 0 0 0 0 0 0 0 0 0 0 0 0 0 0 0 0 0 0 0 0 0 0 0 0 0 0 0 0 0 0 0 0 0 0 0 0 0 0 0 0 0 0 0 0 0 0 0 0 0 0 0 0 0 0 0 0 0 0 0 0 0 0 0 0 0 0 0 0 0 0 0 0 0 0 0 0 0 0 0 0 0 0 0 0 0 0 0 0 0 0 0 0 0 0 0 0 0 0 0 0 0 0 0 0 0 0 0 0 0 0 0 0 0 0 0 0 0 0 0 0 0 0 0 0 0 0 0 0 0 0 0 0 0 0 0 0 0 0 0 0 0 0 0 0 0 0 0 0 0 0 0 0 0 0 0 0 0 0 0 0 0 0 0 0 0 0 0 0 0 0 0 0 0 0 0 0 0 0 0 0 0 0 0 0 0 0 0 0 0 0 0 0 0 0 0 0 0 0 0 0 0 0 0 0 0 0 0 0 0 0 0 0 0 0 0 0 0 0 0 0 0 0 0 0 0 0 0 0 0 0 0 0 0 0 0 0 0 0 0 0 0 0 0 0 0 0 0 0 0 0 0 0 0 0 0 0 0 0 0 0 0 0 0 0 0 0 0 0 0 0 0 0 0 0 0 0 0 0 0 0 0 0 0 0 0 0 0 0 0 0 0 0 0 0 0 0 0 0 0 0 0 0 0 0 0 0 0 0 0 0 0 0 0 0 0 0 0 0 0 0 0 0 0 0 0 0 0 0 0 0 0 0 0 0 0 0 0 0 0 0 0 0 0 0 0 0 0 0 0 0 0 0 0 0 0 0 0 0 0 0 0 0 0 0 0 0 0 0 0 0 0 0 0 0 0 0 0 0 0 0 0 0 0 0 0 0 0 0 0 0 0 0 0 0 0 0 0 0 0 0 0 0 0 0 0 0 0 0 0 0 0 0 0 0 0 0 0 0 0 0 0 0 0 0 0 0 0 0 0 0 0 0 0 0 0 0 0 0 0 0 0 0 0 0 0 0 0 0 0 0 0 0 0 0 0 0 0 0 0 0 0 0 0 0 0 0 0 0 0 0 0 0 0 0 0 0 0 0 0 0 0 0 0 0 0 0 0 0 0 0 0 0 0 0 0 0 0 0 0 0 0 0 0 0 0 0 0 0 0 0 0 0 0 0 0 0 0 0 0 0 0 0 0 0 0 0 0 0 0 0 0 0 0 0 0 0 0 0 0 0 0 0 0 0 0 0 0 0 0 0 0 0 0 0 0 0 0 0 0 0 0 0 0 0 0 0 0 0 0 0 0 0 0 0 0 0 0 0 0 0 0 0 0 0 0 0 0 0 0 0 0 0 0 0 0 0 0 0 0 0 0 0 0 0 0 0 0 0 0 0 0 0 0 0 0 0 0 0 0 0 0 0 0 0 0 0 0 0 0 0 0 0 0 0 0 0 0 0 0 0 0 0 0 0 0 0 0 0 0 0 0 0 0 0 0 0 0 0 0 0 0 0 0 0 0 0 0 0 0 0 0 0 0 0 0 0 0 0 0 0 0 0 0 0 0 0 0 0 0 0 0 0 0 0 0 0 0 0 0 0 0 0 0 0 0 0 0 0 0 0 0 0 0 0 0 0 0 0 0 0 0 0 0 0 0 0 0 0 0 0 0 0 0 0 0 0 0 0 0 0 0 0 0 0 0 0 0 0 0 0 0 0 0 0 0 0 0 0 0 0 0 0 0 0 0 0 0 0 0 0 0 0 0 0 0 0 0 0 0 0 0 0 0 0 0 0 0 0 0 0 0 0 0 0 0 0 0 0 0 0 0 0 0 0 0 0 0 0 0 0 0 0 0 0 0 0 0 0 0 0 0 0 0 0 0 0 0 0 0 0 0 0 0 0 0 0 0 0 0 0 0 0 0 0 0 0 0 0 0 0 0 0 0 0 0 0 0 0 0 0 0 0 0 0 0 0 0 0 0 0 0 0 0 0 0 0 0 0 0 0 0 0 0 0 0 0 0 0 0 0 0 0 0 0 0 0 0 0 0 0 0 0 0 0 0 0 0 0 0 0 0 0 0 0 0 0 0 0 0 0 0 0 0 0 0 0 0 0 0 0 0 0 0 0 0 0 0 0 0 0 0 0 0 0 0 0 0 0 0 0 0 0 0 0 0 0 0 0 0 0 0 0 0 0 0 0 0 0 0 0 0 0 0 0 0 0 0 0 0 0 0 0 0 0 0 0 0 0 0 0 0 0 0 0 0 0 0 0 0 0 0 0 0 0 0 0 0 0 0 0 0 0 0 0 0 0 0 0 0 0 0 0 0 0 0 0 0 0 0 0 0 0 0 0 0 0 0 0 0 0 0 0 0 0 0 0 0 0 0 0 0 0 0 0 0 0 0 0 0 0 0 0 0 0 0 0 0 0 0 0 0 0 0 0 0 0 0 0 0 0 0 0 0 0 0 0 0 0 0 0 0 0 0 0 0 0 0 0 0 0 0 0 0 0 0 0 0 0 0 0 0 0 0 0 0 0 0 0 0 0 0 0 0 0 0 0 0 0 0 0 0 0 0 0 0 0 0 0 0 0 0 0 0 0 0 0 0 0 0 0 0 0 0 0 0 0 0 0 0 0 0 0 0 0 0 0 0 0 0 0 0 0 0 0 0 0 0 0 0 0 0 0 0 0 0 0 0 0 0 0 0 0 0 0 0 0 0 0 0 0 0 0 0 0 0 0 0 0 0 0 0 0 0 0 0 0 0 0 0 0 0 0 0 0 0 0 0 0 0 0 0 0 0 0 0 0 0 0 0 0 0 0 0 0 0 0 0 0 0 0 0 0 0 0 0 0 0 0 0 0 0 0 0 0 0 0 0 0 0 0 0 0 0 0 0 0 0 0 0 0 0 0 0 0 0 0 0 0 0 0 0 0 0 0 0 0 0 0 0 0 0 0 0 0 0 0 0 0 0 0 0 0 0 0 0 0 0 0 0 0 0 0 0 0 0 0 0 0 0 0 0 0 0 0 0 0 0 0 0 0 0 0 0 0 0 0 0 0 0 0 0 0 0 0 0 0 0 0 0 0 0 0 0 0 0 0 0 0 0 0 0 0 0 0 0 0 0 0 0 0 0 0 0 0 0 0 0 0 0 0 0 0 0 0 0 0 0 0 0 0 0 0 0 0 0 0 0 0 0 0 0 0 0 0 0 0 0 0 0 0 0 0 0 0 0 0 0 0 0 0 0 0 0 0 0 0 0 0 0 0 0 0 0 0 0 0 0 0 0 0 0 0 0 0 0 0 0 0 0 0 0 0 0 0 0 0 0 0 0 0 0 0 0 0 0 0 0 0 0 0 0 0 0 0 0 0 0 0 0 0 0 0 0 0 0 0 0 0 0 0 0 0 0 0 0 0 0 0 0 0 0 0 0 0 0 0 0 0 0 0 0 0 0 0 0 0 0 0 0 0 0 0 0 0 0 0 0 0 0 0 0 0 0 0 0 0 0 0 0 0 0 0 0 0 0 0 0 0 0 0 0 0 0 0 0 0 0 0 0 0 0 0 0 0 0 0 0 0 0 0 0 0 0 0 0 0 0 0 0 0 0 0 0 0 0 0 0 0 0 0 0 0 0 0 0 0 0 0 0 0 0 0 0 0 0 0 0 0 0 0 0 0 0 0 0 0 0 0 0 0 0 0 0 0 0 0 0 0 0 0 0 0 0 0 0 0 0 0 0 0 0 0 0 0 0 0 0 0 0 0 0 0 0 0 0 0 0 0 0 0 0 0 0 0 0 0 0 0 0 0 0 0 0 0 0 0 0 0 0 0 0 0 0 0 0 0 0 0 0 0 0 0 0 0 0 0 0 0 0 0 0 0 0 0 0 0 0 0 0 0 0 0 0 0 0 0 0 0 0 0 0 0 0 0 0 0 0 0 0 0 0 0 0 0 0 0 0 0 0 0 0 0 0 0 0 0 0 0 0 0 0 0 0 0 0 0 0 0 0 0 0 0 0 0 0 0 0 0 0 0 0 0 0 0 0 0 0 0 0 0 0 0 0 0 0 0 0 0 0 0 0 0 0 0 0 0 0 0 0 0 0 0 0 0 0 0 0 0 0 0 0 0 0 0 0 0 0 0 0 0 0 0 0 0 0 0 0 0 0 0 0 0 0 0 0 0 0 0 0 0 0 0 0 0 0 0 0 0 0 0 0 0 0 0 0 0 0 0 0 0 0 0 0 0 0 0 0 0 0 0 0 0 0 0 0 0 0 0 0 0 0 0 0 0 0 0 0 0 0 0 0 0 0 0 0 0 0 0 0 0 0 0 0 0 0 0 0 0 0 0 0 0 0 0 0 0 0 0 0 0 0 0 0 0 0 0 0 0 0 0 0 0 0 0 0 0 0 0 0 0 0 0 0 0 0 0 0 0 0 0 0 0 0 0 0 0 0 0 0 0 0 0 0 0 0 0 0 0 0 0 0 0 0 0 0 0 0 0 0 0 0 0 0 0 0 0 0 0 0 0 0 0 0 0 0 0 0 0 0 0 0 0 0 0 0 0 0 0 0 0 0 0 0 0 0 0 0 0 0 0 0 0 0 0 0 0 0 0 0 0 0 0 0 0 0 0 0 0 0 0 0 0 0 0 0 0 0 0 0 0 0 0 0 0 0 0 0 0 0 0 0 0 0 0 0 0 0 0 0 0 0 0 0 0 0 0 0 0 0 0 0 0 0 0 0 0 0 0 0 0 0 0 0 0 0 0 0 0 0 0 0 0 0 0 0 0 0 0 0 0 0 0 0 0 0 0 0 0 0 0 0 0 0 0 0 0 0 0 0 0 0 0 0 0 0 0 0 0 0 0 0 0 0 0 0 0 0 0 0 0 0 0 0 0 0 0 0 0 0 0 0 0 0 0 0 0 0 0 0 0 0 0 0 0 0 0 0 0 0 0 0 0 0 0 0 0 0 0 0 0 0 0 0 0 0 0 0 0 0 0 0 0 0 0 0 0 0 0 0 0 0 0 0 0 0 0 0 0 0 0 0 0 0 0 0 0 0 0 0 0 0 0 0 0 0 0 0 0 0 0 0 0 0 0 0 0 0 0 0 0 0 0 0 0 0 0 0 0 0 0 0 0 0 0 0 0 0 0 0 0 0 0 0 0 0 0 0 0 0 0 0 0 0 0 0 0 0 0 0 0 0 0 0 0 0 0 0 0 0 0 0 0 0 0 0 0 0 0 0 0 0 0 0 0 0 0 0 0 0 0 0 0 0 0 0 0 0 0 0 0 0 0 0 0 0 0 0 0 0 0 0 0 0 0 0 0 0 0 0 0 0 0 0 0 0 0 0 0 0 0 0 0 0 0 0 0 0 0 0 0 0 0 0 0 0 0 0 0 0 0 0 0 0 0 0 0 0 0 0 0 0 0 0 0 0 0 0 0 0 0 0 0 0 0 0 0 0 0 0 0 0 0 0 0 0 0 0 0 0 0 0 0 0 0 0 0 0 0 0 0 0 0 0 0 0 0 0 0 0 0 0 0 0 0 0 0 0 0 0 0 0 0 0 0 0 0 0 0 0 0 0 0 0 0 0 0 0 0 0 0 0 0 0 0 0 0 0 0 0 0 0 0 0 0 0 0 0 0 0 0 0 0 0 0 0 0 0 0 0 0 0 0 0 0 0 0 0 0 0 0 0 0 0 0 0 0 0 0 0 0 0 0 0 0 0 0 0 0 0 0 0 0 0 0 0 0 0 0 0 0 0 0 0 0 0 0 0 0 0 0 0 0 0 0 0 0 0 0 0 0 0 0 0 0 0 0 0 0 0 0 0 0 0 0 0 0 0 0 0 0 0 0 0 0 0 0 0 0 0 0 0 0 0 0 0 0 0 0 0 0 0 0 0 0 0 0 0 0 0 0 0 0 0 0 0 0 0 0 0 0 0 0 0 0 0 0 0 0 0 0 0 0 0 0 0 0 0 0 0 0 0 0 0 0 0 0 0 0 0 0 0 0 0 0 0 0 0 0 0 0 0 0 0 0 0 0 0 0 0 0 0 0 0 0 0 0 0 0 0 0 0 0 0 0 0 0 0 0 0 0 0 0 0 0 0 0 0 0 0 0 0 0 0 0 0 0 0 0 0 0 0 0 0 0 0 0 0 0 0 0 0 0 0 0 0 0 0 0 0 0 0 0 0 0 0 0 0 0 0 0 0 0 0 0 0 0 0 0 0 0 0 0 0 0 0 0 0 0 0 0 0 0 0 0 0 0 0 0 0 0 0 0 0 0 0 0 0 0 0 0 0 0 0 0 0 0 0 0 0 0 0 0 0 0 0 0 0 0 0 0 0 0 0 0 0 0 0 0 0 0 0 0 0 0 0 0 0 0 0 0 0 0 0 0 0 0 0 0 0 0 0 0 0 0 0 0 0 0 0 0 0 0 0 0 0 0 0 0 0 0 0 0 0 0 0 0 0 0 0 0 0 0 0 0 0 0 0 0 0 0 0 0 0 0 0 0 0 0 0 0 0 0 0 0 0 0 0 0 0 0 0 0 0 0 0 0 0 0 0 0 0 0 0 0 0 0 0 0 0 0 0 0 0 0 0 0 0 0 0 0 0 0 0 0 0 0 0 0 0 0 0 0 0 0 0 0 0 0 0 0 0 0 0 0 0 0 0 0 0 0 0 0 0 0 0 0 0 0 0 0 0 0 0 0 0 0 0 0 0 0 0 0 0 0 0 0 0 0 0 0 0 0 0 0 0 0 0 0 0 0 0 0 0 0 0 0 0 0 0 0 0 0 0 0 0 0 0 0 0 0 0 0 0 0 0 0 0 0 0 0 0 0 0 0 0 0 0 0 0 0 0 0 0 0 0 0 0 0 0 0 0 0 0 0 0 0 0 0 0 0 0 0 0 0 0 0 0 0 0 0 0 0 0 0 0 0 0 0 0 0 0 0 0 0 0 0 0 0 0 0 0 0 0 0 0 0 0 0 0 0 0 0 0 0 0 0 0 0 0 0 0 0 0 0 0 0 0 0 0 0 0 0 0 0 0 0 0 0 0 0 0 0 0 0 0 0 0 0 0 0 0 0 0 0 0 0 0 0 0 0 0 0 0 0 0 0 0 0 0 0 0 0 0 0 0 0 0 0 0 0 0 0 0 0 0 0 0 0 0 0 0 0 0 0 0 0 0 0 0 0 0 0 0 0 0 0 0 0 0 0 0 0 0 0 0 0 0 0 0 0 0 0 0 0 0 0 0 0 0 0 0 0 0 0 0 0 0 0 0 0 0 0 0 0 0 0 0 0 0 0 0 0 0 0 0 0 0 0 0 0 0 0 0 0 0 0 0 0 0 0 0 0 0 0 0 0 0 0 0 0 0 0 0 0 0 0 0 0 0 0 0 0 0 0 0 0 0 0 0 0 0 0 0 0 0 0 0 0 0 0 0 0 0 0 0 0 0 0 0 0 0 0 0 0 0 0 0 0 0 0 0 0 0 0 0 0 0 0 0 0 0 0 0 0 0 0 0 0 0 0 0 0 0 0 0 0 0 0 0 0 0 0 0 0 0 0 0 0 0 0 0 0 0 0 0 0 0 0 0 0 0 0 0 0 0 0 0 0 0 0 0 0 0 0 0 0 0 0 0 0 0 0 0 0 0 0 0 0 0 0 0 0 0 0 0 0 0 0 0 0 0 0 0 0 0 0 0 0 0 0 0 0 0 0 0 0 0 0 0 0 0 0 0 0 0 0 0 0 0 0 0 0 0 0 0 0 0 0 0 0 0 0 0 0 0 0 0 0 0 0 0 0 0 0 0 0 0 0 0 0 0 0 0 0 0 0 0 0 0 0 0 0 0 0 0 0 0 0 0 0 0 0 0 0 0 0 0 0 0 0 0 0 0 0 0 0 0 0 0 0 0 0 0 0 0 0 0 0 0 0 0 0 0 0 0 0 0 0 0 0 0 0 0 0 0 0 0 0 0 0 0 0 0 0 0 0 0 0 0 0 0 0 0 0 0 0 0 0 0 0 0 0 0 0 0 0 0 0 0 0 0 0 0 0 0 0 0 0 0 0 0 0 0 0 0 0 0 0 0 0 0 0 0 0 0 0 0 0 0 0 0 0 0 0 0 0 0 0 0 0 0 0 0 0 0 0 0 0 0 0 0 0 0 0 0 0 0 0 0 0 0 0 0 0 0 0 0 0 0 0 0 0 0 0 0 0 0 0 0 0 0 0 0 0 0 0 0 0 0 0 0 0 0 0 0 0 0 0 0 0 0 0 0 0 0 0 0 0 0 0 0 0 0 0 0 0 0 0 0 0 0 0 0 0 0 0 0 0 0 0 0 0 0 0 0 0 0 0 0 0 0 0 0 0 0 0 0 0 0 0 0 0 0 0 0 0 0 0 0 0 0 0 0 0 0 0 0 0 0 0 0 0 0 0 0 0 0 0 0 0 0 0 0 0 0 0 0 0 0 0 0 0 0 0 0 0 0 0 0 0 0 0 0 0 0 0 0 0 0 0 0 0 0 0 0 0 0 0 0 0 0 0 0 0 0 0 0 0 0 0 0 0 0 0 0 0 0 0 0 0 0 0 0 0 0 0 0 0 0 0 0 0 0 0 0 0 0 0 0 0 0 0 0 0 0 0 0 0 0 0 0 0 0 0 0 0 0 0 0 0 0 0 0 0 0 0 0 0 0 0 0 0 0 0 0 0 0 0 0 0 0 0 0 0 0 0 0 0 0 0 0 0 0 0 0 0 0 0 0 0 0 0 0 0 0 0 0 0 0 0 0 0 0 0 0 0 0 0 0 0 0 0 0 0 0 0 0 0 0 0 0 0 0 0 0 0 0 0 0 0 0 0 0 0 0 0 0 0 0 0 0 0 0 0 0 0 0 0 0 0 0 0 0 0 0 0 0 0 0 0 0 0 0 0 0 0 0 0 0 0 0 0 0 0 0 0 0 0 0 0 0 0 0 0 0 0 0 0 0 0 0 0 0 0 0 0 0 0 0 0 0 0 0 0 0 0 0 0 0 0 0 0 0 0 0 0 0 0 0 0 0 0 0 0 0 0 0 0 0 0 0 0 0 0 0 0 0 0 0 0 0 0 0 0 0 0 0 0 0 0 0 0 0 0 0 0 0 0 0 0 0 0 0 0 0 0 0 0 0 0 0 0 0 0 0 0 0 0 0 0 0 0 0 0 0 0 0 0 0 0 0 0 0 0 0 0 0 0 0 0 0 0 0 0 0 0 0 0 0 0 0 0 0 0 0 0 0 0 0 0 0 0 0 0 0 0 0 0 0 0 0 0 0 0 0 0 0 0 0 0 0 0 0 0 0 0 0 0 0 0 0 0 0 0 0 0 0 0 0 0 0 0 0 0 0 0 0 0 0 0 0 0 0 0 0 0 0 0 0 0 0 0 0 0 0 0 0 0 0 0 0 0 0 0 0 0 0 0 0 0 0 0 0 0 0 0 0 0 0 0 0 0 0 0 0 0 0 0 0 0 0 0 0 0 0 0 0 0 0 0 0 0 0 0 0 0 0 0 0 0 0 0 0 0 0 0 0 0 0 0 0 0 0 0 0 0 0 0 0 0 0 0 0 0 0 0 0 0 0 0 0 0 0 0 0 0 0 0 0 0 0 0 0 0 0 0 0 0 0 0 0 0 0 0 0 0 0 0 0 0 0 0 0 0 0 0 0 0 0 0 0 0 0 0 0 0 0 0 0 0 0 0 0 0 0 0 0 0 0 0 0 0 0 0 0 0 0 0 0 0 0 0 0 0 0 0 0 0 0 0 0 0 0 0 0 0 0 0 0 0 0 0 0 0 0 0 0 0 0 0 0 0 0 0 0 0 0 0 0 0 0 0 0 0 0 0 0 0 0 0 0 0 0 0 0 0 0 0 0 0 0 0 0 0 0 0 0 0 0 0 0 0 0 0 0 0 0 0 0 0 0 0 0 0 0 0 0 0 0 0 0 0 0 0 0 0 0 0 0 0 0 0 0 0 0 0 0 0 0 0 0 0 0 0 0 0 0 0 0 0 0 0 0 0 0 0 0 0 0 0 0 0 0 0 0 0 0 0 0 0 0 0 0 0 0 0 0 0 0 0 0 0 0 0 0 0 0 0 0 0 0 0 0 0 0 0 0 0 0 0 0 0 0 0 0 0 0 0 0 0 0 0 0 0 0 0 0 0 0 0 0 0 0 0 0 0 0 0 0 0 0 0 0 0 0 0 0 0 0 0 0 0 0 0 0 0 0 0 0 0 0 0 0 0 0 0 0 0 0 0 0 0 0 0 0 0 0 0 0 0 0 0 0 0 0 0 0 0 0 0 0 0 0 0 0 0 0 0 0 0 0 0 0 0 0 0 0 0 0 0 0 0 0 0 0 0 0 0 0 0 0 0 0 0 0 0 0 0 0 0 0 0 0 0 0 0 0 0 0 0 0 0 0 0 0 0 0 0 0 0 0 0 0 0 0 0 0 0 0 0 0 0 0 0 0 0 0 0 0 0 0 0 0 0 0 0 0 0 0 0 0 0 0 0 0 0 0 0 0 0 0 0 0 0 0 0 0 0 0 0 0 0 0 0 0 0 0 0 0 0 0 0 0 0 0 0 0 0 0 0 0 0 0 0 0 0 0 0 0 0 0 0 0 0 0 0 0 0 0 0 0 0 0 0 0 0 0 0 0 0 0 0 0 0 0 0 0 0 0 0 0 0 0 0 0 0 0 0 0 0 0 0 0 0 0 0 0 0 0 0 0 0 0 0 0 0 0 0 0 0 0 0 0 0 0 0 0 0 0 0 0 0 0 0 0 0 0 0 0 0 0 0 0 0 0 0 0 0 0 0 0 0 0 0 0 0 0 0 0 0 0 0 0 0 0 0 0 0 0 0 0 0 0 0 0 0 0 0 0 0 0 0 0 0 0 0 0 0 0 0 0 0 0 0 0 0 0 0 0 0 0 0 0 0 0 0 0 0 0 0 0 0 0 0 0 0 0 0 0 0 0 0 0 0 0 0 0 0 0 0 0 0 0 0 0 0 0 0 0 0 0 0 0 0 0 0 0 0 0 0 0 0 0 0 0 0 0 0 0 0 0 0 0 0 0 0 0 0 0 0 0 0 0 0 0 0 0 0 0 0 0 0 0 0 0 0 0 0 0 0 0 0 0 0 0 0 0 0 0 0 0 0 0 0 0 0 0 0 0 0 0 0 0 0 0 0 0 0 0 0 0 0 0 0 0 0 0 0 0 0 0 0 0 0 0 0 0 0 0 0 0 0 0 0 0 0 0 0 0 0 0 0 0 0 0 0 0 0 0 0 0 0 0 0 0 0 0 0 0 0 0 0 0 0 0 0 0 0 0 0 0 0 0 0 0 0 0 0 0 0 0 0 0 0 0 0 0 0 0 0 0 0 0 0 0 0 0 0 0 0 0 0 0 0 0 0 0 0 0 0 0 0 0 0 0 0 0 0 0 0 0 0 0 0 0 0 0 0 0 0 0 0 0 0 0 0 0 0 0 0 0 0 0 0 0 0 0 0 0 0 0 0 0 0 0 0 0 0 0 0 0 0 0 0 0 0 0 0 0 0 0 0 0 0 0 0 0 0 0 0 0 0 0 0 0 0 0 0 0 0 0 0 0 0 0 0 0 0 0 0 0 0 0 0 0 0 0 0 0 0 0 0 0 0 0 0 0 0 0 0 0 0 0 0 0 0 0 0 0 0 0 0 0 0 0 0 0 0 0 0 0 0 0 0 0 0 0 0 0 0 0 0 0 0 0 0 0 0 0 0 0 0 0 0 0 0 0 0 0 0 0 0 0 0 0 0 0 0 0 0 0 0 0 0 0 0 0 0 0 0 0 0 0 0 0 0 0 0 0 0 0 0 0 0 0 0 0 0 0 0 0 0 0 0 0 0 0 0 0 0 0 0 0 0 0 0 0 0 0 0 0 0 0 0 0 0 0 0 0 0 0 0 0 0 0 0 0 0 0 0 0 0 0 0 0 0 0 0 0 0 0 0 0 0 0 0 0 0 0 0 0 0 0 0 0 0 0 0 0 0 0 0 0 0 0 0 0 0 0 0 0 0 0 0 0 0 0 0 0 0 0 0 0 0 0 0 0 0 0 0 0 0 0 0 0 0 0 0 0 0 0 0 0 0 0 0 0 0 0 0 0 0 0 0 0 0 0 0 0 0 0 0 0 0 0 0 0 0 0 0 0 0 0 0 0 0 0 0 0 0 0 0 0 0 0 0 0 0 0 0 0 0 0 0 0 0 0 0 0 0 0 0 0 0 0 0 0 0 0 0 0 0 0 0 0 0 0 0 0 0 0 0 0 0 0 0 0 0 0 0 0 0 0 0 0 0 0 0 0 0 0 0 0 0 0 0 0 0 0 0 0 0 0 0 0 0 0 0 0 0 0 0 0 0 0 0 0 0 0 0 0 0 0 0 0 0 0 0 0 0 0 0 0 0 0 0 0 0 0 0 0 0 0 0 0 0 0 0 0 0 0 0 0 0 0 0 0 0 0 0 0 0 0 0 0 0 0 0 0 0 0 0 0 0 0 0 0 0 0 0 0 0 0 0 0 0 0 0 0 0 0 0 0 0 0 0 0 0 0 0 0 0 0 0 0 0 0 0 0 0 0 0 0 0 0 0 0 0 0 0 0 0 0 0 0 0 0 0 0 0 0 0 0 0 0 0 0 0 0 0 0 0 0 0 0 0 0 0 0 0 0 0 0 0 0 0 0 0 0 0 0 0 0 0 0 0 0 0 0 0 0 0 0 0 0 0 0 0 0 0 0 0 0 0 0 0 0 0 0 0 0 0 0 0 0 0 0 0 0 0 0 0 0 0 0 0 0 0 0 0 0 0 0 0 0 0 0 0 0 0 0 0 0 0 0 0 0 0 0 0 0 0 0 0 0 0 0 0 0 0 0 0 0 0 0 0 0 0 0 0 0 0 0 0 0 0 0 0 0 0 0 0 0 0 0 0 0 0 0 0 0 0 0 0 0 0 0 0 0 0 0 0 0 0 0 0 0 0 0 0 0 0 0 0 0 0 0 0 0 0 0 0 0 0 0 0 0 0 0 0 0 0 0 0 0 0 0 0 0 0 0 0 0 0 0 0 0 0 0 0 0 0 0 0 0 0 0 0 0 0 0 0 0 0 0 0 0 0 0 0 0 0 0 0 0 0 0 0 0 0 0 0 0 0 0 0 0 0 0 0 0 0 0 0 0 0 0 0 0 0 0 0 0 0 0 0 0 0 0 0 0 0 0 0 0 0 0 0 0 0 0 0 0 0 0 0 0 0 0 0 0 0 0 0 0 0 0 0 0 0 0 0 0 0 0 0 0 0 0 0 0 0 0 0 0 0 0 0 0 0 0 0 0 0 0 0 0 0 0 0 0 0 0 0 0 0 0 0 0 0 0 0 0 0 0 0 0 0 0 0 0 0 0 0 0 0 0 0 0 0 0 0 0 0 0 0 0 0 0 0 0 0 0 0 0 0 0 0 0 0 0 0 0 0 0 0 0 0 0 0 0 0 0 0 0 0 0 0 0 0 0 0 0 0 0 0 0 0 0 0 0 0 0 0 0 0 0 0 0 0 0 0 0 0 0 0 0 0 0 0 0 0 0 0 0 0 0 0 0 0 0 0 0 0 0 0 0 0 0 0 0 0 0 0 0 0 0 0 0 0 0 0 0 0 0 0 0 0 0 0 0 0 0 0 0 0 0 0 0 0 0 0 0 0 0 0 0 0 0 0 0 0 0 0 0 0 0 0 0 0 0 0 0 0 0 0 0 0 0 0 0 0 0 0 0 0 0 0 0 0 0 0 0 0 0 0 0 0 0 0 0 0 0 0 0 0 0 0 0 0 0 0 0 0 0 0 0 0 0 0 0 0 0 0 0 0 0 0 0 0 0 0 0 0 0 0 0 0 0 0 0 0 0 0 0 0 0 0 0 0 0 0 0 0 0 0 0 0 0 0 0 0 0 0 0 0 0 0 0 0 0 0 0 0 0 0 0 0 0 0 0 0 0 0 0 0 0 0 0 0 0 0 0 0 0 0 0 0 0 0 0 0 0 0 0 0 0 0 0 0 0 0 0 0 0 0 0 0 0 0 0 0 0 0 0 0 0 0 0 0 0 0 0 0 0 0 0 0 0 0 0 0 0 0 0 0 0 0 0 0 0 0 0 0 0 0 0 0 0 0 0 0 0 0 0 0 0 0 0 0 0 0 0 0 0 0 0 0 0 0 0 0 0 0 0 0 0 0 0 0 0 0 0 0 0 0 0 0 0 0 0 0 0 0 0 0 0 0 0 0 0 0 0 0 0 0 0 0 0 0 0 0 0 0 0 0 0 0 0 0 0 0 0 0 0 0 0 0 0 0 0 0 0 0 0 0 0 0 0 0 0 0 0 0 0 0 0 0 0 0 0 0 0 0 0 0 0 0 0 0 0 0 0 0 0 0 0 0 0 0 0 0 0 0 0 0 0 0 0 0 0 0 0 0 0 0 0 0 0 0 0 0 0 0 0 0 0 0 0 0 0 0 0 0 0 0 0 0 0 0 0 0 0 0 0 0 0 0 0 0 0 0 0 0 0 0 0 0 0 0 0 0 0 0 0 0 0 0 0 0 0 0 0 0 0 0 0 0 0 0 0 0 0 0 0 0 0 0 0 0 0 0 0 0 0 0 0 0 0 0 0 0 0 0 0 0 0 0 0 0 0 0 0 0 0 0 0 0 0 0 0 0 0 0 0 0 0 0 0 0 0 0 0 0 0 0 0 0 0 0 0 0 0 0 0 0 0 0 0 0 0 0 0 0 0 0 0 0 0 0 0 0 0 0 0 0 0 0 0 0 0 0 0 0 0 0 0 0 0 0 0 0 0 0 0 0 0 0 0 0 0 0 0 0 0 0 0 0 0 0 0 0 0 0 0 0 0 0 0 0 0 0 0 0 0 0 0 0 0 0 0 0 0 0 0 0 0 0 0 0 0 0 0 0 0 0 0 0 0 0 0 0 0 0 0 0 0 0 0 0 0 0 0 0 0 0 0 0 0 0 0 0 0 0 0 0 0 0 0 0 0 0 0 0 0 0 0 0 0 0 0 0 0 0 0 0 0 0 0 0 0 0 0 0 0 0 0 0 0 0 0 0 0 0 0 0 0 0 0 0 0 0 0 0 0 0 0 0 0 0 0 0 0 0 0 0 0 0 0 0 0 0 0 0 0 0 0 0 0 0 0 0 0 0 0 0 0 0 0 0 0 0 0 0 0 0 0 0 0 0 0 0 0 0 0 0 0 0 0 0 0 0 0 0 0 0 0 0 0 0 0 0 0 0 0 0 0 0 0 0 0 0 0 0 0 0 0 0 0 0 0 0 0 0 0 0 0 0 0 0 0 0 0 0 0 0 0 0 0 0 0 0 0 0 0 0 0 0 0 0 0 0 0 0 0 0 0 0 0 0 0 0 0 0 0 0 0 0 0 0 0 0 0 0 0 0 0 0 0 0 0 0 0 0 0 0 0 0 0 0 0 0 0 0 0 0 0 0 0 0 0 0 0 0 0 0 0 0 0 0 0 0 0 0 0 0 0 0 0 0 0 0 0 0 0 0 0 0 0 0 0 0 0 0 0 0 0 0 0 0 0 0 0 0 0 0 0 0 0 0 0 0 0 0 0 0 0 0 0 0 0 0 0 0 0 0 0 0 0 0 0 0 0 0 0 0 0 0 0 0 0 0 0 0 0 0 0 0 0 0 0 0 0 0 0 0 0 0 0 0 0 0 0 0 0 0 0 0 0 0 0 0 0 0 0 0 0 0 0 0 0 0 0 0 0 0 0 0 0 0 0 0 0 0 0 0 0 0 0 0 0 0 0 0 0 0 0 0 0 0 0 0 0 0 0 0 0 0 0 0 0 0 0 0 0 0 0 0 0 0 0 0 0 0 0 0 0 0 0 0 0 0 0 0 0 0 0 0 0 0 0 0 0 0 0 0 0 0 0 0 0 0 0 0 0 0 0 0 0 0 0 0 0 0 0 0 0 0 0 0 0 0 0 0 0 0 0 0 0 0 0 0 0 0 0 0 0 0 0 0 0 0 0 0 0 0 0 0 0 0 0 0 0 0 0 0 0 0 0 0 0 0 0 0 0 0 0 0 0 0 0 0 0 0 0 0 0 0 0 0 0 0 0 0 0 0 0 0 0 0 0 0 0 0 0 0 0 0 0 0 0 0 0 0 0 0 0 0 0 0 0 0 0 0 0 0 0 0 0 0 0 0 0 0 0 0 0 0 0 0 0 0 0 0 0 0 0 0 0 0 0 0 0 0 0 0 0 0 0 0 0 0 0 0 0 0 0 0 0 0 0 0 0 0 0 0 0 0 0 0 0 0 0 0 0 0 0 0 0 0 0 0 0 0 0 0 0 0 0 0 0 0 0 0 0 0 0 0 0 0 0 0 0 0 0 0 0 0 0 0 0 0 0 0 0 0 0 0 0 0 0 0 0 0 0 0 0 0 0 0 0 0 0 0 0 0 0 0 0 0 0 0 0 0 0 0 0 0 0 0 0 0 0 0 0 0 0 0 0 0 0 0 0 0 0 0 0 0 0 0 0 0 0 0 0 0 0 0 0 0 0 0 0 0 0 0 0 0 0 0 0 0 0 0 0 0 0 0 0 0 0 0 0 0 0 0 0 0 0 0 0 0 0 0 0 0 0 0 0 0 0 0 0 0 0 0 0 0 0 0 0 0 0 0 0 0 0 0 0 0 0 0 0 0 0 0 0 0 0 0 0 0 0 0 0 0 0 0 0 0 0 0 0 0 0 0 0 0 0 0 0 0 0 0 0 0 0 0 0 0 0 0 0 0 0 0 0 0 0 0 0 0 0 0 0 0 0 0 0 0 0 0 0 0 0 0 0 0 0 0 0 0 0 0 0 0 0 0 0 0 0 0 0 0 0 0 0 0 0 0 0 0 0 0 0 0 0 0 0 0 0 0 0 0 0 0 0 0 0 0 0 0 0 0 0 0 0 0 0 0 0 0 0 0 0 0 0 0 0 0 0 0 0 0 0 0 0 0 0 0 0 0 0 0 0 0 0 0 0 0 0 0 0 0 0 0 0 0 0 0 0 0 0 0 0 0 0 0 0 0 0 0 0 0 0 0 0 0 0 0 0 0 0 0 0 0 0 0 0 0 0 0 0 0 0 0 0 0 0 0 0 0 0 0 0 0 0 0 0 0 0 0 0 0 0 0 0 0 0 0 0 0 0 0 0 0 0 0 0 0 0 0 0 0 0 0 0 0 0 0 0 0 0 0 0 0 0 0 0 0 0 0 0 0 0 0 0 0 0 0 0 0 0 0 0 0 0 0 0 0 0 0 0 0 0 0 0 0 0 0 0 0 0 0 0 0 0 0 0 0 0 0 0 0 0 0 0 0 0 0 0 0 0 0 0 0 0 0 0 0 0 0 0 0 0 0 0 0 0 0 0 0 0 0 0 0 0 0 0 0 0 0 0 0 0 0 0 0 0 0 0 0 0 0 0 0 0 0 0 0 0 0 0 0 0 0 0 0 0 0 0 0 0 0 0 0 0 0 0 0 0 0 0 0 0 0 0 0 0 0 0 0 0 0 0 0 0 0 0 0 0 0 0 0 0 0 0 0 0 0 0 0 0 0 0 0 0 0 0 0 0 0 0 0 0 0 0 0 0 0 0 0 0 0 0 0 0 0 0 0 0 0 0 0 0 0 0 0 0 0 0 0 0 0 0 0 0 0 0 0 0 0 0 0 0 0 0 0 0 0 0 0 0 0 0 0 0 0 0 0 0 0 0 0 0 0 0 0 0 0 0 0 0 0 0 0 0 0 0 0 0 0 0 0 0 0 0 0 0 0 0 0 0 0 0 0 0 0 0 0 0 0 0 0 0 0 0 0 0 0 0 0 0 0 0 0 0 0 0 0 0 0 0 0 0 0 0 0 0 0 0 0 0 0 0 0 0 0 0 0 0 0 0 0 0 0 0 0 0 0 0 0 0 0 0 0 0 0 0 0 0 0 0 0 0 0 0 0 0 0 0 0 0 0 0 0 0 0 0 0 0 0 0 0 0 0 0 0 0 0 0 0 0 0 0 0 0 0 0 0 0 0 0 0 0 0 0 0 0 0 0 0 0 0 0 0 0 0 0 0 0 0 0 0 0 0 0 0 0 0 0 0 0 0 0 0 0 0 0 0 0 0 0 0 0 0 0 0 0 0 0 0 0 0 0 0 0 0 0 0 0 0 0 0 0 0 0 0 0 0 0 0 0 0 0 0 0 0 0 0 0 0 0 0 0 0 0 0 0 0 0 0 0 0 0 0 0 0 0 0 0 0 0 0 0 0 0 0 0 0 0 0 0 0 0 0 0 0 0 0 0 0 0 0 0 0 0 0 0 0 0 0 0 0 0 0 0 0 0 0 0 0 0 0 0 0 0 0 0 0 0 0 0 0 0 0 0 0 0 0 0 0 0 0 0 0 0 0 0 0 0 0 0 0 0 0 0 0 0 0 0 0 0 0 0 0 0 0 0 0 0 0 0 0 0 0 0 0 0 0 0 0 0 0 0 0 0 0 0 0 0 0 0 0 0 0 0 0 0 0 0 0 0 0 0 0 0 0 0 0 0 0 0 0 0 0 0 0 0 0 0 0 0 0 0 0 0 0 0 0 0 0 0 0 0 0 0 0 0 0 0 0 0 0 0 0 0 0 0 0 0 0 0 0 0 0 0 0 0 0 0 0 0 0 0 0 0 0 0 0 0 0 0 0 0 0 0 0 0 0 0 0 0 0 0 0 0 0 0 0 0 0 0 0 0 0 0 0 0 0 0 0 0 0 0 0 0 0 0 0 0 0 0 0 0 0 0 0 0 0 0 0 0 0 0 0 0 0 0 0 0 0 0 0 0 0 0 0 0 0 0 0 0 0 0 0 0 0 0 0 0 0 0 0 0 0 0 0 0 0 0 0 0 0 0 0 0 0 0 0 0 0 0 0 0 0 0 0 0 0 0 0 0 0 0 0 0 0 0 0 0 0 0 0 0 0 0 0 0 0 0 0 0 0 0 0 0 0 0 0 0 0 0 0 0 0 0 0 0 0 0 0 0 0 0 0 0 0 0 0 0 0 0 0 0 0 0 0 0 0 0 0 0 0 0 0 0 0 0 0 0 0 0 0 0 0 0 0 0 0 0 0 0 0 0 0 0 0 0 0 0 0 0 0 0 0 0 0 0 0 0 0 0 0 0 0 0 0 0 0 0 0 0 0 0 0 0 0 0 0 0 0 0 0 0 0 0 0 0 0 0 0 0 0 0 0 0 0 0 0 0 0 0 0 0 0 0 0 0 0 0 0 0 0 0 0 0 0 0 0 0 0 0 0 0 0 0 0 0 0 0 0 0 0 0 0 0 0 0 0 0 0 0 0 0 0 0 0 0 0 0 0 0 0 0 0 0 0 0 0 0 0 0 0 0 0 0 0 0 0 0 0 0 0 0 0 0 0 0 0 0 0 0 0 0 0 0 0 0 0 0 0 0 0 0 0 0 0 0 0 0 0 0 0 0 0 0 0 0 0 0 0 0 0 0 0 0 0 0 0 0 0 0 0 0 0 0 0 0 0 0 0 0 0 0 0 0 0 0 0 0 0 0 0 0 0 0 0 0 0 0 0 0 0 0 0 0 0 0 0 0 0 0 0 0 0 0 0 0 0 0 0 0 0 0 0 0 0 0 0 0 0 0 0 0 0 0 0 0 0 0 0 0 0 0 0 0 0 0 0 0 0 0 0 0 0 0 0 0 0 0 0 0 0 0 0 0 0 0 0 0 0 0 0 0 0 0 0 0 0 0 0 0 0 0 0 0 0 0 0 0 0 0 0 0 0 0 0 0 0 0 0 0 0 0 0 0 0 0 0 0 0 0 0 0 0 0 0 0 0 0 0 0 0 0 0 0 0 0 0 0 0 0 0 0 0 0 0 0 0 0 0 0 0 0 0 0 0 0 0 0 0 0 0 0 0 0 0 0 0 0 0 0 0 0 0 0 0 0 0 0 0 0 0 0 0 0 0 0 0 0 0 0 0 0 0 0 0 0 0 0 0 0 0 0 0 0 0 0 0 0 0 0 0 0 0 0 0 0 0 0 0 0 0 0 0 0 0 0 0 0 0 0 0 0 0 0 0 0 0 0 0 0 0 0 0 0 0 0 0 0 0 0 0 0 0 0 0 0 0 0 0 0 0 0 0 0 0 0 0 0 0 0 0 0 0 0 0 0 0 0 0 0 0 0 0 0 0 0 0 0 0 0 0 0 0 0 0 0 0 0 0 0 0 0 0 0 0 0 0 0 0 0 0 0 0 0 0 0 0 0 0 0 0 0 0 0 0 0 0 0 0 0 0 0 0 0 0 0 0 0 0 0 0 0 0 0 0 0 0 0 0 0 0 0 0 0 0 0 0 0 0 0 0 0 0 0 0 0 0 0 0 0 0 0 0 0 0 0 0 0 0 0 0 0 0 0 0 0 0 0 0 0 0 0 0 0 0 0 0 0 0 0 0 0 0 0 0 0 0 0 0 0 0 0 0 0 0 0 0 0 0 0 0 0 0 0 0 0 0 0 0 0 0 0 0 0 0 0 0 0 0 0 0 0 0 0 0 0 0 0 0 0 0 0 0 0 0 0 0 0 0 0 0 0 0 0 0 0 0 0 0 0 0 0 0 0 0 0 0 0 0 0 0 0 0 0 0 0 0 0 0 0 0 0 0 0 0 0 0 0 0 0 0 0 0 0 0 0 0 0 0 0 0 0 0 0 0 0 0 0 0 0 0 0 0 0 0 0 0 0 0 0 0 0 0 0 0 0 0 0 0 0 0 0 0 0 0 0 0 0 0 0 0 0 0 0 0 0 0 0 0 0 0 0 0 0 0 0 0 0 0 0 0 0 0 0 0 0 0 0 0 0 0 0 0 0 0 0 0 0 0 0 0 0 0 0 0 0 0 0 0 0 0 0 0 0 0 0 0 0 0 0 0 0 0 0 0 0 0 0 0 0 0 0 0 0 0 0 0 0 0 0 0 0 0 0 0 0 0 0 0 0 0 0 0 0 0 0 0 0 0 0 0 0 0 0 0 0 0 0 0 0 0 0 0 0 0 0 0 0 0 0 0 0 0 0 0 0 0 0 0 0 0 0 0 0 0 0 0 0 0 0 0 0 0 0 0 0 0 0 0 0 0 0 0 0 0 0 0 0 0 0 0 0 0 0 0 0 0 0 0 0 0 0 0 0 0 0 0 0 0 0 0 0 0 0 0 0 0 0 0 0 0 0 0 0 0 0 0 0 0 0 0 0 0 0 0 0 0 0 0 0 0 0 0 0 0 0 0 0 0 0 0 0 0 0 0 0 0 0 0 0 0 0 0 0 0 0 0 0 0 0 0 0 0 0 0 0 0 0 0 0 0 0 0 0 0 0 0 0 0 0 0 0 0 0 0 0 0 0 0 0 0 0 0 0 0 0 0 0 0 0 0 0 0 0 0 0 0 0 0 0 0 0 0 0 0 0 0 0 0 0 0 0 0 0 0 0 0 0 0 0 0 0 0 0 0 0 0 0 0 0 0 0 0 0 0 0 0 0 0 0 0 0 0 0 0 0 0 0 0 0 0 0 0 0 0 0 0 0 0 0 0 0 0 0 0 0 0 0 0 0 0 0 0 0 0 0 0 0 0 0 0 0 0 0 0 0 0 0 0 0 0 0 0 0 0 0 0 0 0 0 0 0 0 0 0 0 0 0 0 0 0 0 0 0 0 0 0 0 0 0 0 0 0 0 0 0 0 0 0 0 0 0 0 0 0 0 0 0 0 0 0 0 0 0 0 0 0 0 0 0 0 0 0 0 0 0 0 0 0 0 0 0 0 0 0 0 0 0 0 0 0 0 0 0 0 0 0 0 0 0 0 0 0 0 0 0 0 0 0 0 0 0 0 0 0 0 0 0 0 0 0 0 0 0 0 0 0 0 0 0 0 0 0 0 0 0 0 0 0 0 0 0 0 0 0 0 0 0 0 0 0 0 0 0 0 0 0 0 0 0 0 0 0 0 0 0 0 0 0 0 0 0 0 0 0 0 0 0 0 0 0 0 0 0 0 0 0 0 0 0 0 0 0 0 0 0 0 0 0 0 0 0 0 0 0 0 0 0 0 0 0 0 0 0 0 0 0 0 0 0 0 0 0 0 0 0 0 0 0 0 0 0 0 0 0 0 0 0 0 0 0 0 0 0 0 0 0 0 0 0 0 0 0 0 0 0 0 0 0 0 0 0 0 0 0 0 0 0 0 0 0 0 0 0 0 0 0 0 0 0 0 0 0 0 0 0 0 0 0 0 0 0 0 0 0 0 0 0 0 0 0 0 0 0 0 0 0 0 0 0 0 0 0 0 0 0 0 0 0 0 0 0 0 0 0 0 0 0 0 0 0 0 0 0 0 0 0 0 0 0 0 0 0 0 0 0 0 0 0 0 0 0 0 0 0 0 0 0 0 0 0 0 0 0 0 0 0 0 0 0 0 0 0 0 0 0 0 0 0 0 0 0 0 0 0 0 0 0 0 0 0 0 0 0 0 0 0 0 0 0 0 0 0 0 0 0 0 0 0 0 0 0 0 0 0 0 0 0 0 0 0 0 0 0 0 0 0 0 0 0 0 0 0 0 0 0 0 0 0 0 0 0 0 0 0 0 0 0 0 0 0 0 0 0 0 0 0 0 0 0 0 0 0 0 0 0 0 0 0 0 0 0 0 0 0 0 0 0 0 0 0 0 0 0 0 0 0 0 0 0 0 0 0 0 0 0 0 0 0 0 0 0 0 0 0 0 0 0 0 0 0 0 0 0 0 0 0 0 0 0 0 0 0 0 0 0 0 0 0 0 0 0 0 0 0 0 0 0 0 0 0 0 0 0 0 0 0 0 0 0 0 0 0 0 0 0 0 0 0 0 0 0 0 0 0 0 0 0 0 0 0 0 0 0 0 0 0 0 0 0 0 0 0 0 0 0 0 0 0 0 0 0 0 0 0 0 0 0 0 0 0 0 0 0 0 0 0 0 0 0 0 0 0 0 0 0 0 0 0 0 0 0 0 0 0 0 0 0 0 0 0 0 0 0 0 0 0 0 0 0 0 0 0 0 0 0 0 0 0 0 0 0 0 0 0 0 0 0 0 0 0 0 0 0 0 0 0 0 0 0 0 0 0 0 0 0 0 0 0 0 0 0 0 0 0 0 0 0 0 0 0 0 0 0 0 0 0 0 0 0 0 0 0 0 0 0 0 0 0 0 0 0 0 0 0 0 0 0 0 0 0 0 0 0 0 0 0 0 0 0 0 0 0 0 0 0 0 0 0 0 0 0 0 0 0 0 0 0 0 0 0 0 0 0 0 0 0 0 0 0 0 0 0 0 0 0 0 0 0 0 0 0 0 0 0 0 0 0 0 0 0 0 0 0 0 0 0 0 0 0 0 0 0 0 0 0 0 0 0 0 0 0 0 0 0 0 0 0 0 0 0 0 0 0 0 0 0 0 0 0 0 0 0 0 0 0 0 0 0 0 0 0 0 0 0 0 0 0 0 0 0 0 0 0 0 0 0 0 0 0 0 0 0 0 0 0 0 0 0 0 0 0 0 0 0 0 0 0 0 0 0 0 0 0 0 0 0 0 0 0 0 0 0 0 0 0 0 0 0 0 0 0 0 0 0 0 0 0 0 0 0 0 0 0 0 0 0 0 0 0 0 0 0 0 0 0 0 0 0 0 0 0 0 0 0 0 0 0 0 0 0 0 0 0 0 0 0 0 0 0 0 0 0 0 0 0 0 0 0 0 0 0 0 0 0 0 0 0 0 0 0 0 0 0 0 0 0 0 0 0 0 0 0 0 0 0 0 0 0 0 0 0 0 0 0 0 0 0 0 0 0 0 0 0 0 0 0 0 0 0 0 0 0 0 0 0 0 0 0 0 0 0 0 0 0 0 0 0 0 0 0 0 0 0 0 0 0 0 0 0 0 0 0 0 0 0 0 0 0 0 0 0 0 0 0 0 0 0 0 0 0 0 0 0 0 0 0 0 0 0 0 0 0 0 0 0 0 0 0 0 0 0 0 0 0 0 0 0 0 0 0 0 0 0 0 0 0 0 0 0 0 0 0 0 0 0 0 0 0 0 0 0 0 0 0 0 0 0 0 0 0 0 0 0 0 0 0 0 0 0 0 0 0 0 0 0 0 0 0 0 0 0 0 0 0 0 0 0 0 0 0 0 0 0 0 0 0 0 0 0 0 0 0 0 0 0 0 0 0 0 0 0 0 0 0 0 0 0 0 0 0 0 0 0 0 0 0 0 0 0 0 0 0 0 0 0 0 0 0 0 0 0 0 0 0 0 0 0 0 0 0 0 0 0 0 0 0 0 0 0 0 0 0 0 0 0 0 0 0 0 0 0 0 0 0 0 0 0 0 0 0 0 0 0 0 0 0 0 0 0 0 0 0 0 0 0 0 0 0 0 0 0 0 0 0 0 0 0 0 0 0 0 0 0 0 0 0 0 0 0 0 0 0 0 0 0 0 0 0 0 0 0 0 0 0 0 0 0 0 0 0 0 0 0 0 0 0 0 0 0 0 0 0 0 0 0 0 0 0 0 0 0 0 0 0 0 0 0 0 0 0 0 0 0 0 0 0 0 0 0 0 0 0 0 0 0 0 0 0 0 0 0 0 0 0 0 0 0 0 0 0 0 0 0 0 0 0 0 0 0 0 0 0 0 0 0 0 0 0 0 0 0 0 0 0 0 0 0 0 0 0 0 0 0 0 0 0 0 0 0 0 0 0 0 0 0 0 0 0 0 0 0 0 0 0 0 0 0 0 0 0 0 0 0 0 0 0 0 0 0 0 0 0 0 0 0 0 0 0 0 0 0 0 0 0 0 0 0 0 0 0 0 0 0 0 0 0 0 0 0 0 0 0 0 0 0 0 0 0 0 0 0 0 0 0 0 0 0 0 0 0 0 0 0 0 0 0 0 0 0 0 0 0 0 0 0 0 0 0 0 0 0 0 0 0 0 0 0 0 0 0 0 0 0 0 0 0 0 0 0 0 0 0 0 0 0 0 0 0 0 0 0 0 0 0 0 0 0 0 0 0 0 0 0 0 0 0 0 0 0 0 0 0 0 0 0 0 0 0 0 0 0 0 0 0 0 0 0 0 0 0 0 0 0 0 0 0 0 0 0 0 0 0 0 0 0 0 0 0 0 0 0 0 0 0 0 0 0 0 0 0 0 0 0 0 0 0 0 0 0 0 0 0 0 0 0 0 0 0 0 0 0 0 0 0 0 0 0 0 0 0 0 0 0 0 0 0 0 0 0 0 0 0 0 0 0 0 0 0 0 0 0 0 0 0 0 0 0 0 0 0 0 0 0 0 0 0 0 0 0 0 0 0 0 0 0 0 0 0 0 0 0 0 0 0 0 0 0 0 0 0 0 0 0 0 0 0 0 0 0 0 0 0 0 0 0 0 0 0 0 0 0 0 0 0 0 0 0 0 0 0 0 0 0 0 0 0 0 0 0 0 0 0 0 0 0 0 0 0 0 0 0 0 0 0 0 0 0 0 0 0 0 0 0 0 0 0 0 0 0 0 0 0 0 0 0 0 0 0 0 0 0 0 0 0 0 0 0 0 0 0 0 0 0 0 0 0 0 0 0 0 0 0 0 0 0 0 0 0 0 0 0 0 0 0 0 0 0 0 0 0 0 0 0 0 0 0 0 0 0 0 0 0 0 0 0 0 0 0 0 0 0 0 0 0 0 0 0 0 0 0 0 0 0 0 0 0 0 0 0 0 0 0 0 0 0 0 0 0 0 0 0 0 0 0 0 0 0 0 0 0 0 0 0 0 0 0 0 0 0 0 0 0 0 0 0 0 0 0 0 0 0 0 0 0 0 0 0 0 0 0 0 0 0 0 0 0 0 0 0 0 0 0 0 0 0 0 0 0 0 0 0 0 0 0 0 0 0 0 0 0 0 0 0 0 0 0 0 0 0 0 0 0 0 0 0 0 0 0 0 0 0 0 0 0 0 0 0 0 0 0 0 0 0 0 0 0 0 0 0 0 0 0 0 0 0 0 0 0 0 0 0 0 0 0 0 0 0 0 0 0 0 0 0 0 0 0 0 0 0 0 0 0 0 0 0 0 0 0 0 0 0 0 0 0 0 0 0 0 0 0 0 0 0 0 0 0 0 0 0 0 0 0 0 0 0 0 0 0 0 0 0 0 0 0 0 0 0 0 0 0 0 0 0 0 0 0 0 0 0 0 0 0 0 0 0 0 0 0 0 0 0 0 0 0 0 0 0 0 0 0 0 0 0 0 0 0 0 0 0 0 0 0 0 0 0 0 0 0 0 0 0 0 0 0 0 0 0 0 0 0 0 0 0 0 0 0 0 0 0 0 0 0 0 0 0 0 0 0 0 0 0 0 0 0 0 0 0 0 0 0 0 0 0 0 0 0 0 0 0 0 0 0 0 0 0 0 0 0 0 0 0 0 0 0 0 0 0 0 0 0 0 0 0 0 0 0 0 0 0 0 0 0 0 0 0 0 0 0 0 0 0 0 0 0 0 0 0 0 0 0 0 0 0 0 0 0 0 0 0 0 0 0 0 0 0 0 0 0 0 0 0 0 0 0 0 0 0 0 0 0 0 0 0 0 0 0 0 0 0 0 0 0 0 0 0 0 0 0 0 0 0 0 0 0 0 0 0 0 0 0 0 0 0 0 0 0 0 0 0 0 0 0 0 0 0 0 0 0 0 0 0 0 0 0 0 0 0 0 0 0 0 0 0 0 0 0 0 0 0 0 0 0 0 0 0 0 0 0 0 0 0 0 0 0 0 0 0 0 0 0 0 0 0 0 0 0 0 0 0 0 0 0 0 0 0 0 0 0 0 0 0 0 0 0 0 0 0 0 0 0 0 0 0 0 0 0 0 0 0 0 0 0 0 0 0 0 0 0 0 0 0 0 0 0 0 0 0 0 0 0 0 0 0 0 0 0 0 0 0 0 0 0 0 0 0 0 0 0 0 0 0 0 0 0 0 0 0 0 0 0 0 0 0 0 0 0 0 0 0 0 0 0 0 0 0 0 0 0 0 0 0 0 0 0 0 0 0 0 0 0 0 0 0 0 0 0 0 0 0 0 0 0 0 0 0 0 0 0 0 0 0 0 0 0 0 0 0 0 0 0 0 0 0 0 0 0 0 0 0 0 0 0 0 0 0 0 0 0 0 0 0 0 0 0 0 0 0 0 0 0 0 0 0 0 0 0 0 0 0 0 0 0 0 0 0 0 0 0 0 0 0 0 0 0 0 0 0 0 0 0 0 0 0 0 0 0 0 0 0 0 0 0 0 0 0 0 0 0 0 0 0 0 0 0 0 0 0 0 0 0 0 0 0 0 0 0 0 0 0 0 0 0 0 0 0 0 0 0 0 0 0 0 0 0 0 0 0 0 0 0 0 0 0 0 0 0 0 0 0 0 0 0 0 0 0 0 0 0 0 0 0 0 0 0 0 0 0 0 0 0 0 0 0 0 0 0 0 0 0 0 0 0 0 0 0 0 0 0 0 0 0 0 0 0 0 0 0 0 0 0 0 0 0 0 0 0 0 0 0 0 0 0 0 0 0 0 0 0 0 0 0 0 0 0 0 0 0 0 0 0 0 0 0 0 0 0 0 0 0 0 0 0 0 0 0 0 0 0 0 0 0 0 0 0 0 0 0 0 0 0 0 0 0 0 0 0 0 0 0 0 0 0 0 0 0 0 0 0 0 0 0 0 0 0 0 0 0 0 0 0 0 0 0 0 0 0 0 0 0 0 0 0 0 0 0 0 0 0 0 0 0 0 0 0 0 0 0 0 0 0 0 0 0 0 0 0 0 0 0 0 0 0 0 0 0 0 0 0 0 0 0 0 0 0 0 0 0 0 0 0 0 0 0 0 0 0 0 0 0 0 0 0 0 0 0 0 0 0 0 0 0 0 0 0 0 0 0 0 0 0 0 0 0 0 0 0 0 0 0 0 0 0 0 0 0 0 0 0 0 0 0 0 0 0 0 0 0 0 0 0 0 0 0 0 0 0 0 0 0 0 0 0 0 0 0 0 0 0 0 0 0 0 0 0 0 0 0 0 0 0 0 0 0 0 0 0 0 0 0 0 0 0 0 0 0 0 0 0 0 0 0 0 0 0 0 0 0 0 0 0 0 0 0 0 0 0 0 0 0 0 0 0 0 0 0 0 0 0 0 0 0 0 0 0 0 0 0 0 0 0 0 0 0 0 0 0 0 0 0 0 0 0 0 0 0 0 0 0 0 0 0 0 0 0 0 0 0 0 0 0 0 0 0 0 0 0 0 0 0 0 0 0 0 0 0 0 0 0 0 0 0 0 0 0 0 0 0 0 0 0 0 0 0 0 0 0 0 0 0 0 0 0 0 0 0 0 0 0 0 0 0 0 0 0 0 0 0 0 0 0 0 0 0 0 0 0 0 0 0 0 0 0 0 0 0 0 0 0 0 0 0 0 0 0 0 0 0 0 0 0 0 0 0 0 0 0 0 0 0 0 0 0 0 0 0 0 0 0 0 0 0 0 0 0 0 0 0 0 0 0 0 0 0 0 0 0 0 0 0 0 0 0 0 0 0 0 0 0 0 0 0 0 0 0 0 0 0 0 0 0 0 0 0 0 0 0 0 0 0 0 0 0 0 0 0 0 0 0 0 0 0 0 0 0 0 0 0 0 0 0 0 0 0 0 0 0 0 0 0 0 0 0 0 0 0 0 0 0 0 0 0 0 0 0 0 0 0 0 0 0 0 0 0 0 0 0 0 0 0 0 0 0 0 0 0 0 0 0 0 0 0 0 0 0 0 0 0 0 0 0 0 0 0 0 0 0 0 0 0 0 0 0 0 0 0 0 0 0 0 0 0 0 0 0 0 0 0 0 0 0 0 0 0 0 0 0 0 0 0 0 0 0 0 0 0 0 0 0 0 0 0 0 0 0 0 0 0 0 0 0 0 0 0 0 0 0 0 0 0 0 0 0 0 0 0 0 0 0 0 0 0 0 0 0 0 0 0 0 0 0 0 0 0 0 0 0 0 0 0 0 0 0 0 0 0 0 0 0 0 0 0 0 0 0 0 0 0 0 0 0 0 0 0 0 0 0 0 0 0 0 0 0 0 0 0 0 0 0 0 0 0 0 0 0 0 0 0 0 0 0 0 0 0 0 0 0 0 0 0 0 0 0 0 0 0 0 0 0 0 0 0 0 0 0 0 0 0 0 0 0 0 0 0 0 0 0 0 0 0 0 0 0 0 0 0 0 0 0 0 0 0 0 0 0 0 0 0 0 0 0 0 0 0 0 0 0 0 0 0 0 0 0 0 0 0 0 0 0 0 0 0 0 0 0 0 0 0 0 0 0 0 0 0 0 0 0 0 0 0 0 0 0 0 0 0 0 0 0 0 0 0 0 0 0 0 0 0 0 0 0 0 0 0 0 0 0 0 0 0 0 0 0 0 0 0 0 0 0 0 0 0 0 0 0 0 0 0 0 0 0 0 0 0 0 0 0 0 0 0 0 0 0 0 0 0 0 0 0 0 0 0 0 0 0 0 0 0 0 0 0 0 0 0 0 0 0 0 0 0 0 0 0 0 0 0 0 0 0 0 0 0 0 0 0 0 0 0 0 0 0 0 0 0 0 0 0 0 0 0 0 0 0 0 0 0 0 0 0 0 0 0 0 0 0 0 0 0 0 0 0 0 0 0 0 0 0 0 0 0 0 0 0 0 0 0 0 0 0 0 0 0 0 0 0 0 0 0 0 0 0 0 0 0 0 0 0 0 0 0 0 0 0 0 0 0 0 0 0 0 0 0 0 0 0 0 0 0 0 0 0 0 0 0 0 0 0 0 0 0 0 0 0 0 0 0 0 0 0 0 0 0 0 0 0 0 0 0 0 0 0 0 0 0 0 0 0 0 0 0 0 0 0 0 0 0 0 0 0 0 0 0 0 0 0 0 0 0 0 0 0 0 0 0 0 0 0 0 0 0 0 0 0 0 0 0 0 0 0 0 0 0 0 0 0 0 0 0 0 0 0 0 0 0 0 0 0 0 0 0 0 0 0 0 0 0 0 0 0 0 0 0 0 0 0 0 0 0 0 0 0 0 0 0 0 0 0 0 0 0 0 0 0 0 0 0 0 0 0 0 0 0 0 0 0 0 0 0 0 0 0 0 0 0 0 0 0 0 0 0 0 0 0 0 0 0 0 0 0 0 0 0 0 0 0 0 0 0 0 0 0 0 0 0 0 0 0 0 0 0 0 0 0 0 0 0 0 0 0 0 0 0 0 0 0 0 0 0 0 0 0 0 0 0 0 0 0 0 0 0 0 0 0 0 0 0 0 0 0 0 0 0 0 0 0 0 0 0 0 0 0 0 0 0 0 0 0 0 0 0 0 0 0 0 0 0 0 0 0 0 0 0 0 0 0 0 0 0 0 0 0 0 0 0 0 0 0 0 0 0 0 0 0 0 0 0 0 0 0 0 0 0 0 0 0 0 0 0 0 0 0 0 0 0 0 0 0 0 0 0 0 0 0 0 0 0 0 0 0 0 0 0 0 0 0 0 0 0 0 0 0 0 0 0 0 0 0 0 0 0 0 0 0 0 0 0 0 0 0 0 0 0 0 0 0 0 0 0 0 0 0 0 0 0 0 0 0 0 0 0 0 0 0 0 0 0 0 0 0 0 0 0 0 0 0 0 0 0 0 0 0 0 0 0 0 0 0 0 0 0 0 0 0 0 0 0 0 0 0 0 0 0 0 0 0 0 0 0 0 0 0 0 0 0 0 0 0 0 0 0 0 0 0 0 0 0 0 0 0 0 0 0 0 0 0 0 0 0 0 0 0 0 0 0 0 0 0 0 0 0 0 0 0 0 0 0 0 0 0 0 0 0 0 0 0 0 0 0 0 0 0 0 0 0 0 0 0 0 0 0 0 0 0 0 0 0 0 0 0 0 0 0 0 0 0 0 0 0 0 0 0 0 0 0 0 0 0 0 0 0 0 0 0 0 0 0 0 0 0 0 0 0 0 0 0 0 0 0 0 0 0 0 0 0 0 0 0 0 0 0 0 0 0 0 0 0 0 0 0 0 0 0 0 0 0 0 0 0 0 0 0 0 0 0 0 0 0 0 0 0 0 0 0 0 0 0 0 0 0 0 0 0 0 0 0 0 0 0 0 0 0 0 0 0 0 0 0 0 0 0 0 0 0 0 0 0 0 0 0 0 0 0 0 0 0 0 0 0 0 0 0 0 0 0 0 0 0 0 0 0 0 0 0 0 0 0 0 0 0 0 0 0 0 0 0 0 0 0 0 0 0 0 0 0 0 0 0 0 0 0 0 0 0 0 0 0 0 0 0 0 0 0 0 0 0 0 0 0 0 0 0 0 0 0 0 0 0 0 0 0 0 0 0 0 0 0 0 0 0 0 0 0 0 0 0 0 0 0 0 0 0 0 0 0 0 0 0 0 0 0 0 0 0 0 0 0 0 0 0 0 0 0 0 0 0 0 0 0 0 0 0 0 0 0 0 0 0 0 0 0 0 0 0 0 0 0 0 0 0 0 0 0 0 0 0 0 0 0 0 0 0 0 0 0 0 0 0 0 0 0 0 0 0 0 0 0 0 0 0 0 0 0 0 0 0 0 0 0 0 0 0 0 0 0 0 0 0 0 0 0 0 0 0 0 0 0 0 0 0 0 0 0 0 0 0 0 0 0 0 0 0 0 0 0 0 0 0 0 0 0 0 0 0 0 0 0 0 0 0 0 0 0 0 0 0 0 0 0 0 0 0 0 0 0 0 0 0 0 0 0 0 0 0 0 0 0 0 0 0 0 0 0 0 0 0 0 0 0 0 0 0 0 0 0 0 0 0 0 0 0 0 0 0 0 0 0 0 0 0 0 0 0 0 0 0 0 0 0 0 0 0 0 0 0 0 0 0 0 0 0 0 0 0 0 0 0 0 0 0 0 0 0 0 0 0 0 0 0 0 0 0 0 0 0 0 0 0 0 0 0 0 0 0 0 0 0 0 0 0 0 0 0 0 0 0 0 0 0 0 0 0 0 0 0 0 0 0 0 0 0 0 0 0 0 0 0 0 0 0 0 0 0 0 0 0 0 0 0 0 0 0 0 0 0 0 0 0 0 0 0 0 0 0 0 0 0 0 0 0 0 0 0 0 0 0 0 0 0 0 0 0 0 0 0 0 0 0 0 0 0 0 0 0 0 0 0 0 0 0 0 0 0 0 0 0 0 0 0 0 0 0 0 0 0 0 0 0 0 0 0 0 0 0 0 0 0 0 0 0 0 0 0 0 0 0 0 0 0 0 0 0 0 0 0 0 0 0 0 0 0 0 0 0 0 0 0 0 0 0 0 0 0 0 0 0 0 0 0 0 0 0 0 0 0 0 0 0 0 0 0 0 0 0 0 0 0 0 0 0 0 0 0 0 0 0 0 0 0 0 0 0 0 0 0 0 0 0 0 0 0 0 0 0 0 0 0 0 0 0 0 0 0 0 0 0 0 0 0 0 0 0 0 0 0 0 0 0 0 0 0 0 0 0 0 0 0 0 0 0 0 0 0 0 0 0 0 0 0 0 0 0 0 0 0 0 0 0 0 0 0 0 0 0 0 0 0 0 0 0 0 0 0 0 0 0 0 0 0 0 0 0 0 0 0 0 0 0 0 0 0 0 0 0 0 0 0 0 0 0 0 0 0 0 0 0 0 0 0 0 0 0 0 0 0 0 0 0 0 0 0 0 0 0 0 0 0 0 0 0 0 0 0 0 0 0 0 0 0 0 0 0 0 0 0 0 0 0 0 0 0 0 0 0 0 0 0 0 0 0 0 0 0 0 0 0 0 0 0 0 0 0 0 0 0 0 0 0 0 0 0 0 0 0 0 0 0 0 0 0 0 0 0 0 0 0 0 0 0 0 0 0 0 0 0 0 0 0 0 0 0 0 0 0 0 0 0 0 0 0 0 0 0 0 0 0 0 0 0 0 0 0 0 0 0 0 0 0 0 0 0 0 0 0 0 0 0 0 0 0 0 0 0 0 0 0 0 0 0 0 0 0 0 0 0 0 0 0 0 0 0 0 0 0 0 0 0 0 0 0 0 0 0 0 0 0 0 0 0 0 0 0 0 0 0 0 0 0 0 0 0 0 0 0 0 0 0 0 0 0 0 0 0 0 0 0 0 0 0 0 0 0 0 0 0 0 0 0 0 0 0 0 0 0 0 0 0 0 0 0 0 0 0 0 0 0 0 0 0 0 0 0 0 0 0 0 0 0 0 0 0 0 0 0 0 0 0 0 0 0 0 0 0 0 0 0 0 0 0 0 0 0 0 0 0 0 0 0 0 0 0 0 0 0 0 0 0 0 0 0 0 0 0 0 0 0 0 0 0 0 0 0 0 0 0 0 0 0 0 0 0 0 0 0 0 0 0 0 0 0 0 0 0 0 0 0 0 0 0 0 0 0 0 0 0 0 0 0 0 0 0 0 0 0 0 0 0 0 0 0 0 0 0 0 0 0 0 0 0 0 0 0 0 0 0 0 0 0 0 0 0 0 0 0 0 0 0 0 0 0 0 0 0 0 0 0 0 0 0 0 0 0 0 0 0 0 0 0 0 0 0 0 0 0 0 0 0 0 0 0 0 0 0 0 0 0 0 0 0 0 0 0 0 0 0 0 0 0 0 0 0 0 0 0 0 0 0 0 0 0 0 0 0 0 0 0 0 0 0 0 0 0 0 0 0 0 0 0 0 0 0 0 0 0 0 0 0 0 0 0 0 0 0 0 0 0 0 0 0 0 0 0 0 0 0 0 0 0 0 0 0 0 0 0 0 0 0 0 0 0 0 0 0 0 0 0 0 0 0 0 0 0 0 0 0 0 0 0 0 0 0 0 0 0 0 0 0 0 0 0 0 0 0 0 0 0 0 0 0 0 0 0 0 0 0 0 0 0 0 0 0 0 0 0 0 0 0 0 0 0 0 0 0 0 0 0 0 0 0 0 0 0 0 0 0 0 0 0 0 0 0 0 0 0 0 0 0 0 0 0 0 0 0 0 0 0 0 0 0 0 0 0 0 0 0 0 0 0 0 0 0 0 0 0 0 0 0 0 0 0 0 0 0 0 0 0 0 0 0 0 0 0 0 0 0 0 0 0 0 0 0 0 0 0 0 0 0 0 0 0 0 0 0 0 0 0 0 0 0 0 0 0 0 0 0 0 0 0 0 0 0 0 0 0 0 0 0 0 0 0 0 0 0 0 0 0 0 0 0 0 0 0 0 0 0 0 0 0 0 0 0 0 0 0 0 0 0 0 0 0 0 0 0 0 0 0 0 0 0 0 0 0 0 0 0 0 0 0 0 0 0 0 0 0 0 0 0 0 0 0 0 0 0 0 0 0 0 0 0 0 0 0 0 0 0 0 0 0 0 0 0 0 0 0 0 0 0 0 0 0 0 0 0 0 0 0 0 0 0 0 0 0 0 0 0 0 0 0 0 0 0 0 0 0 0 0 0 0 0 0 0 0 0 0 0 0 0 0 0 0 0 0 0 0 0 0 0 0 0 0 0 0 0 0 0 0 0 0 0 0 0 0 0 0 0 0 0 0 0 0 0 0 0 0 0 0 0 0 0 0 0 0 0 0 0 0 0 0 0 0 0 0 0 0 0 0 0 0 0 0 0 0 0 0 0 0 0 0 0 0 0 0 0 0 0 0 0 0 0 0 0 0 0 0 0 0 0 0 0 0 0 0 0 0 0 0 0 0 0 0 0 0 0 0 0 0 0 0 0 0 0 0 0 0 0 0 0 0 0 0 0 0 0 0 0 0 0 0 0 0 0 0 0 0 0 0 0 0 0 0 0 0 0 0 0 0 0 0 0 0 0 0 0 0 0 0 0 0 0 0 0 0 0 0 0 0 0 0 0 0 0 0 0 0 0 0 0 0 0 0 0 0 0 0 0 0 0 0 0 0 0 0 0 0 0 0 0 0 0 0 0 0 0 0 0 0 0 0 0 0 0 0 0 0 0 0 0 0 0 0 0 0 0 0 0 0 0 0 0 0 0 0 0 0 0 0 0 0 0 0 0 0 0 0 0 0 0 0 0 0 0 0 0 0 0 0 0 0 0 0 0 0 0 0 0 0 0 0 0 0 0 0 0 0 0 0 0 0 0 0 0 0 0 0 0 0 0 0 0 0 0 0 0 0 0 0 0 0 0 0 0 0 0 0 0 0 0 0 0 0 0 0 0 0 0 0 0 0 0 0 0 0 0 0 0 0 0 0 0 0 0 0 0 0 0 0 0 0 0 0 0 0 0 0 0 0 0 0 0 0 0 0 0 0 0 0 0 0 0 0 0 0 0 0 0 0 0 0 0 0 0 0 0 0 0 0 0 0 0 0 0 0 0 0 0 0 0 0 0 0 0 0 0 0 0 0 0 0 0 0 0 0 0 0 0 0 0 0 0 0 0 0 0 0 0 0 0 0 0 0 0 0 0 0 0 0 0 0 0 0 0 0 0 0 0 0 0 0 0 0 0 0 0 0 0 0 0 0 0 0 0 0 0 0 0 0 0 0 0 0 0 0 0 0 0 0 0 0 0 0 0 0 0 0 0 0 0 0 0 0 0 0 0 0 0 0 0 0 0 0 0 0 0 0 0 0 0 0 0 0 0 0 0 0 0 0 0 0 0 0 0 0 0 0 0 0 0 0 0 0 0 0 0 0 0 0 0 0 0 0 0 0 0 0 0 0 0 0 0 0 0 0 0 0 0 0 0 0 0 0 0 0 0 0 0 0 0 0 0 0 0 0 0 0 0 0 0 0 0 0 0 0 0 0 0 0 0 0 0 0 0 0 0 0 0 0 0 0 0 0 0 0 0 0 0 0 0 0 0 0 0 0 0 0 0 0 0 0 0 0 0 0 0 0 0 0 0 0 0 0 0 0 0 0 0 0 0 0 0 0 0 0 0 0 0 0 0 0 0 0 0 0 0 0 0 0 0 0 0 0 0 0 0 0 0 0 0 0 0 0 0 0 0 0 0 0 0 0 0 0 0 0 0 0 0 0 0 0 0 0 0 0 0 0 0 0 0 0 0 0 0 0 0 0 0 0 0 0 0 0 0 0 0 0 0 0 0 0 0 0 0 0 0 0 0 0 0 0 0 0 0 0 0 0 0 0 0 0 0 0 0 0 0 0 0 0 0 0 0 0 0 0 0 0 0 0 0 0 0 0 0 0 0 0 0 0 0 0 0 0 0 0 0 0 0 0 0 0 0 0 0 0 0 0 0 0 0 0 0 0 0 0 0 0 0 0 0 0 0 0 0 0 0 0 0 0 0 0 0 0 0 0 0 0 0 0 0 0 0 0 0 0 0 0 0 0 0 0 0 0 0 0 0 0 0 0 0 0 0 0 0 0 0 0 0 0 0 0 0 0 0 0 0 0 0 0 0 0 0 0 0 0 0 0 0 0 0 0 0 0 0 0 0 0 0 0 0 0 0 0 0 0 0 0 0 0 0 0 0 0 0 0 0 0 0 0 0 0 0 0 0 0 0 0 0 0 0 0 0 0 0 0 0 0 0 0 0 0 0 0 0 0 0 0 0 0 0 0 0 0 0 0 0 0 0 0 0 0 0 0 0 0 0 0 0 0 0 0 0 0 0 0 0 0 0 0 0 0 0 0 0 0 0 0 0 0 0 0 0 0 0 0 0 0 0 0 0 0 0 0 0 0 0 0 0 0 0 0 0 0 0 0 0 0 0 0 0 0 0 0 0 0 0 0 0 0 0 0 0 0 0 0 0 0 0 0 0 0 0 0 0 0 0 0 0 0 0 0 0 0 0 0 0 0 0 0 0 0 0 0 0 0 0 0 0 0 0 0 0 0 0 0 0 0 0 0 0 0 0 0 0 0 0 0 0 0 0 0 0 0 0 0 0 0 0 0 0 0 0 0 0 0 0 0 0 0 0 0 0 0 0 0 0 0 0 0 0 0 0 0 0 0 0 0 0 0 0 0 0 0 0 0 0 0 0 0 0 0 0 0 0 0 0 0 0 0 0 0 0 0 0 0 0 0 0 0 0 0 0 0 0 0 0 0 0 0 0 0 0 0 0 0 0 0 0 0 0 0 0 0 0 0 0 0 0 0 0 0 0 0 0 0 0 0 0 0 0 0 0 0 0 0 0 0 0 0 0 0 0 0 0 0 0 0 0 0 0 0 0 0 0 0 0 0 0 0 0 0 0 0 0 0 0 0 0 0 0 0 0 0 0 0 0 0 0 0 0 0 0 0 0 0 0 0 0 0 0 0 0 0 0 0 0 0 0 0 0 0 0 0 0 0 0 0 0 0 0 0 0 0 0 0 0 0 0 0 0 0 0 0 0 0 0 0 0 0 0 0 0 0 0 0 0 0 0 0 0 0 0 0 0 0 0 0 0 0 0 0 0 0 0 0 0 0 0 0 0 0 0 0 0 0 0 0 0 0 0 0 0 0 0 0 0 0 0 0 0 0 0 0 0 0 0 0 0 0 0 0 0 0 0 0 0 0 0 0 0 0 0 0 0 0 0 0 0 0 0 0 0 0 0 0 0 0 0 0 0 0 0 0 0 0 0 0 0 0 0 0 0 0 0 0 0 0 0 0 0 0 0 0 0 0 0 0 0 0 0 0 0 0 0 0 0 0 0 0 0 0 0 0 0 0 0 0 0 0 0 0 0 0 0 0 0 0 0 0 0 0 0 0 0 0 0 0 0 0 0 0 0 0 0 0 0 0 0 0 0 0 0 0 0 0 0 0 0 0 0 0 0 0 0 0 0 0 0 0 0 0 0 0 0 0 0 0 0 0 0 0 0 0 0 0 0 0 0 0 0 0 0 0 0 0 0 0 0 0 0 0 0 0 0 0 0 0 0 0 0 0 0 0 0 0 0 0 0 0 0 0 0 0 0 0 0 0 0 0 0 0 0 0 0 0 0 0 0 0 0 0 0 0 0 0 0 0 0 0 0 0 0 0 0 0 0 0 0 0 0 0 0 0 0 0 0 0 0 0 0 0 0 0 0 0 0 0 0 0 0 0 0 0 0 0 0 0 0 0 0 0 0 0 0 0 0 0 0 0 0 0 0 0 0 0 0 0 0 0 0 0 0 0 0 0 0 0 0 0 0 0 0 0 0 0 0 0 0 0 0 0 0 0 0 0 0 0 0 0 0 0 0 0 0 0 0 0 0 0 0 0 0 0 0 0 0 0 0 0 0 0 0 0 0 0 0 0 0 0 0 0 0 0 0 0 0 0 0 0 0 0 0 0 0 0 0 0 0 0 0 0 0 0 0 0 0 0 0 0 0 0 0 0 0 0 0 0 0 0 0 0 0 0 0 0 0 0 0 0 0 0 0 0 0 0 0 0 0 0 0 0 0 0 0 0 0 0 0 0 0 0 0 0 0 0 0 0 0 0 0 0 0 0 0 0 0 0 0 0 0 0 0 0 0 0 0 0 0 0 0 0 0 0 0 0 0 0 0 0 0 0 0 0 0 0 0 0 0 0 0 0 0 0 0 0 0 0 0 0 0 0 0 0 0 0 0 0 0 0 0 0 0 0 0 0 0 0 0 0 0 0 0 0 0 0 0 0 0 0 0 0 0 0 0 0 0 0 0 0 0 0 0 0 0 0 0 0 0 0 0 0 0 0 0 0 0 0 0 0 0 0 0 0 0 0 0 0 0 0 0 0 0 0 0 0 0 0 0 0 0 0 0 0 0 0 0 0 0 0 0 0 0 0 0 0 0 0 0 0 0 0 0 0 0 0 0 0 0 0 0 0 0 0 0 0 0 0 0 0 0 0 0 0 0 0 0 0 0 0 0 0 0 0 0 0 0 0 0 0 0 0 0 0 0 0 0 0 0 0 0 0 0 0 0 0 0 0 0 0 0 0 0 0 0 0 0 0 0 0 0 0 0 0 0 0 0 0 0 0 0 0 0 0 0 0 0 0 0 0 0 0 0 0 0 0 0 0 0 0 0 0 0 0 0 0 0 0 0 0 0 0 0 0 0 0 0 0 0 0 0 0 0 0 0 0 0 0 0 0 0 0 0 0 0 0 0 0 0 0 0 0 0 0 0 0 0 0 0 0 0 0 0 0 0 0 0 0 0 0 0 0 0 0 0 0 0 0 0 0 0 0 0 0 0 0 0 0 0 0 0 0 0 0 0 0 0 0 0 0 0 0 0 0 0 0 0 0 0 0 0 0 0 0 0 0 0 0 0 0 0 0 0 0 0 0 0 0 0 0 0 0 0 0 0 0 0 0 0 0 0 0 0 0 0 0 0 0 0 0 0 0 0 0 0 0 0 0 0 0 0 0 0 0 0 0 0 0 0 0 0 0 0 0 0 0 0 0 0 0 0 0 0 0 0 0 0 0 0 0 0 0 0 0 0 0 0 0 0 0 0 0 0 0 0 0 0 0 0 0 0 0 0 0 0 0 0 0 0 0 0 0 0 0 0 0 0 0 0 0 0 0 0 0 0 0 0 0 0 0 0 0 0 0 0 0 0 0 0 0 0 0 0 0 0 0 0 0 0 0 0 0 0 0 0 0 0 0 0 0 0 0 0 0 0 0 0 0 0 0 0 0 0 0 0 0 0 0 0 0 0 0 0 0 0 0 0 0 0 0 0 0 0 0 0 0 0 0 0 0 0 0 0 0 0 0 0 0 0 0 0 0 0 0 0 0 0 0 0 0 0 0 0 0 0 0 0 0 0 0 0 0 0 0 0 0 0 0 0 0 0 0 0 0 0 0 0 0 0 0 0 0 0 0 0 0 0 0 0 0 0 0 0 0 0 0 0 0 0 0 0 0 0 0 0 0 0 0 0 0 0 0 0 0 0 0 0 0 0 0 0 0 0 0 0 0 0 0 0 0 0 0 0 0 0 0 0 0 0 0 0 0 0 0 0 0 0 0 0 0 0 0 0 0 0 0 0 0 0 0 0 0 0 0 0 0 0 0 0 0 0 0 0 0 0 0 0 0 0 0 0 0 0 0 0 0 0 0 0 0 0 0 0 0 0 0 0 0 0 0 0 0 0 0 0 0 0 0 0 0 0 0 0 0 0 0 0 0 0 0 0 0 0 0 0 0 0 0 0 0 0 0 0 0 0 0 0 0 0 0 0 0 0 0 0 0 0 0 0 0 0 0 0 0 0 0 0 0 0 0 0 0 0 0 0 0 0 0 0 0 0 0 0 0 0 0 0 0 0 0 0 0 0 0 0 0 0 0 0 0 0 0 0 0 0 0 0 0 0 0 0 0 0 0 0 0 0 0 0 0 0 0 0 0 0 0 0 0 0 0 0 0 0 0 0 0 0 0 0 0 0 0 0 0 0 0 0 0 0 0 0 0 0 0 0 0 0 0 0 0 0 0 0 0 0 0 0 0 0 0 0 0 0 0 0 0 0 0 0 0 0 0 0 0 0 0 0 0 0 0 0 0 0 0 0 0 0 0 0 0 0 0 0 0 0 0 0 0 0 0 0 0 0 0 0 0 0 0 0 0 0 0 0 0 0 0 0 0 0 0 0 0 0 0 0 0 0 0 0 0 0 0 0 0 0 0 0 0 0 0 0 0 0 0 0 0 0 0 0 0 0 0 0 0 0 0 0 0 0 0 0 0 0 0 0 0 0 0 0 0 0 0 0 0 0 0 0 0 0 0 0 0 0 0 0 0 0 0 0 0 0 0 0 0 0 0 0 0 0 0 0 0 0 0 0 0 0 0 0 0 0 0 0 0 0 0 0 0 0 0 0 0 0 0 0 0 0 0 0 0 0 0 0 0 0 0 0 0 0 0 0 0 0 0 0 0 0 0 0 0 0 0 0 0 0 0 0 0 0 0 0 0 0 0 0 0 0 0 0 0 0 0 0 0 0 0 0 0 0 0 0 0 0 0 0 0 0 0 0 0 0 0 0 0 0 0 0 0 0 0 0 0 0 0 0 0 0 0 0 0 0 0 0 0 0 0 0 0 0 0 0 0 0 0 0 0 0 0 0 0 0 0 0 0 0 0 0 0 0 0 0 0 0 0 0 0 0 0 0 0 0 0 0 0 0 0 0 0 0 0 0 0 0 0 0 0 0 0 0 0 0 0 0 0 0 0 0 0 0 0 0 0 0 0 0 0 0 0 0 0 0 0 0 0 0 0 0 0 0 0 0 0 0 0 0 0 0 0 0 0 0 0 0 0 0 0 0 0 0 0 0 0 0 0 0 0 0 0 0 0 0 0 0 0 0 0 0 0 0 0 0 0 0 0 0 0 0 0 0 0 0 0 0 0 0 0 0 0 0 0 0 0 0 0 0 0 0 0 0 0 0 0 0 0 0 0 0 0 0 0 0 0 0 0 0 0 0 0 0 0 0 0 0 0 0 0 0 0 0 0 0 0 0 0 0 0 0 0 0 0 0 0 0 0 0 0 0 0 0 0 0 0 0 0 0 0 0 0 0 0 0 0 0 0 0 0 0 0 0 0 0 0 0 0 0 0 0 0 0 0 0 0 0 0 0 0 0 0 0 0 0 0 0 0 0 0 0 0 0 0 0 0 0 0 0 0 0 0 0 0 0 0 0 0 0 0 0 0 0 0 0 0 0 0 0 0 0 0 0 0 0 0 0 0 0 0 0 0 0 0 0 0 0 0 0 0 0 0 0 0 0 0 0 0 0 0 0 0 0 0 0 0 0 0 0 0 0 0 0 0 0 0 0 0 0 0 0 0 0 0 0 0 0 0 0 0 0 0 0 0 0 0 0 0 0 0 0 0 0 0 0 0 0 0 0 0 0 0 0 0 0 0 0 0 0 0 0 0 0 0 0 0 0 0 0 0 0 0 0 0 0 0 0 0 0 0 0 0 0 0 0 0 0 0 0 0 0 0 0 0 0 0 0 0 0 0 0 0 0 0 0 0 0 0 0 0 0 0 0 0 0 0 0 0 0 0 0 0 0 0 0 0 0 0 0 0 0 0 0 0 0 0 0 0 0 0 0 0 0 0 0 0 0 0 0 0 0 0 0 0 0 0 0 0 0 0 0 0 0 0 0 0 0 0 0 0 0 0 0 0 0 0 0 0 0 0 0 0 0 0 0 0 0 0 0 0 0 0 0 0 0 0 0 0 0 0 0 0 0 0 0 0 0 0 0 0 0 0 0 0 0 0 0 0 0 0 0 0 0 0 0 0 0 0 0 0 0 0 0 0 0 0 0 0 0 0 0 0 0 0 0 0 0 0 0 0 0 0 0 0 0 0 0 0 0 0 0 0 0 0 0 0 0 0 0 0 0 0 0 0 0 0 0 0 0 0 0 0 0 0 0 0 0 0 0 0 0 0 0 0 0 0 0 0 0 0 0 0 0 0 0 0 0 0 0 0 0 0 0 0 0 0 0 0 0 0 0 0 0 0 0 0 0 0 0 0 0 0 0 0 0 0 0 0 0 0 0 0 0 0 0 0 0 0 0 0 0 0 0 0 0 0 0 0 0 0 0 0 0 0 0 0 0 0 0 0 0 0 0 0 0 0 0 0 0 0 0 0 0 0 0 0 0 0 0 0 0 0 0 0 0 0 0 0 0 0 0 0 0 0 0 0 0 0 0 0 0 0 0 0 0 0 0 0 0 0 0 0 0 0 0 0 0 0 0 0 0 0 0 0 0 0 0 0 0 0 0 0 0 0 0 0 0 0 0 0 0 0 0 0 0 0 0 0 0 0 0 0 0 0 0 0 0 0 0 0 0 0 0 0 0 0 0 0 0 0 0 0 0 0 0 0 0 0 0 0 0 0 0 0 0 0 0 0 0 0 0 0 0 0 0 0 0 0 0 0 0 0 0 0 0 0 0 0 0 0 0 0 0 0 0 0 0 0 0 0 0 0 0 0 0 0 0 0 0 0 0 0 0 0 0 0 0 0 0 0 0 0 0 0 0 0 0 0 0 0 0 0 0 0 0 0 0 0 0 0 0 0 0 0 0 0 0 0 0 0 0 0 0 0 0 0 0 0 0 0 0 0 0 0 0 0 0 0 0 0 0 0 0 0 0 0 0 0 0 0 0 0 0 0 0 0 0 0 0 0 0 0 0 0 0 0 0 0 0 0 0 0 0 0 0 0 0 0 0 0 0 0 0 0 0 0 0 0 0 0 0 0 0 0 0 0 0 0 0 0 0 0 0 0 0 0 0 0 0 0 0 0 0 0 0 0 0 0 0 0 0 0 0 0 0 0 0 0 0 0 0 0 0 0 0 0 0 0 0 0 0 0 0 0 0 0 0 0 0 0 0 0 0 0 0 0 0 0 0 0 0 0 0 0 0 0 0 0 0 0 0 0 0 0 0 0 0 0 0 0 0 0 0 0 0 0 0 0 0 0 0 0 0 0 0 0 0 0 0 0 0 0 0 0 0 0 0 0 0 0 0 0 0 0 0 0 0 0 0 0 0 0 0 0 0 0 0 0 0 0 0 0 0 0 0 0 0 0 0 0 0 0 0 0 0 0 0 0 0 0 0 0 0 0 0 0 0 0 0 0 0 0 0 0 0 0 0 0 0 0 0 0 0 0 0 0 0 0 0 0 0 0 0 0 0 0 0 0 0 0 0 0 0 0 0 0 0 0 0 0 0 0 0 0 0 0 0 0 0 0 0 0 0 0 0 0 0 0 0 0 0 0 0 0 0 0 0 0 0 0 0 0 0 0 0 0 0 0 0 0 0 0 0 0 0 0 0 0 0 0 0 0 0 0 0 0 0 0 0 0 0 0 0 0 0 0 0 0 0 0 0 0 0 0 0 0 0 0 0 0 0 0 0 0 0 0 0 0 0 0 0 0 0 0 0 0 0 0 0 0 0 0 0 0 0 0 0 0 0 0 0 0 0 0 0 0 0 0 0 0 0 0 0 0 0 0 0 0 0 0 0 0 0 0 0 0 0 0 0 0 0 0 0 0 0 0 0 0 0 0 0 0 0 0 0 0 0 0 0 0 0 0 0 0 0 0 0 0 0 0 0 0 0 0 0 0 0 0 0 0 0 0 0 0 0 0 0 0 0 0 0 0 0 0 0 0 0 0 0 0 0 0 0 0 0 0 0 0 0 0 0 0 0 0 0 0 0 0 0 0 0 0 0 0 0 0 0 0 0 0 0 0 0 0 0 0 0 0 0 0 0 0 0 0 0 0 0 0 0 0 0 0 0 0 0 0 0 0 0 0 0 0 0 0 0 0 0 0 0 0 0 0 0 0 0 0 0 0 0 0 0 0 0 0 0 0 0 0 0 0 0 0 0 0 0 0 0 0 0 0 0 0 0 0 0 0 0 0 0 0 0 0 0 0 0 0 0 0 0 0 0 0 0 0 0 0 0 0 0 0 0 0 0 0 0 0 0 0 0 0 0 0 0 0 0 0 0 0 0 0 0 0 0 0 0 0 0 0 0 0 0 0 0 0 0 0 0 0 0 0 0 0 0 0 0 0 0 0 0 0 0 0 0 0 0 0 0 0 0 0 0 0 0 0 0 0 0 0 0 0 0 0 0 0 0 0 0 0 0 0 0 0 0 0 0 0 0 0 0 0 0 0 0 0 0 0 0 0 0 0 0 0 0 0 0 0 0 0 0 0 0 0 0 0 0 0 0 0 0 0 0 0 0 0 0 0 0 0 0 0 0 0 0 0 0 0 0 0 0 0 0 0 0 0 0 0 0 0 0 0 0 0 0 0 0 0 0 0 0 0 0 0 0 0 0 0 0 0 0 0 0 0 0 0 0 0 0 0 0 0 0 0 0 0 0 0 0 0 0 0 0 0 0 0 0 0 0 0 0 0 0 0 0 0 0 0 0 0 0 0 0 0 0 0 0 0 0 0 0 0 0 0 0 0 0 0 0 0 0 0 0 0 0 0 0 0 0 0 0 0 0 0 0 0 0 0 0 0 0 0 0 0 0 0 0 0 0 0 0 0 0 0 0 0 0 0 0 0 0 0 0 0 0 0 0 0 0 0 0 0 0 0 0 0 0 0 0 0 0 0 0 0 0 0 0 0 0 0 0 0 0 0 0 0 0 0 0 0 0 0 0 0 0 0 0 0 0 0 0 0 0 0 0 0 0 0 0 0 0 0 0 0 0 0 0 0 0 0 0 0 0 0 0 0 0 0 0 0 0 0 0 0 0 0 0 0 0 0 0 0 0 0 0 0 0 0 0 0 0 0 0 0 0 0 0 0 0 0 0 0 0 0 0 0 0 0 0 0 0 0 0 0 0 0 0 0 0 0 0 0 0 0 0 0 0 0 0 0 0 0 0 0 0 0 0 0 0 0 0 0 0 0 0 0 0 0 0 0 0 0 0 0 0 0 0 0 0 0 0 0 0 0 0 0 0 0 0 0 0 0 0 0 0 0 0 0 0 0 0 0 0 0 0 0 0 0 0 0 0 0 0 0 0 0 0 0 0 0 0 0 0 0 0 0 0 0 0 0 0 0 0 0 0 0 0 0 0 0 0 0 0 0 0 0 0 0 0 0 0 0 0 0 0 0 0 0 0 0 0 0 0 0 0 0 0 0 0 0 0 0 0 0 0 0 0 0 0 0 0 0 0 0 0 0 0 0 0 0 0 0 0 0 0 0 0 0 0 0 0 0 0 0 0 0 0 0 0 0 0 0 0 0 0 0 0 0 0 0 0 0 0 0 0 0 0 0 0 0 0 0 0 0 0 0 0 0 0 0 0 0 0 0 0 0 0 0 0 0 0 0 0 0 0 0 0 0 0 0 0 0 0 0 0 0 0 0 0 0 0 0 0 0 0 0 0 0 0 0 0 0 0 0 0 0 0 0 0 0 0 0 0 0 0 0 0 0 0 0 0 0 0 0 0 0 0 0 0 0 0 0 0 0 0 0 0 0 0 0 0 0 0 0 0 0 0 0 0 0 0 0 0 0 0 0 0 0 0 0 0 0 0 0 0 0 0 0 0 0 0 0 0 0 0 0 0 0 0 0 0 0 0 0 0 0 0 0 0 0 0 0 0 0 0 0 0 0 0 0 0 0 0 0 0 0 0 0 0 0 0 0 0 0 0 0 0 0 0 0 0 0 0 0 0 0 0 0 0 0 0 0 0 0 0 0 0 0 0 0 0 0 0 0 0 0 0 0 0 0 0 0 0 0 0 0 0 0 0 0 0 0 0 0 0 0 0 0 0 0 0 0 0 0 0 0 0 0 0 0 0 0 0 0 0 0 0 0 0 0 0 0 0 0 0 0 0 0 0 0 0 0 0 0 0 0 0 0 0 0 0 0 0 0 0 0 0 0 0 0 0 0 0 0 0 0 0 0 0 0 0 0 0 0 0 0 0 0 0 0 0 0 0 0 0 0 0 0 0 0 0 0 0 0 0 0 0 0 0 0 0 0 0 0 0 0 0 0 0 0 0 0 0 0 0 0 0 0 0 0 0 0 0 0 0 0 0 0 0 0 0 0 0 0 0 0 0 0 0 0 0 0 0 0 0 0 0 0 0 0 0 0 0 0 0 0 0 0 0 0 0 0 0 0 0 0 0 0 0 0 0 0 0 0 0 0 0 0 0 0 0 0 0 0 0 0 0 0 0 0 0 0 0 0 0 0 0 0 0 0 0 0 0 0 0 0 0 0 0 0 0 0 0 0 0 0 0 0 0 0 0 0 0 0 0 0 0 0 0 0 0 0 0 0 0 0 0 0 0 0 0 0 0 0 0 0 0 0 0 0 0 0 0 0 0 0 0 0 0 0 0 0 0 0 0 0 0 0 0 0 0 0 0 0 0 0 0 0 0 0 0 0 0 0 0 0 0 0 0 0 0 0 0 0 0 0 0 0 0 0 0 0 0 0 0 0 0 0 0 0 0 0 0 0 0 0 0 0 0 0 0 0 0 0 0 0 0 0 0 0 0 0 0 0 0 0 0 0 0 0 0 0 0 0 0 0 0 0 0 0 0 0 0 0 0 0 0 0 0 0 0 0 0 0 0 0 0 0 0 0 0 0 0 0 0 0 0 0 0 0 0 0 0 0 0 0 0 0 0 0 0 0 0 0 0 0 0 0 0 0 0 0 0 0 0 0 0 0 0 0 0 0 0 0 0 0 0 0 0 0 0 0 0 0 0 0 0 0 0 0 0 0 0 0 0 0 0 0 0 0 0 0 0 0 0 0 0 0 0 0 0 0 0 0 0 0 0 0 0 0 0 0 0 0 0 0 0 0 0 0 0 0 0 0 0 0 0 0 0 0 0 0 0 0 0 0 0 0 0 0 0 0 0 0 0 0 0 0 0 0 0 0 0 0 0 0 0 0 0 0 0 0 0 0 0 0 0 0 0 0 0 0 0 0 0 0 0 0 0 0 0 0 0 0 0 0 0 0 0 0 0 0 0 0 0 0 0 0 0 0 0 0 0 0 0 0 0 0 0 0 0 0 0 0 0 0 0 0 0 0 0 0 0 0 0 0 0 0 0 0 0 0 0 0 0 0 0 0 0 0 0 0 0 0 0 0 0 0 0 0 0 0 0 0 0 0 0 0 0 0 0 0 0 0 0 0 0 0 0 0 0 0 0 0 0 0 0 0 0 0 0 0 0 0 0 0 0 0 0 0 0 0 0 0 0 0 0 0 0 0 0 0 0 0 0 0 0 0 0 0 0 0 0 0 0 0 0 0 0 0 0 0 0 0 0 0 0 0 0 0 0 0 0 0 0 0 0 0 0 0 0 0 0 0 0 0 0 0 0 0 0 0 0 0 0 0 0 0 0 0 0 0 0 0 0 0 0 0 0 0 0 0 0 0 0 0 0 0 0 0 0 0 0 0 0 0 0 0 0 0 0 0 0 0 0 0 0 0 0 0 0 0 0 0 0 0 0 0 0 0 0 0 0 0 0 0 0 0 0 0 0 0 0 0 0 0 0 0 0 0 0 0 0 0 0 0 0 0 0 0 0 0 0 0 0 0 0 0 0 0 0 0 0 0 0 0 0 0 0 0 0 0 0 0 0 0 0 0 0 0 0 0 0 0 0 0 0 0 0 0 0 0 0 0 0 0 0 0 0 0 0 0 0 0 0 0 0 0 0 0 0 0 0 0 0 0 0 0 0 0 0 0 0 0 0 0 0 0 0 0 0 0 0 0 0 0 0 0 0 0 0 0 0 0 0 0 0 0 0 0 0 0 0 0 0 0 0 0 0 0 0 0 0 0 0 0 0 0 0 0 0 0 0 0 0 0 0 0 0 0 0 0 0 0 0 0 0 0 0 0 0 0 0 0 0 0 0 0 0 0 0 0 0 0 0 0 0 0 0 0 0 0 0 0 0 0 0 0 0 0 0 0 0 0 0 0 0 0 0 0 0 0 0 0 0 0 0 0 0 0 0 0 0 0 0 0 0 0 0 0 0 0 0 0 0 0 0 0 0 0 0 0 0 0 0 0 0 0 0 0 0 0 0 0 0 0 0 0 0 0 0 0 0 0 0 0 0 0 0 0 0 0 0 0 0 0 0 0 0 0 0 0 0 0 0 0 0 0 0 0 0 0 0 0 0 0 0 0 0 0 0 0 0 0 0 0 0 0 0 0 0 0 0 0 0 0 0 0 0 0 0 0 0 0 0 0 0 0 0 0 0 0 0 0 0 0 0 0 0 0 0 0 0 0 0 0 0 0 0 0 0 0 0 0 0 0 0 0 0 0 0 0 0 0 0 0 0 0 0 0 0 0 0 0 0 0 0 0 0 0 0 0 0 0 0 0 0 0 0 0 0 0 0 0 0 0 0 0 0 0 0 0 0 0 0 0 0 0 0 0 0 0 0 0 0 0 0 0 0 0 0 0 0 0 0 0 0 0 0 0 0 0 0 0 0 0 0 0 0 0 0 0 0 0 0 0 0 0 0 0 0 0 0 0 0 0 0 0 0 0 0 0 0 0 0 0 0 0 0 0 0 0 0 0 0 0 0 0 0 0 0 0 0 0 0 0 0 0 0 0 0 0 0 0 0 0 0 0 0 0 0 0 0 0 0 0 0 0 0 0 0 0 0 0 0 0 0 0 0 0 0 0 0 0 0 0 0 0 0 0 0 0 0 0 0 0 0 0 0 0 0 0 0 0 0 0 0 0 0 0 0 0 0 0 0 0 0 0 0 0 0 0 0 0 0 0 0 0 0 0 0 0 0 0 0 0 0 0 0 0 0 0 0 0 0 0 0 0 0 0 0 0 0 0 0 0 0 0 0 0 0 0 0 0 0 0 0 0 0 0 0 0 0 0 0 0 0 0 0 0 0 0 0 0 0 0 0 0 0 0 0 0 0 0 0 0 0 0 0 0 0 0 0 0 0 0 0 0 0 0 0 0 0 0 0 0 0 0 0 0 0 0 0 0 0 0 0 0 0 0 0 0 0 0 0 0 0 0 0 0 0 0 0 0 0 0 0 0 0 0 0 0 0 0 0 0 0 0 0 0 0 0 0 0 0 0 0 0 0 0 0 0 0 0 0 0 0 0 0 0 0 0 0 0 0 0 0 0 0 0 0 0 0 0 0 0 0 0 0 0 0 0 0 0 0 0 0 0 0 0 0 0 0 0 0 0 0 0 0 0 0 0 0 0 0 0 0 0 0 0 0 0 0 0 0 0 0 0 0 0 0 0 0 0 0 0 0 0 0 0 0 0 0 0 0 0 0 0 0 0 0 0 0 0 0 0 0 0 0 0 0 0 0 0 0 0 0 0 0 0 0 0 0 0 0 0 0 0 0 0 0 0 0 0 0 0 0 0 0 0 0 0 0 0 0 0 0 0 0 0 0 0 0 0 0 0 0 0 0 0 0 0 0 0 0 0 0 0 0 0 0 0 0 0 0 0 0 0 0 0 0 0 0 0 0 0 0 0 0 0 0 0 0 0 0 0 0 0 0 0 0 0 0 0 0 0 0 0 0 0 0 0 0 0 0 0 0 0 0 0 0 0 0 0 0 0 0 0 0 0 0 0 0 0 0 0 0 0 0 0 0 0 0 0 0 0 0 0 0 0 0 0 0 0 0 0 0 0 0 0 0 0 0 0 0 0 0 0 0 0 0 0 0 0 0 0 0 0 0 0 0 0 0 0 0 0 0 0 0 0 0 0 0 0 0 0 0 0 0 0 0 0 0 0 0 0 0 0 0 0 0 0 0 0 0 0 0 0 0 0 0 0 0 0 0 0 0 0 0 0 0 0 0 0 0 0 0 0 0 0 0 0 0 0 0 0 0 0 0 0 0 0 0 0 0 0 0 0 0 0 0 0 0 0 0 0 0 0 0 0 0 0 0 0 0 0 0 0 0 0 0 0 0 0 0 0 0 0 0 0 0 0 0 0 0 0 0 0 0 0 0 0 0 0 0 0 0 0 0 0 0 0 0 0 0 0 0 0 0 0 0 0 0 0 0 0 0 0 0 0 0 0 0 0 0 0 0 0 0 0 0 0 0 0 0 0 0 0 0 0 0 0 0 0 0 0 0 0 0 0 0 0 0 0 0 0 0 0 0 0 0 0 0 0 0 0 0 0 0 0 0 0 0 0 0 0 0 0 0 0 0 0 0 0 0 0 0 0 0 0 0 0 0 0 0 0 0 0 0 0 0 0 0 0 0 0 0 0 0 0 0 0 0 0 0 0 0 0 0 0 0 0 0 0 0 0 0 0 0 0 0 0 0 0 0 0 0 0 0 0 0 0 0 0 0 0 0 0 0 0 0 0 0 0 0 0 0 0 0 0 0 0 0 0 0 0 0 0 0 0 0 0 0 0 0 0 0 0 0 0 0 0 0 0 0 0 0 0 0 0 0 0 0 0 0 0 0 0 0 0 0 0 0 0 0 0 0 0 0 0 0 0 0 0 0 0 0 0 0 0 0 0 0 0 0 0 0 0 0 0 0 0 0 0 0 0 0 0 0 0 0 0 0 0 0 0 0 0 0 0 0 0 0 0 0 0 0 0 0 0 0 0 0 0 0 0 0 0 0 0 0 0 0 0 0 0 0 0 0 0 0 0 0 0 0 0 0 0 0 0 0 0 0 0 0 0 0 0 0 0 0 0 0 0 0 0 0 0 0 0 0 0 0 0 0 0 0 0 0 0 0 0 0 0 0 0 0 0 0 0 0 0 0 0 0 0 0 0 0 0 0 0 0 0 0 0 0 0 0 0 0 0 0 0 0 0 0 0 0 0 0 0 0 0 0 0 0 0 0 0 0 0 0 0 0 0 0 0 0 0 0 0 0 0 0 0 0 0 0 0 0 0 0 0 0 0 0 0 0 0 0 0 0 0 0 0 0 0 0 0 0 0 0 0 0 0 0 0 0 0 0 0 0 0 0 0 0 0 0 0 0 0 0 0 0 0 0 0 0 0 0 0 0 0 0 0 0 0 0 0 0 0 0 0 0 0 0 0 0 0 0 0 0 0 0 0 0 0 0 0 0 0 0 0 0 0 0 0 0 0 0 0 0 0 0 0 0 0 0 0 0 0 0 0 0 0 0 0 0 0 0 0 0 0 0 0 0 0 0 0 0 0 0 0 0 0 0 0 0 0 0 0 0 0 0 0 0 0 0 0 0 0 0 0 0 0 0 0 0 0 0 0 0 0 0 0 0 0 0 0 0 0 0 0 0 0 0 0 0 0 0 0 0 0 0 0 0 0 0 0 0 0 0 0 0 0 0 0 0 0 0 0 0 0 0 0 0 0 0 0 0 0 0 0 0 0 0 0 0 0 0 0 0 0 0 0 0 0 0 0 0 0 0 0 0 0 0 0 0 0 0 0 0 0 0 0 0 0 0 0 0 0 0 0 0 0 0 0 0 0 0 0 0 0 0 0 0 0 0 0 0 0 0 0 0 0 0 0 0 0 0 0 0 0 0 0 0 0 0 0 0 0 0 0 0 0 0 0 0 0 0 0 0 0 0 0 0 0 0 0 0 0 0 0 0 0 0 0 0 0 0 0 0 0 0 0 0 0 0 0 0 0 0 0 0 0 0 0 0 0 0 0 0 0 0 0 0 0 0 0 0 0 0 0 0 0 0 0 0 0 0 0 0 0 0 0 0 0 0 0 0 0 0 0 0 0 0 0 0 0 0 0 0 0 0 0 0 0 0 0 0 0 0 0 0 0 0 0 0 0 0 0 0 0 0 0 0 0 0 0 0 0 0 0 0 0 0 0 0 0 0 0 0 0 0 0 0 0 0 0 0 0 0 0 0 0 0 0 0 0 0 0 0 0 0 0 0 0 0 0 0 0 0 0 0 0 0 0 0 0 0 0 0 0 0 0 0 0 0 0 0 0 0 0 0 0 0 0 0 0 0 0 0 0 0 0 0 0 0 0 0 0 0 0 0 0 0 0 0 0 0 0 0 0 0 0 0 0 0 0 0 0 0 0 0 0 0 0 0 0 0 0 0 0 0 0 0 0 0 0 0 0 0 0 0 0 0 0 0 0 0 0 0 0 0 0 0 0 0 0 0 0 0 0 0 0 0 0 0 0 0 0 0 0 0 0 0 0 0 0 0 0 0 0 0 0 0 0 0 0 0 0 0 0 0 0 0 0 0 0 0 0 0 0 0 0 0 0 0 0 0 0 0 0 0 0 0 0 0 0 0 0 0 0 0 0 0 0 0 0 0 0 0 0 0 0 0 0 0 0 0 0 0 0 0 0 0 0 0 0 0 0 0 0 0 0 0 0 0 0 0 0 0 0 0 0 0 0 0 0 0 0 0 0 0 0 0 0 0 0 0 0 0 0 0 0 0 0 0 0 0 0 0 0 0 0 0 0 0 0 0 0 0 0 0 0 0 0 0 0 0 0 0 0 0 0 0 0 0 0 0 0 0 0 0 0 0 0 0 0 0 0 0 0 0 0 0 0 0 0 0 0 0 0 0 0 0 0 0 0 0 0 0 0 0 0 0 0 0 0 0 0 0 0 0 0 0 0 0 0 0 0 0 0 0 0 0 0 0 0 0 0 0 0 0 0 0 0 0 0 0 0 0 0 0 0 0 0 0 0 0 0 0 0 0 0 0 0 0 0 0 0 0 0 0 0 0 0 0 0 0 0 0 0 0 0 0 0 0 0 0 0 0 0 0 0 0 0 0 0 0 0 0 0 0 0 0 0 0 0 0 0 0 0 0 0 0 0 0 0 0 0 0 0 0 0 0 0 0 0 0 0 0 0 0 0 0 0 0 0 0 0 0 0 0 0 0 0 0 0 0 0 0 0 0 0 0 0 0 0 0 0 0 0 0 0 0 0 0 0 0 0 0 0 0 0 0 0 0 0 0 0 0 0 0 0 0 0 0 0 0 0 0 0 0 0 0 0 0 0 0 0 0 0 0 0 0 0 0 0 0 0 0 0 0 0 0 0 0 0 0 0 0 0 0 0 0 0 0 0 0 0 0 0 0 0 0 0 0 0 0 0 0 0 0 0 0 0 0 0 0 0 0 0 0 0 0 0 0 0 0 0 0 0 0 0 0 0 0 0 0 0 0 0 0 0 0 0 0 0 0 0 0 0 0 0 0 0 0 0 0 0 0 0 0 0 0 0 0 0 0 0 0 0 0 0 0 0 0 0 0 0 0 0 0 0 0 0 0 0 0 0 0 0 0 0 0 0 0 0 0 0 0 0 0 0 0 0 0 0 0 0 0 0 0 0 0 0 0 0 0 0 0 0 0 0 0 0 0 0 0 0 0 0 0 0 0 0 0 0 0 0 0 0 0 0 0 0 0 0 0 0 0 0 0 0 0 0 0 0 0 0 0 0 0 0 0 0 0 0 0 0 0 0 0 0 0 0 0 0 0 0 0 0 0 0 0 0 0 0 0 0 0 0 0 0 0 0 0 0 0 0 0 0 0 0 0 0 0 0 0 0 0 0 0 0 0 0 0 0 0 0 0 0 0 0 0 0 0 0 0 0 0 0 0 0 0 0 0 0 0 0 0 0 0 0 0 0 0 0 0 0 0 0 0 0 0 0 0 0 0 0 0 0 0 0 0 0 0 0 0 0 0 0 0 0 0 0 0 0 0 0 0 0 0 0 0 0 0 0 0 0 0 0 0 0 0 0 0 0 0 0 0 0 0 0 0 0 0 0 0 0 0 0 0 0 0 0 0 0 0 0 0 0 0 0 0 0 0 0 0 0 0 0 0 0 0 0 0 0 0 0 0 0 0 0 0 0 0 0 0 0 0 0 0 0 0 0 0 0 0 0 0 0 0 0 0 0 0 0 0 0 0 0 0 0 0 0 0 0 0 0 0 0 0 0 0 0 0 0 0 0 0 0 0 0 0 0 0 0 0 0 0 0 0 0 0 0 0 0 0 0 0 0 0 0 0 0 0 0 0 0 0 0 0 0 0 0 0 0 0 0 0 0 0 0 0 0 0 0 0 0 0 0 0 0 0 0 0 0 0 0 0 0 0 0 0 0 0 0 0 0 0 0 0 0 0 0 0 0 0 0 0 0 0 0 0 0 0 0 0 0 0 0 0 0 0 0 0 0 0 0 0 0 0 0 0 0 0 0 0 0 0 0 0 0 0 0 0 0 0 0 0 0 0 0 0 0 0 0 0 0 0 0 0 0 0 0 0 0 0 0 0 0 0 0 0 0 0 0 0 0 0 0 0 0 0 0 0 0 0 0 0 0 0 0 0 0 0 0 0 0 0 0 0 0 0 0 0 0 0 0 0 0 0 0 0 0 0 0 0 0 0 0 0 0 0 0 0 0 0 0 0 0 0 0 0 0 0 0 0 0 0 0 0 0 0 0 0 0 0 0 0 0 0 0 0 0 0 0 0 0 0 0 0 0 0 0 0 0 0 0 0 0 0 0 0 0 0 0 0 0 0 0 0 0 0 0 0 0 0 0 0 0 0 0 0 0 0 0 0 0 0 0 0 0 0 0 0 0 0 0 0 0 0 0 0 0 0 0 0 0 0 0 0 0 0 0 0 0 0 0 0 0 0 0 0 0 0 0 0 0 0 0 0 0 0 0 0 0 0 0 0 0 0 0 0 0 0 0 0 0 0 0 0 0 0 0 0 0 0 0 0 0 0 0 0 0 0 0 0 0 0 0 0 0 0 0 0 0 0 0 0 0 0 0 0 0 0 0 0 0 0 0 0 0 0 0 0 0 0 0 0 0 0 0 0 0 0 0 0 0 0 0 0 0 0 0 0 0 0 0 0 0 0 0 0 0 0 0 0 0 0 0 0 0 0 0 0 0 0 0 0 0 0 0 0 0 0 0 0 0 0 0 0 0 0 0 0 0 0 0 0 0 0 0 0 0 0 0 0 0 0 0 0 0 0 0 0 0 0 0 0 0 0 0 0 0 0 0 0 0 0 0 0 0 0 0 0 0 0 0 0 0 0 0 0 0 0 0 0 0 0 0 0 0 0 0 0 0 0 0 0 0 0 0 0 0 0 0 0 0 0 0 0 0 0 0 0 0 0 0 0 0 0 0 0 0 0 0 0 0 0 0 0 0 0 0 0 0 0 0 0 0 0 0 0 0 0 0 0 0 0 0 0 0 0 0 0 0 0 0 0 0 0 0 0 0 0 0 0 0 0 0 0 0 0 0 0 0 0 0 0 0 0 0 0 0 0 0 0 0 0 0 0 0 0 0 0 0 0 0 0 0 0 0 0 0 0 0 0 0 0 0 0 0 0 0 0 0 0 0 0 0 0 0 0 0 0 0 0 0 0 0 0 0 0 0 0 0 0 0 0 0 0 0 0 0 0 0 0 0 0 0 0 0 0 0 0 0 0 0 0 0 0 0 0 0 0 0 0 0 0 0 0 0 0 0 0 0 0 0 0 0 0 0 0 0 0 0 0 0 0 0 0 0 0 0 0 0 0 0 0 0 0 0 0 0 0 0 0 0 0 0 0 0 0 0 0 0 0 0 0 0 0 0 0 0 0 0 0 0 0 0 0 0 0 0 0 0 0 0 0 0 0 0 0 0 0 0 0 0 0 0 0 0 0 0 0 0 0 0 0 0 0 0 0 0 0 0 0 0 0 0 0 0 0 0 0 0 0 0 0 0 0 0 0 0 0 0 0 0 0 0 0 0 0 0 0 0 0 0 0 0 0 0 0 0 0 0 0 0 0 0 0 0 0 0 0 0 0 0 0 0 0 0 0 0 0 0 0 0 0 0 0 0 0 0 0 0 0 0 0 0 0 0 0 0 0 0 0 0 0 0 0 0 0 0 0 0 0 0 0 0 0 0 0 0 0 0 0 0 0 0 0 0 0 0 0 0 0 0 0 0 0 0 0 0 0 0 0 0 0 0 0 0 0 0 0 0 0 0 0 0 0 0 0 0 0 0 0 0 0 0 0 0 0 0 0 0 0 0 0 0 0 0 0 0 0 0 0 0 0 0 0 0 0 0 0 0 0 0 0 0 0 0 0 0 0 0 0 0 0 0 0 0 0 0 0 0 0 0 0 0 0 0 0 0 0 0 0 0 0 0 0 0 0 0 0 0 0 0 0 0 0 0 0 0 0 0 0 0 0 0 0 0 0 0 0 0 0 0 0 0 0 0 0 0 0 0 0 0 0 0 0 0 0 0 0 0 0 0 0 0 0 0 0 0 0 0 0 0 0 0 0 0 0 0 0 0 0 0 0 0 0 0 0 0 0 0 0 0 0 0 0 0 0 0 0 0 0 0 0 0 0 0 0 0 0 0 0 0 0 0 0 0 0 0 0 0 0 0 0 0 0 0 0 0 0 0 0 0 0 0 0 0 0 0 0 0 0 0 0 0 0 0 0 0 0 0 0 0 0 0 0 0 0 0 0 0 0 0 0 0 0 0 0 0 0 0 0 0 0 0 0 0 0 0 0 0 0 0 0 0 0 0 0 0 0 0 0 0 0 0 0 0 0 0 0 0 0 0 0 0 0 0 0 0 0 0 0 0 0 0 0 0 0 0 0 0 0 0 0 0 0 0 0 0 0 0 0 0 0 0 0 0 0 0 0 0 0 0 0 0 0 0 0 0 0 0 0 0 0 0 0 0 0 0 0 0 0 0 0 0 0 0 0 0 0 0 0 0 0 0 0 0 0 0 0 0 0 0 0 0 0 0 0 0 0 0 0 0 0 0 0 0 0 0 0 0 0 0 0 0 0 0 0 0 0 0 0 0 0 0 0 0 0 0 0 0 0 0 0 0 0 0 0 0 0 0 0 0 0 0 0 0 0 0 0 0 0 0 0 0 0 0 0 0 0 0 0 0 0 0 0 0 0 0 0 0 0 0 0 0 0 0 0 0 0 0 0 0 0 0 0 0 0 0 0 0 0 0 0 0 0 0 0 0 0 0 0 0 0 0 0 0 0 0 0 0 0 0 0 0 0 0 0 0 0 0 0 0 0 0 0 0 0 0 0 0 0 0 0 0 0 0 0 0 0 0 0 0 0 0 0 0 0 0 0 0 0 0 0 0 0 0 0 0 0 0 0 0 0 0 0 0 0 0 0 0 0 0 0 0 0 0 0 0 0 0 0 0 0 0 0 0 0 0 0 0 0 0 0 0 0 0 0 0 0 0 0 0 0 0 0 0 0 0 0 0 0 0 0 0 0 0 0 0 0 0 0 0 0 0 0 0 0 0 0 0 0 0 0 0 0 0 0 0 0 0 0 0 0 0 0 0 0 0 0 0 0 0 0 0 0 0 0 0 0 0 0 0 0 0 0 0 0 0 0 0 0 0 0 0 0 0 0 0 0 0 0 0 0 0 0 0 0 0 0 0 0 0 0 0 0 0 0 0 0 0 0 0 0 0 0 0 0 0 0 0 0 0 0 0 0 0 0 0 0 0 0 0 0 0 0 0 0 0 0 0 0 0 0 0 0 0 0 0 0 0 0 0 0 0 0 0 0 0 0 0 0 0 0 0 0 0 0 0 0 0 0 0 0 0 0 0 0 0 0 0 0 0 0 0 0 0 0 0 0 0 0 0 0 0 0 0 0 0 0 0 0 0 0 0 0 0 0 0 0 0 0 0 0 0 0 0 0 0 0 0 0 0 0 0 0 0 0 0 0 0 0 0 0 0 0 0 0 0 0 0 0 0 0 0 0 0 0 0 0 0 0 0 0 0 0 0 0 0 0 0 0 0 0 0 0 0 0 0 0 0 0 0 0 0 0 0 0 0 0 0 0 0 0 0 0 0 0 0 0 0 0 0 0 0 0 0 0 0 0 0 0 0 0 0 0 0 0 0 0 0 0 0 0 0 0 0 0 0 0 0 0 0 0 0 0 0 0 0 0 0 0 0 0 0 0 0 0 0 0 0 0 0 0 0 0 0 0 0 0 0 0 0 0 0 0 0 0 0 0 0 0 0 0 0 0 0 0 0 0 0 0 0 0 0 0 0 0 0 0 0 0 0 0 0 0 0 0 0 0 0 0 0 0 0 0 0 0 0 0 0 0 0 0 0 0 0 0 0 0 0 0 0 0 0 0 0 0 0 0 0 0 0 0 0 0 0 0 0 0 0 0 0 0 0 0 0 0 0 0 0 0 0 0 0 0 0 0 0 0 0 0 0 0 0 0 0 0 0 0 0 0 0 0 0 0 0 0 0 0 0 0 0 0 0 0 0 0 0 0 0 0 0 0 0 0 0 0 0 0 0 0 0 0 0 0 0 0 0 0 0 0 0 0 0 0 0 0 0 0 0 0 0 0 0 0 0 0 0 0 0 0 0 0 0 0 0 0 0 0 0 0 0 0 0 0 0 0 0 0 0 0 0 0 0 0 0 0 0 0 0 0 0 0 0 0 0 0 0 0 0 0 0 0 0 0 0 0 0 0 0 0 0 0 0 0 0 0 0 0 0 0 0 0 0 0 0 0 0 0 0 0 0 0 0 0 0 0 0 0 0 0 0 0 0 0 0 0 0 0 0 0 0 0 0 0 0 0 0 0 0 0 0 0 0 0 0 0 0 0 0 0 0 0 0 0 0 0 0 0 0 0 0 0 0 0 0 0 0 0 0 0 0 0 0 0 0 0 0 0 0 0 0 0 0 0 0 0 0 0 0 0 0 0 0 0 0 0 0 0 0 0 0 0 0 0 0 0 0 0 0 0 0 0 0 0 0 0 0 0 0 0 0 0 0 0 0 0 0 0 0 0 0 0 0 0 0 0 0 0 0 0 0 0 0 0 0 0 0 0 0 0 0 0 0 0 0 0 0 0 0 0 0 0 0 0 0 0 0 0 0 0 0 0 0 0 0 0 0 0 0 0 0 0 0 0 0 0 0 0 0 0 0 0 0 0 0 0 0 0 0 0 0 0 0 0 0 0 0 0 0 0 0 0 0 0 0 0 0 0 0 0 0 0 0 0 0 0 0 0 0 0 0 0 0 0 0 0 0 0 0 0 0 0 0 0 0 0 0 0 0 0 0 0 0 0 0 0 0 0 0 0 0 0 0 0 0 0 0 0 0 0 0 0 0 0 0 0 0 0 0 0 0 0 0 0 0 0 0 0 0 0 0 0 0 0 0 0 0 0 0 0 0 0 0 0 0 0 0 0 0 0 0 0 0 0 0 0 0 0 0 0 0 0 0 0 0 0 0 0 0 0 0 0 0 0 0 0 0 0 0 0 0 0 0 0 0 0 0 0 0 0 0 0 0 0 0 0 0 0 0 0 0 0 0 0 0 0 0 0 0 0 0 0 0 0 0 0 0 0 0 0 0 0 0 0 0 0 0 0 0 0 0 0 0 0 0 0 0 0 0 0 0 0 0 0 0 0 0 0 0 0 0 0 0 0 0 0 0 0 0 0 0 0 0 0 0 0 0 0 0 0 0 0 0 0 0 0 0 0 0 0 0 0 0 0 0 0 0 0 0 0 0 0 0 0 0 0 0 0 0 0 0 0 0 0 0 0 0 0 0 0 0 0 0 0 0 0 0 0 0 0 0 0 0 0 0 0 0 0 0 0 0 0 0 0 0 0 0 0 0 0 0 0 0 0 0 0 0 0 0 0 0 0 0 0 0 0 0 0 0 0 0 0 0 0 0 0 0 0 0 0 0 0 0 0 0 0 0 0 0 0 0 0 0 0 0 0 0 0 0 0 0 0 0 0 0 0 0 0 0 0 0 0 0 0 0 0 0 0 0 0 0 0 0 0 0 0 0 0 0 0 0 0 0 0 0 0 0 0 0 0 0 0 0 0 0 0 0 0 0 0 0 0 0 0 0 0 0 0 0 0 0 0 0 0 0 0 0 0 0 0 0 0 0 0 0 0 0 0 0 0 0 0 0 0 0 0 0 0 0 0 0 0 0 0 0 0 0 0 0 0 0 0 0 0 0 0 0 0 0 0 0 0 0 0 0 0 0 0 0 0 0 0 0 0 0 0 0 0 0 0 0 0 0 0 0 0 0 0 0 0 0 0 0 0 0 0 0 0 0 0 0 0 0 0 0 0 0 0 0 0 0 0 0 0 0 0 0 0 0 0 0 0 0 0 0 0 0 0 0 0 0 0 0 0 0 0 0 0 0 0 0 0 0 0 0 0 0 0 0 0 0 0 0 0 0 0 0 0 0 0 0 0 0 0 0 0 0 0 0 0 0 0 0 0 0 0 0 0 0 0 0 0 0 0 0 0 0 0 0 0 0 0 0 0 0 0 0 0 0 0 0 0 0 0 0 0 0 0 0 0 0 0 0 0 0 0 0 0 0 0 0 0 0 0 0 0 0 0 0 0 0 0 0 0 0 0 0 0 0 0 0 0 0 0 0 0 0 0 0 0 0 0 0 0 0 0 0 0 0 0 0 0 0 0 0 0 0 0 0 0 0 0 0 0 0 0 0 0 0 0 0 0 0 0 0 0 0 0 0 0 0 0 0 0 0 0 0 0 0 0 0 0 0 0 0 0 0 0 0 0 0 0 0 0 0 0 0 0 0 0 0 0 0 0 0 0 0 0 0 0 0 0 0 0 0 0 0 0 0 0 0 0 0 0 0 0 0 0 0 0 0 0 0 0 0 0 0 0 0 0 0 0 0 0 0 0 0 0 0 0 0 0 0 0 0 0 0 0 0 0 0 0 0 0 0 0 0 0 0 0 0 0 0 0 0 0 0 0 0 0 0 0 0 0 0 0 0 0 0 0 0 0 0 0 0 0 0 0 0 0 0 0 0 0 0 0 0 0 0 0 0 0 0 0 0 0 0 0 0 0 0 0 0 0 0 0 0 0 0 0 0 0 0 0 0 0 0 0 0 0 0 0 0 0 0 0 0 0 0 0 0 0 0 0 0 0 0 0 0 0 0 0 0 0 0 0 0 0 0 0 0 0 0 0 0 0 0 0 0 0 0 0 0 0 0 0 0 0 0 0 0 0 0 0 0 0 0 0 0 0 0 0 0 0 0 0 0 0 0 0 0 0 0 0 0 0 0 0 0 0 0 0 0 0 0 0 0 0 0 0 0 0 0 0 0 0 0 0 0 0 0 0 0 0 0 0 0 0 0 0 0 0 0 0 0 0 0 0 0 0 0 0 0 0 0 0 0 0 0 0 0 0 0 0 0 0 0 0 0 0 0 0 0 0 0 0 0 0 0 0 0 0 0 0 0 0 0 0 0 0 0 0 0 0 0 0 0 0 0 0 0 0 0 0 0 0 0 0 0 0 0 0 0 0 0 0 0 0 0 0 0 0 0 0 0 0 0 0 0 0 0 0 0 0 0 0 0 0 0 0 0 0 0 0 0 0 0 0 0 0 0 0 0 0 0 0 0 0 0 0 0 0 0 0 0 0 0 0 0 0 0 0 0 0 0 0 0 0 0 0 0 0 0 0 0 0 0 0 0 0 0 0 0 0 0 0 0 0 0 0 0 0 0 0 0 0 0 0 0 0 0 0 0 0 0 0 0 0 0 0 0 0 0 0 0 0 0 0 0 0 0 0 0 0 0 0 0 0 0 0 0 0 0 0 0 0 0 0 0 0 0 0 0 0 0 0 0 0 0 0 0 0 0 0 0 0 0 0 0 0 0 0 0 0 0 0 0 0 0 0 0 0 0 0 0 0 0 0 0 0 0 0 0 0 0 0 0 0 0 0 0 0 0 0 0 0 0 0 0 0 0 0 0 0 0 0 0 0 0 0 0 0 0 0 0 0 0 0 0 0 0 0 0 0 0 0 0 0 0 0 0 0 0 0 0 0 0 0 0 0 0 0 0 0 0 0 0 0 0 0 0 0 0 0 0 0 0 0 0 0 0 0 0 0 0 0 0 0 0 0 0 0 0 0 0 0 0 0 0 0 0 0 0 0 0 0 0 0 0 0 0 0 0 0 0 0 0 0 0 0 0 0 0 0 0 0 0 0 0 0 0 0 0 0 0 0 0 0 0 0 0 0 0 0 0 0 0 0 0 0 0 0 0 0 0 0 0 0 0 0 0 0 0 0 0 0 0 0 0 0 0 0 0 0 0 0 0 0 0 0 0 0 0 0 0 0 0 0 0 0 0 0 0 0 0 0 0 0 0 0 0 0 0 0 0 0 0 0 0 0 0 0 0 0 0 0 0 0 0 0 0 0 0 0 0 0 0 0 0 0 0 0 0 0 0 0 0 0 0 0 0 0 0 0 0 0 0 0 0 0 0 0 0 0 0 0 0 0 0 0 0 0 0 0 0 0 0 0 0 0 0 0 0 0 0 0 0 0 0 0 0 0 0 0 0 0 0 0 0 0 0 0 0 0 0 0 0 0 0 0 0 0 0 0 0 0 0 0 0 0 0 0 0 0 0 0 0 0 0 0 0 0 0 0 0 0 0 0 0 0 0 0 0 0 0 0 0 0 0 0 0 0 0 0 0 0 0 0 0 0 0 0 0 0 0 0 0 0 0 0 0 0 0 0 0 0 0 0 0 0 0 0 0 0 0 0 0 0 0 0 0 0 0 0 0 0 0 0 0 0 0 0 0 0 0 0 0 0 0 0 0 0 0 0 0 0 0 0 0 0 0 0 0 0 0 0 0 0 0 0 0 0 0 0 0 0 0 0 0 0 0 0 0 0 0 0 0 0 0 0 0 0 0 0 0 0 0 0 0 0 0 0 0 0 0 0 0 0 0 0 0 0 0 0 0 0 0 0 0 0 0 0 0 0 0 0 0 0 0 0 0 0 0 0 0 0 0 0 0 0 0 0 0 0 0 0 0 0 0 0 0 0 0 0 0 0 0 0 0 0 0 0 0 0 0 0 0 0 0 0 0 0 0 0 0 0 0 0 0 0 0 0 0 0 0 0 0 0 0 0 0 0 0 0 0 0 0 0 0 0 0 0 0 0 0 0 0 0 0 0 0 0 0 0 0 0 0 0 0 0 0 0 0 0 0 0 0 0 0 0 0 0 0 0 0 0 0 0 0 0 0 0 0 0 0 0 0 0 0 0 0 0 0 0 0 0 0 0 0 0 0 0 0 0 0 0 0 0 0 0 0 0 0 0 0 0 0 0 0 0 0 0 0 0 0 0 0 0 0 0 0 0 0 0 0 0 0 0 0 0 0 0 0 0 0 0 0 0 0 0 0 0 0 0 0 0 0 0 0 0 0 0 0 0 0 0 0 0 0 0 0 0 0 0 0 0 0 0 0 0 0 0 0 0 0 0 0 0 0 0 0 0 0 0 0 0 0 0 0 0 0 0 0 0 0 0 0 0 0 0 0 0 0 0 0 0 0 0 0 0 0 0 0 0 0 0 0 0 0 0 0 0 0 0 0 0 0 0 0 0 0 0 0 0 0 0 0 0 0 0 0 0 0 0 0 0 0 0 0 0 0 0 0 0 0 0 0 0 0 0 0 0 0 0 0 0 0 0 0 0 0 0 0 0 0 0 0 0 0 0 0 0 0 0 0 0 0 0 0 0 0 0 0 0 0 0 0 0 0 0 0 0 0 0 0 0 0 0 0 0 0 0 0 0 0 0 0 0 0 0 0 0 0 0 0 0 0 0 0 0 0 0 0 0 0 0 0 0 0 0 0 0 0 0 0 0 0 0 0 0 0 0 0 0 0 0 0 0 0 0 0 0 0 0 0 0 0 0 0 0 0 0 0 0 0 0 0 0 0 0 0 0 0 0 0 0 0 0 0 0 0 0 0 0 0 0 0 0 0 0 0 0 0 0 0 0 0 0 0 0 0 0 0 0 0 0 0 0 0 0 0 0 0 0 0 0 0 0 0 0 0 0 0 0 0 0 0 0 0 0 0 0 0 0 0 0 0 0 0 0 0 0 0 0 0 0 0 0 0 0 0 0 0 0 0 0 0 0 0 0 0 0 0 0 0 0 0 0 0 0 0 0 0 0 0 0 0 0 0 0 0 0 0 0 0 0 0 0 0 0 0 0 0 0 0 0 0 0 0 0 0 0 0 0 0 0 0 0 0 0 0 0 0 0 0 0 0 0 0 0 0 0 0 0 0 0 0 0 0 0 0 0 0 0 0 0 0 0 0 0 0 0 0 0 0 0 0 0 0 0 0 0 0 0 0 0 0 0 0 0 0 0 0 0 0 0 0 0 0 0 0 0 0 0 0 0 0 0 0 0 0 0 0 0 0 0 0 0 0 0 0 0 0 0 0 0 0 0 0 0 0 0 0 0 0 0 0 0 0 0 0 0 0 0 0 0 0 0 0 0 0 0 0 0 0 0 0 0 0 0 0 0 0 0 0 0 0 0 0 0 0 0 0 0 0 0 0 0 0 0 0 0 0 0 0 0 0 0 0 0 0 0 0 0 0 0 0 0 0 0 0 0 0 0 0 0 0 0 0 0 0 0 0 0 0 0 0 0 0 0 0 0 0 0 0 0 0 0 0 0 0 0 0 0 0 0 0 0 0 0 0 0 0 0 0 0 0 0 0 0 0 0 0 0 0 0 0 0 0 0 0 0 0 0 0 0 0 0 0 0 0 0 0 0 0 0 0 0 0 0 0 0 0 0 0 0 0 0 0 0 0 0 0 0 0 0 0 0 0 0 0 0 0 0 0 0 0 0 0 0 0 0 0 0 0 0 0 0 0 0 0 0 0 0 0 0 0 0 0 0 0 0 0 0 0 0 0 0 0 0 0 0 0 0 0 0 0 0 0 0 0 0 0 0 0 0 0 0 0 0 0 0 0 0 0 0 0 0 0 0 0 0 0 0 0 0 0 0 0 0 0 0 0 0 0 0 0 0 0 0 0 0 0 0 0 0 0 0 0 0 0 0 0 0 0 0 0 0 0 0 0 0 0 0 0 0 0 0 0 0 0 0 0 0 0 0 0 0 0 0 0 0 0 0 0 0 0 0 0 0 0 0 0 0 0 0 0 0 0 0 0 0 0 0 0 0 0 0 0 0 0 0 0 0 0 0 0 0 0 0 0 0 0 0 0 0 0 0 0 0 0 0 0 0 0 0 0 0 0 0 0 0 0 0 0 0 0 0 0 0 0 0 0 0 0 0 0 0 0 0 0 0 0 0 0 0 0 0 0 0 0 0 0 0 0 0 0 0 0 0 0 0 0 0 0 0 0 0 0 0 0 0 0 0 0 0 0 0 0 0 0 0 0 0 0 0 0 0 0 0 0 0 0 0 0 0 0 0 0 0 0 0 0 0 0 0 0 0 0 0 0 0 0 0 0 0 0 0 0 0 0 0 0 0 0 0 0 0 0 0 0 0 0 0 0 0 0 0 0 0 0 0 0 0 0 0 0 0 0 0 0 0 0 0 0 0 0 0 0 0 0 0 0 0 0 0 0 0 0 0 0 0 0 0 0 0 0 0 0 0 0 0 0 0 0 0 0 0 0 0 0 0 0 0 0 0 0 0 0 0 0 0 0 0 0 0 0 0 0 0 0 0 0 0 0 0 0 0 0 0 0 0 0 0 0 0 0 0 0 0 0 0 0 0 0 0 0 0 0 0 0 0 0 0 0 0 0 0 0 0 0 0 0 0 0 0 0 0 0 0 0 0 0 0 0 0 0 0 0 0 0 0 0 0 0 0 0 0 0 0 0 0 0 0 0 0 0 0 0 0 0 0 0 0 0 0 0 0 0 0 0 0 0 0 0 0 0 0 0 0 0 0 0 0 0 0 0 0 0 0 0 0 0 0 0 0 0 0 0 0 0 0 0 0 0 0 0 0 0 0 0 0 0 0 0 0 0 0 0 0 0 0 0 0 0 0 0 0 0 0 0 0 0 0 0 0 0 0 0 0 0 0 0 0 0 0 0 0 0 0 0 0 0 0 0 0 0 0 0 0 0 0 0 0 0 0 0 0 0 0 0 0 0 0 0 0 0 0 0 0 0 0 0 0 0 0 0 0 0 0 0 0 0 0 0 0 0 0 0 0 0 0 0 0 0 0 0 0 0 0 0 0 0 0 0 0 0 0 0 0 0 0 0 0 0 0 0 0 0 0 0 0 0 0 0 0 0 0 0 0 0 0 0 0 0 0 0 0 0 0 0 0 0 0 0 0 0 0 0 0 0 0 0 0 0 0 0 0 0 0 0 0 0 0 0 0 0 0 0 0 0 0 0 0 0 0 0 0 0 0 0 0 0 0 0 0 0 0 0 0 0 0 0 0 0 0 0 0 0 0 0 0 0 0 0 0 0 0 0 0 0 0 0 0 0 0 0 0 0 0 0 0 0 0 0 0 0 0 0 0 0 0 0 0 0 0 0 0 0 0 0 0 0 0 0 0 0 0 0 0 0 0 0 0 0 0 0 0 0 0 0 0 0 0 0 0 0 0 0 0 0 0 0 0 0 0 0 0 0 0 0 0 0 0 0 0 0 0 0 0 0 0 0 0 0 0 0 0 0 0 0 0 0 0 0 0 0 0 0 0 0 0 0 0 0 0 0 0 0 0 0 0 0 0 0 0 0 0 0 0 0 0 0 0 0 0 0 0 0 0 0 0 0 0 0 0 0 0 0 0 0 0 0 0 0 0 0 0 0 0 0 0 0 0 0 0 0 0 0 0 0 0 0 0 0 0 0 0 0 0 0 0 0 0 0 0 0 0 0 0 0 0 0 0 0 0 0 0 0 0 0 0 0 0 0 0 0 0 0 0 0 0 0 0 0 0 0 0 0 0 0 0 0 0 0 0 0 0 0 0 0 0 0 0 0 0 0 0 0 0 0 0 0 0 0 0 0 0 0 0 0 0 0 0 0 0 0 0 0 0 0 0 0 0 0 0 0 0 0 0 0 0 0 0 0 0 0 0 0 0 0 0 0 0 0 0 0 0 0 0 0 0 0 0 0 0 0 0 0 0 0 0 0 0 0 0 0 0 0 0 0 0 0 0 0 0 0 0 0 0 0 0 0 0 0 0 0 0 0 0 0 0 0 0 0 0 0 0 0 0 0 0 0 0 0 0 0 0 0 0 0 0 0 0 0 0 0 0 0 0 0 0 0 0 0 0 0 0 0 0 0 0 0 0 0 0 0 0 0 0 0 0 0 0 0 0 0 0 0 0 0 0 0 0 0 0 0 0 0 0 0 0 0 0 0 0 0 0 0 0 0 0 0 0 0 0 0 0 0 0 0 0 0 0 0 0 0 0 0 0 0 0 0 0 0 0 0 0 0 0 0 0 0 0 0 0 0 0 0 0 0 0 0 0 0 0 0 0 0 0 0 0 0 0 0 0 0 0 0 0 0 0 0 0 0 0 0 0 0 0 0 0 0 0 0 0 0 0 0 0 0 0 0 0 0 0 0 0 0 0 0 0 0 0 0 0 0 0 0 0 0 0 0 0 0 0 0 0 0 0 0 0 0 0 0 0 0 0 0 0 0 0 0 0 0 0 0 0 0 0 0 0 0 0 0 0 0 0 0 0 0 0 0 0 0 0 0 0 0 0 0 0 0 0 0 0 0 0 0 0 0 0 0 0 0 0 0 0 0 0 0 0 0 0 0 0 0 0 0 0 0 0 0 0 0 0 0 0 0 0 0 0 0 0 0 0 0 0 0 0 0 0 0 0 0 0 0 0 0 0 0 0 0 0 0 0 0 0 0 0 0 0 0 0 0 0 0 0 0 0 0 0 0 0 0 0 0 0 0 0 0 0 0 0 0 0 0 0 0 0 0 0 0 0 0 0 0 0 0 0 0 0 0 0 0 0 0 0 0 0 0 0 0 0 0 0 0 0 0 0 0 0 0 0 0 0 0 0 0 0 0 0 0 0 0 0 0 0 0 0 0 0 0 0 0 0 0 0 0 0 0 0 0 0 0 0 0 0 0 0 0 0 0 0 0 0 0 0 0 0 0 0 0 0 0 0 0 0 0 0 0 0 0 0 0 0 0 0 0 0 0 0 0 0 0 0 0 0 0 0 0 0 0 0 0 0 0 0 0 0 0 0 0 0 0 0 0 0 0 0 0 0 0 0 0 0 0 0 0 0 0 0 0 0 0 0 0 0 0 0 0 0 0 0 0 0 0 0 0 0 0 0 0 0 0 0 0 0 0 0 0 0 0 0 0 0 0 0 0 0 0 0 0 0 0 0 0 0 0 0 0 0 0 0 0 0 0 0 0 0 0 0 0 0 0 0 0 0 0 0 0 0 0 0 0 0 0 0 0 0 0 0 0 0 0 0 0 0 0 0 0 0 0 0 0 0 0 0 0 0 0 0 0 0 0 0 0 0 0 0 0 0 0 0 0 0 0 0 0 0 0 0 0 0 0 0 0 0 0 0 0 0 0 0 0 0 0 0 0 0 0 0 0 0 0 0 0 0 0 0 0 0 0 0 0 0 0 0 0 0 0 0 0 0 0 0 0 0 0 0 0 0 0 0 0 0 0 0 0 0 0 0 0 0 0 0 0 0 0 0 0 0 0 0 0 0 0 0 0 0 0 0 0 0 0 0 0 0 0 0 0 0 0 0 0 0 0 0 0 0 0 0 0 0 0 0 0 0 0 0 0 0 0 0 0 0 0 0 0 0 0 0 0 0 0 0 0 0 0 0 0 0 0 0 0 0 0 0 0 0 0 0 0 0 0 0 0 0 0 0 0 0 0 0 0 0 0 0 0 0 0 0 0 0 0 0 0 0 0 0 0 0 0 0 0 0 0 0 0 0 0 0 0 0 0 0 0 0 0 0 0 0 0 0 0 0 0 0 0 0 0 0 0 0 0 0 0 0 0 0 0 0 0 0 0 0 0 0 0 0 0 0 0 0 0 0 0 0 0 0 0 0 0 0 0 0 0 0 0 0 0 0 0 0 0 0 0 0 0 0 0 0 0 0 0 0 0 0 0 0 0 0 0 0 0 0 0 0 0 0 0 0 0 0 0 0 0 0 0 0 0 0 0 0 0 0 0 0 0 0 0 0 0 0 0 0 0 0 0 0 0 0 0 0 0 0 0 0 0 0 0 0 0 0 0 0 0 0 0 0 0 0 0 0 0 0 0 0 0 0 0 0 0 0 0 0 0 0 0 0 0 0 0 0 0 0 0 0 0 0 0 0 0 0 0 0 0 0 0 0 0 0 0 0 0 0 0 0 0 0 0 0 0 0 0 0 0 0 0 0 0 0 0 0 0 0 0 0 0 0 0 0 0 0 0 0 0 0 0 0 0 0 0 0 0 0 0 0 0 0 0 0 0 0 0 0 0 0 0 0 0 0 0 0 0 0 0 0 0 0 0 0 0 0 0 0 0 0 0 0 0 0 0 0 0 0 0 0 0 0 0 0 0 0 0 0 0 0 0 0 0 0 0 0 0 0 0 0 0 0 0 0 0 0 0 0 0 0 0 0 0 0 0 0 0 0 0 0 0 0 0 0 0 0 0 0 0 0 0 0 0 0 0 0 0 0 0 0 0 0 0 0 0 0 0 0 0 0 0 0 0 0 0 0 0 0 0 0 0 0 0 0 0 0 0 0 0 0 0 0 0 0 0 0 0 0 0 0 0 0 0 0 0 0 0 0 0 0 0 0 0 0 0 0 0 0 0 0 0 0 0 0 0 0 0 0 0 0 0 0 0 0 0 0 0 0 0 0 0 0 0 0 0 0 0 0 0 0 0 0 0 0 0 0 0 0 0 0 0 0 0 0 0 0 0 0 0 0 0 0 0 0 0 0 0 0 0 0 0 0 0 0 0 0 0 0 0 0 0 0 0 0 0 0 0 0 0 0 0 0 0 0 0 0 0 0 0 0 0 0 0 0 0 0 0 0 0 0 0 0 0 0 0 0 0 0 0 0 0 0 0 0 0 0 0 0 0 0 0 0 0 0 0 0 0 0 0 0 0 0 0 0 0 0 0 0 0 0 0 0 0 0 0 0 0 0 0 0 0 0 0 0 0 0 0 0 0 0 0 0 0 0 0 0 0 0 0 0 0 0 0 0 0 0 0 0 0 0 0 0 0 0 0 0 0 0 0 0 0 0 0 0 0 0 0 0 0 0 0 0 0 0 0 0 0 0 0 0 0 0 0 0 0 0 0 0 0 0 0 0 0 0 0 0 0 0 0 0 0 0 0 0 0 0 0 0 0 0 0 0 0 0 0 0 0 0 0 0 0 0 0 0 0 0 0 0 0 0 0 0 0 0 0 0 0 0 0 0 0 0 0 0 0 0 0 0 0 0 0 0 0 0 0 0 0 0 0 0 0 0 0 0 0 0 0 0 0 0 0 0 0 0 0 0 0 0 0 0 0 0 0 0 0 0 0 0 0 0 0 0 0 0 0 0 0 0 0 0 0 0 0 0 0 0 0 0 0 0 0 0 0 0 0 0 0 0 0 0 0 0 0 0 0 0 0 0 0 0 0 0 0 0 0 0 0 0 0 0 0 0 0 0 0 0 0 0 0 0 0 0 0 0 0 0 0 0 0 0 0 0 0 0 0 0 0 0 0 0 0 0 0 0 0 0 0 0 0 0 0 0 0 0 0 0 0 0 0 0 0 0 0 0 0 0 0 0 0 0 0 0 0 0 0 0 0 0 0 0 0 0 0 0 0 0 0 0 0 0 0 0 0 0 0 0 0 0 0 0 0 0 0 0 0 0 0 0 0 0 0 0 0 0 0 0 0 0 0 0 0 0 0 0 0 0 0 0 0 0 0 0 0 0 0 0 0 0 0 0 0 0 0 0 0 0 0 0 0 0 0 0 0 0 0 0 0 0 0 0 0 0 0 0 0 0 0 0 0 0 0 0 0 0 0 0 0 0 0 0 0 0 0 0 0 0 0 0 0 0 0 0 0 0 0 0 0 0 0 0 0 0 0 0 0 0 0 0 0 0 0 0 0 0 0 0 0 0 0 0 0 0 0 0 0 0 0 0 0 0 0 0 0 0 0 0 0 0 0 0 0 0 0 0 0 0 0 0 0 0 0 0 0 0 0 0 0 0 0 0 0 0 0 0 0 0 0 0 0 0 0 0 0 0 0 0 0 0 0 0 0 0 0 0 0 0 0 0 0 0 0 0 0 0 0 0 0 0 0 0 0 0 0 0 0 0 0 0 0 0 0 0 0 0 0 0 0 0 0 0 0 0 0 0 0 0 0 0 0 0 0 0 0 0 0 0 0 0 0 0 0 0 0 0 0 0 0 0 0 0 0 0 0 0 0 0 0 0 0 0 0 0 0 0 0 0 0 0 0 0 0 0 0 0 0 0 0 0 0 0 0 0 0 0 0 0 0 0 0 0 0 0 0 0 0 0 0 0 0 0 0 0 0 0 0 0 0 0 0 0 0 0 0 0 0 0 0 0 0 0 0 0 0 0 0 0 0 0 0 0 0 0 0 0 0 0 0 0 0 0 0 0 0 0 0 0 0 0 0 0 0 0 0 0 0 0 0 0 0 0 0 0 0 0 0 0 0 0 0 0 0 0 0 0 0 0 0 0 0 0 0 0 0 0 0 0 0 0 0 0 0 0 0 0 0 0 0 0 0 0 0 0 0 0 0 0 0 0 0 0 0 0 0 0 0 0 0 0 0 0 0 0 0 0 0 0 0 0 0 0 0 0 0 0 0 0 0 0 0 0 0 0 0 0 0 0 0 0 0 0 0 0 0 0 0 0 0 0 0 0 0 0 0 0 0 0 0 0 0 0 0 0 0 0 0 0 0 0 0 0 0 0 0 0 0 0 0 0 0 0 0 0 0 0 0 0 0 0 0 0 0 0 0 0 0 0 0 0 0 0 0 0 0 0 0 0 0 0 0 0 0 0 0 0 0 0 0 0 0 0 0 0 0 0 0 0 0 0 0 0 0 0 0 0 0 0 0 0 0 0 0 0 0 0 0 0 0 0 0 0 0 0 0 0 0 0 0 0 0 0 0 0 0 0 0 0 0 0 0 0 0 0 0 0 0 0 0 0 0 0 0 0 0 0 0 0 0 0 0 0 0 0 0 0 0 0 0 0 0 0 0 0 0 0 0 0 0 0 0 0 0 0 0 0 0 0 0 0 0 0 0 0 0 0 0 0 0 0 0 0 0 0 0 0 0 0 0 0 0 0 0 0 0 0 0 0 0 0 0 0 0 0 0 0 0 0 0 0 0 0 0 0 0 0 0 0 0 0 0 0 0 0 0 0 0 0 0 0 0 0 0 0 0 0 0 0 0 0 0 0 0 0 0 0 0 0 0 0 0 0 0 0 0 0 0 0 0 0 0 0 0 0 0 0 0 0 0 0 0 0 0 0 0 0 0 0 0 0 0 0 0 0 0 0 0 0 0 0 0 0 0 0 0 0 0 0 0 0 0 0 0 0 0 0 0 0 0 0 0 0 0 0 0 0 0 0 0 0 0 0 0 0 0 0 0 0 0 0 0 0 0 0 0 0 0 0 0 0 0 0 0 0 0 0 0 0 0 0 0 0 0 0 0 0 0 0 0 0 0 0 0 0 0 0 0 0 0 0 0 0 0 0 0 0 0 0 0 0 0 0 0 0 0 0 0 0 0 0 0 0 0 0 0 0 0 0 0 0 0 0 0 0 0 0 0 0 0 0 0 0 0 0 0 0 0 0 0 0 0 0 0 0 0 0 0 0 0 0 0 0 0 0 0 0 0 0 0 0 0 0 0 0 0 0 0 0 0 0 0 0 0 0 0 0 0 0 0 0 0 0 0 0 0 0 0 0 0 0 0 0 0 0 0 0 0 0 0 0 0 0 0 0 0 0 0 0 0 0 0 0 0 0 0 0 0 0 0 0 0 0 0 0 0 0 0 0 0 0 0 0 0 0 0 0 0 0 0 0 0 0 0 0 0 0 0 0 0 0 0 0 0 0 0 0 0 0 0 0 0 0 0 0 0 0 0 0 0 0 0 0 0 0 0 0 0 0 0 0 0 0 0 0 0 0 0 0 0 0 0 0 0 0 0 0 0 0 0 0 0 0 0 0 0 0 0 0 0 0 0 0 0 0 0 0 0 0 0 0 0 0 0 0 0 0 0 0 0 0 0 0 0 0 0 0 0 0 0 0 0 0 0 0 0 0 0 0 0 0 0 0 0 0 0 0 0 0 0 0 0 0 0 0 0 0 0 0 0 0 0 0 0 0 0 0 0 0 0 0 0 0 0 0 0 0 0 0 0 0 0 0 0 0 0 0 0 0 0 0 0 0 0 0 0 0 0 0 0 0 0 0 0 0 0 0 0 0 0 0 0 0 0 0 0 0 0 0 0 0 0 0 0 0 0 0 0 0 0 0 0 0 0 0 0 0 0 0 0 0 0 0 0 0 0 0 0 0 0 0 0 0 0 0 0 0 0 0 0 0 0 0 0 0 0 0 0 0 0 0 0 0 0 0 0 0 0 0 0 0 0 0 0 0 0 0 0 0 0 0 0 0 0 0 0 0 0 0 0 0 0 0 0 0 0 0 0 0 0 0 0 0 0 0 0 0 0 0 0 0 0 0 0 0 0 0 0 0 0 0 0 0 0 0 0 0 0 0 0 0 0 0 0 0 0 0 0 0 0 0 0 0 0 0 0 0 0 0 0 0 0 0 0 0 0 0 0 0 0 0 0 0 0 0 0 0 0 0 0 0 0 0 0 0 0 0 0 0 0 0 0 0 0 0 0 0 0 0 0 0 0 0 0 0 0 0 0 0 0 0 0 0 0 0 0 0 0 0 0 0 0 0 0 0 0 0 0 0 0 0 0 0 0 0 0 0 0 0 0 0 0 0 0 0 0 0 0 0 0 0 0 0 0 0 0 0 0 0 0 0 0 0 0 0 0 0 0 0 0 0 0 0 0 0 0 0 0 0 0 0 0 0 0 0 0 0 0 0 0 0 0 0 0 0 0 0 0 0 0 0 0 0 0 0 0 0 0 0 0 0 0 0 0 0 0 0 0 0 0 0 0 0 0 0 0 0 0 0 0 0 0 0 0 0 0 0 0 0 0 0 0 0 0 0 0 0 0 0 0 0 0 0 0 0 0 0 0 0 0 0 0 0 0 0 0 0 0 0 0 0 0 0 0 0 0 0 0 0 0 0 0 0 0 0 0 0 0 0 0 0 0 0 0 0 0 0 0 0 0 0 0 0 0 0 0 0 0 0 0 0 0 0 0 0 0 0 0 0 0 0 0 0 0 0 0 0 0 0 0 0 0 0 0 0 0 0 0 0 0 0 0 0 0 0 0 0 0 0 0 0 0 0 0 0 0 0 0 0 0 0 0 0 0 0 0 0 0 0 0 0 0 0 0 0 0 0 0 0 0 0 0 0 0 0 0 0 0 0 0 0 0 0 0 0 0 0 0 0 0 0 0 0 0 0 0 0 0 0 0 0 0 0 0 0 0 0 0 0 0 0 0 0 0 0 0 0 0 0 0 0 0 0 0 0 0 0 0 0 0 0 0 0 0 0 0 0 0 0 0 0 0 0 0 0 0 0 0 0 0 0 0 0 0 0 0 0 0 0 0 0 0 0 0 0 0 0 0 0 0 0 0 0 0 0 0 0 0 0 0 0 0 0 0 0 0 0 0 0 0 0 0 0 0 0 0 0 0 0 0 0 0 0 0 0 0 0 0 0 0 0 0 0 0 0 0 0 0 0 0 0 0 0 0 0 0 0 0 0 0 0 0 0 0 0 0 0 0 0 0 0 0 0 0 0 0 0 0 0 0 0 0 0 0 0 0 0 0 0 0 0 0 0 0 0 0 0 0 0 0 0 0 0 0 0 0 0 0 0 0 0 0 0 0 0 0 0 0 0 0 0 0 0 0 0 0 0 0 0 0 0 0 0 0 0 0 0 0 0 0 0 0 0 0 0 0 0 0 0 0 0 0 0 0 0 0 0 0 0 0 0 0 0 0 0 0 0 0 0 0 0 0 0 0 0 0 0 0 0 0 0 0 0 0 0 0 0 0 0 0 0 0 0 0 0 0 0 0 0 0 0 0 0 0 0 0 0 0 0 0 0 0 0 0 0 0 0 0 0 0 0 0 0 0 0 0 0 0 0 0 0 0 0 0 0 0 0 0 0 0 0 0 0 0 0 0 0 0 0 0 0 0 0 0 0 0 0 0 0 0 0 0 0 0 0 0 0 0 0 0 0 0 0 0 0 0 0 0 0 0 0 0 0 0 0 0 0 0 0 0 0 0 0 0 0 0 0 0 0 0 0 0 0 0 0 0 0 0 0 0 0 0 0 0 0 0 0 0 0 0 0 0 0 0 0 0 0 0 0 0 0 0 0 0 0 0 0 0 0 0 0 0 0 0 0 0 0 0 0 0 0 0 0 0 0 0 0 0 0 0 0 0 0 0 0 0 0 0 0 0 0 0 0 0 0 0 0 0 0 0 0 0 0 0 0 0 0 0 0 0 0 0 0 0 0 0 0 0 0 0 0 0 0 0 0 0 0 0 0 0 0 0 0 0 0 0 0 0 0 0 0 0 0 0 0 0 0 0 0 0 0 0 0 0 0 0 0 0 0 0 0 0 0 0 0 0 0 0 0 0 0 0 0 0 0 0 0 0 0 0 0 0 0 0 0 0 0 0 0 0 0 0 0 0 0 0 0 0 0 0 0 0 0 0 0 0 0 0 0 0 0 0 0 0 0 0 0 0 0 0 0 0 0 0 0 0 0 0 0 0 0 0 0 0 0 0 0 0 0 0 0 0 0 0 0 0 0 0 0 0 0 0 0 0 0 0 0 0 0 0 0 0 0 0 0 0 0 0 0 0 0 0 0 0 0 0 0 0 0 0 0 0 0 0 0 0 0 0 0 0 0 0 0 0 0 0 0 0 0 0 0 0 0 0 0 0 0 0 0 0 0 0 0 0 0 0 0 0 0 0 0 0 0 0 0 0 0 0 0 0 0 0 0 0 0 0 0 0 0 0 0 0 0 0 0 0 0 0 0 0 0 0 0 0 0 0 0 0 0 0 0 0 0 0 0 0 0 0 0 0 0 0 0 0 0 0 0 0 0 0 0 0 0 0 0 0 0 0 0 0 0 0 0 0 0 0 0 0 0 0 0 0 0 0 0 0 0 0 0 0 0 0 0 0 0 0 0 0 0 0 0 0 0 0 0 0 0 0 0 0 0 0 0 0 0 0 0 0 0 0 0 0 0 0 0 0 0 0 0 0 0 0 0 0 0 0 0 0 0 0 0 0 0 0 0 0 0 0 0 0 0 0 0 0 0 0 0 0 0 0 0 0 0 0 0 0 0 0 0 0 0 0 0 0 0 0 0 0 0 0 0 0 0 0 0 0 0 0 0 0 0 0 0 0 0 0 0 0 0 0 0 0 0 0 0 0 0 0 0 0 0 0 0 0 0 0 0 0 0 0 0 0 0 0 0 0 0 0 0 0 0 0 0 0 0 0 0 0 0 0 0 0 0 0 0 0 0 0 0 0 0 0 0 0 0 0 0 0 0 0 0 0 0 0 0 0 0 0 0 0 0 0 0 0 0 0 0 0 0 0 0 0 0 0 0 0 0 0 0 0 0 0 0 0 0 0 0 0 0 0 0 0 0 0 0 0 0 0 0 0 0 0 0 0 0 0 0 0 0 0 0 0 0 0 0 0 0 0 0 0 0 0 0 0 0 0 0 0 0 0 0 0 0 0 0 0 0 0 0 0 0 0 0 0 0 0 0 0 0 0 0 0 0 0 0 0 0 0 0 0 0 0 0 0 0 0 0 0 0 0 0 0 0 0 0 0 0 0 0 0 0 0 0 0 0 0 0 0 0 0 0 0 0 0 0 0 0 0 0 0 0 0 0 0 0 0 0 0 0 0 0 0 0 0 0 0 0 0 0 0 0 0 0 0 0 0 0 0 0 0 0 0 0 0 0 0 0 0 0 0 0 0 0 0 0 0 0 0 0 0 0 0 0 0 0 0 0 0 0 0 0 0 0 0 0 0 0 0 0 0 0 0 0 0 0 0 0 0 0 0 0 0 0 0 0 0 0 0 0 0 0 0 0 0 0 0 0 0 0 0 0 0 0 0 0 0 0 0 0 0 0 0 0 0 0 0 0 0 0 0 0 0 0 0 0 0 0 0 0 0 0 0 0 0 0 0 0 0 0 0 0 0 0 0 0 0 0 0 0 0 0 0 0 0 0 0 0 0 0 0 0 0 0 0 0 0 0 0 0 0 0 0 0 0 0 0 0 0 0 0 0 0 0 0 0 0 0 0 0 0 0 0 0 0 0 0 0 0 0 0 0 0 0 0 0 0 0 0 0 0 0 0 0 0 0 0 0 0 0 0 0 0 0 0 0 0 0 0 0 0 0 0 0 0 0 0 0 0 0 0 0 0 0 0 0 0 0 0 0 0 0 0 0 0 0 0 0 0 0 0 0 0 0 0 0 0 0 0 0 0 0 0 0 0 0 0 0 0 0 0 0 0 0 0 0 0 0 0 0 0 0 0 0 0 0 0 0 0 0 0 0 0 0 0 0 0 0 0 0 0 0 0 0 0 0 0 0 0 0 0 0 0 0 0 0 0 0 0 0 0 0 0 0 0 0 0 0 0 0 0 0 0 0 0 0 0 0 0 0 0 0 0 0 0 0 0 0 0 0 0 0 0 0 0 0 0 0 0 0 0 0 0 0 0 0 0 0 0 0 0 0 0 0 0 0 0 0 0 0 0 0 0 0 0 0 0 0 0 0 0 0 0 0 0 0 0 0 0 0 0 0 0 0 0 0 0 0 0 0 0 0 0 0 0 0 0 0 0 0 0 0 0 0 0 0 0 0 0 0 0 0 0 0 0 0 0 0 0 0 0 0 0 0 0 0 0 0 0 0 0 0 0 0 0 0 0 0 0 0 0 0 0 0 0 0 0 0 0 0 0 0 0 0 0 0 0 0 0 0 0 0 0 0 0 0 0 0 0 0 0 0 0 0 0 0 0 0 0 0 0 0 0 0 0 0 0 0 0 0 0 0 0 0 0 0 0 0 0 0 0 0 0 0 0 0 0 0 0 0 0 0 0 0 0 0 0 0 0 0 0 0 0 0 0 0 0 0 0 0 0 0 0 0 0 0 0 0 0 0 0 0 0 0 0 0 0 0 0 0 0 0 0 0 0 0 0 0 0 0 0 0 0 0 0 0 0 0 0 0 0 0 0 0 0 0 0 0 0 0 0 0 0 0 0 0 0 0 0 0 0 0 0 0 0 0 0 0 0 0 0 0 0 0 0 0 0 0 0 0 0 0 0 0 0 0 0 0 0 0 0 0 0 0 0 0 0 0 0 0 0 0 0 0 0 0 0 0 0 0 0 0 0 0 0 0 0 0 0 0 0 0 0 0 0 0 0 0 0 0 0 0 0 0 0 0 0 0 0 0 0 0 0 0 0 0 0 0 0 0 0 0 0 0 0 0 0 0 0 0 0 0 0 0 0 0 0 0 0 0 0 0 0 0 0 0 0 0 0 0 0 0 0 0 0 0 0 0 0 0 0 0 0 0 0 0 0 0 0 0 0 0 0 0 0 0 0 0 0 0 0 0 0 0 0 0 0 0 0 0 0 0 0 0 0 0 0 0 0 0 0 0 0 0 0 0 0 0 0 0 0 0 0 0 0 0 0 0 0 0 0 0 0 0 0 0 0 0 0 0 0 0 0 0 0 0 0 0 0 0 0 0 0 0 0 0 0 0 0 0 0 0 0 0 0 0 0 0 0 0 0 0 0 0 0 0 0 0 0 0 0 0 0 0 0 0 0 0 0 0 0 0 0 0 0 0 0 0 0 0 0 0 0 0 0 0 0 0 0 0 0 0 0 0 0 0 0 0 0 0 0 0 0 0 0 0 0 0 0 0 0 0 0 0 0 0 0 0 0 0 0 0 0 0 0 0 0 0 0 0 0 0 0 0 0 0 0 0 0 0 0 0 0 0 0 0 0 0 0 0 0 0 0 0 0 0 0 0 0 0 0 0 0 0 0 0 0 0 0 0 0 0 0 0 0 0 0 0 0 0 0 0 0 0 0 0 0 0 0 0 0 0 0 0 0 0 0 0 0 0 0 0 0 0 0 0 0 0 0 0 0 0 0 0 0 0 0 0 0 0 0 0 0 0 0 0 0 0 0 0 0 0 0 0 0 0 0 0 0 0 0 0 0 0 0 0 0 0 0 0 0 0 0 0 0 0 0 0 0 0 0 0 0 0 0 0 0 0 0 0 0 0 0 0 0 0 0 0 0 0 0 0 0 0 0 0 0 0 0 0 0 0 0 0 0 0 0 0 0 0 0 0 0 0 0 0 0 0 0 0 0 0 0 0 0 0 0 0 0 0 0 0 0 0 0 0 0 0 0 0 0 0 0 0 0 0 0 0 0 0 0 0 0 0 0 0 0 0 0 0 0 0 0 0 0 0 0 0 0 0 0 0 0 0 0 0 0 0 0 0 0 0 0 0 0 0 0 0 0 0 0 0 0 0 0 0 0 0 0 0 0 0 0 0 0 0 0 0 0 0 0 0 0 0 0 0 0 0 0 0 0 0 0 0 0 0 0 0 0 0 0 0 0 0 0 0 0 0 0 0 0 0 0 0 0 0 0 0 0 0 0 0 0 0 0 0 0 0 0 0 0 0 0 0 0 0 0 0 0 0 0 0 0 0 0 0 0 0 0 0 0 0 0 0 0 0 0 0 0 0 0 0 0 0 0 0 0 0 0 0 0 0 0 0 0 0 0 0 0 0 0 0 0 0 0 0 0 0 0 0 0 0 0 0 0 0 0 0 0 0 0 0 0 0 0 0 0 0 0 0 0 0 0 0 0 0 0 0 0 0 0 0 0 0 0 0 0 0 0 0 0 0 0 0 0 0 0 0 0 0 0 0 0 0 0 0 0 0 0 0 0 0 0 0 0 0 0 0 0 0 0 0 0 0 0 0 0 0 0 0 0 0 0 0 0 0 0 0 0 0 0 0 0 0 0 0 0 0 0 0 0 0 0 0 0 0 0 0 0 0 0 0 0 0 0 0 0 0 0 0 0 0 0 0 0 0 0 0 0 0 0 0 0 0 0 0 0 0 0 0 0 0 0 0 0 0 0 0 0 0 0 0 0 0 0 0 0 0 0 0 0 0 0 0 0 0 0 0 0 0 0 0 0 0 0 0 0 0 0 0 0 0 0 0 0 0 0 0 0 0 0 0 0 0 0 0 0 0 0 0 0 0 0 0 0 0 0 0 0 0 0 0 0 0 0 0 0 0 0 0 0 0 0 0 0 0 0 0 0 0 0 0 0 0 0 0 0 0 0 0 0 0 0 0 0 0 0 0 0 0 0 0 0 0 0 0 0 0 0 0 0 0 0 0 0 0 0 0 0 0 0 0 0 0 0 0 0 0 0 0 0 0 0 0 0 0 0 0 0 0 0 0 0 0 0 0 0 0 0 0 0 0 0 0 0 0 0 0 0 0 0 0 0 0 0 0 0 0 0 0 0 0 0 0 0 0 0 0 0 0 0 0 0 0 0 0 0 0 0 0 0 0 0 0 0 0 0 0 0 0 0 0 0 0 0 0 0 0 0 0 0 0 0 0 0 0 0 0 0 0 0 0 0 0 0 0 0 0 0 0 0 0 0 0 0 0 0 0 0 0 0 0 0 0 0 0 0 0 0 0 0 0 0 0 0 0 0 0 0 0 0 0 0 0 0 0 0 0 0 0 0 0 0 0 0 0 0 0 0 0 0 0 0 0 0 0 0 0 0 0 0 0 0 0 0 0 0 0 0 0 0 0 0 0 0 0 0 0 0 0 0 0 0 0 0 0 0 0 0 0 0 0 0 0 0 0 0 0 0 0 0 0 0 0 0 0 0 0 0 0 0 0 0 0 0 0 0 0 0 0 0 0 0 0 0 0 0 0 0 0 0 0 0 0 0 0 0 0 0 0 0 0 0 0 0 0 0 0 0 0 0 0 0 0 0 0 0 0 0 0 0 0 0 0 0 0 0 0 0 0 0 0 0 0 0 0 0 0 0 0 0 0 0 0 0 0 0 0 0 0 0 0 0 0 0 0 0 0 0 0 0 0 0 0 0 0 0 0 0 0 0 0 0 0 0 0 0 0 0 0 0 0 0 0 0 0 0 0 0 0 0 0 0 0 0 0 0 0 0 0 0 0 0 0 0 0 0 0 0 0 0 0 0 0 0 0 0 0 0 0 0 0 0 0 0 0 0 0 0 0 0 0 0 0 0 0 0 0 0 0 0 0 0 0 0 0 0 0 0 0 0 0 0 0 0 0 0 0 0 0 0 0 0 0 0 0 0 0 0 0 0 0 0 0 0 0 0 0 0 0 0 0 0 0 0 0 0 0 0 0 0 0 0 0 0 0 0 0 0 0 0 0 0 0 0 0 0 0 0 0 0 0 0 0 0 0 0 0 0 0 0 0 0 0 0 0 0 0 0 0 0 0 0 0 0 0 0 0 0 0 0 0 0 0 0 0 0 0 0 0 0 0 0 0 0 0 0 0 0 0 0 0 0 0 0 0 0 0 0 0 0 0 0 0 0 0 0 0 0 0 0 0 0 0 0 0 0 0 0 0 0 0 0 0 0 0 0 0 0 0 0 0 0 0 0 0 0 0 0 0 0 0 0 0 0 0 0 0 0 0 0 0 0 0 0 0 0 0 0 0 0 0 0 0 0 0 0 0 0 0 0 0 0 0 0 0 0 0 0 0 0 0 0 0 0 0 0 0 0 0 0 0 0 0 0 0 0 0 0 0 0 0 0 0 0 0 0 0 0 0 0 0 0 0 0 0 0 0 0 0 0 0 0 0 0 0 0 0 0 0 0 0 0 0 0 0 0 0 0 0 0 0 0 0 0 0 0 0 0 0 0 0 0 0 0 0 0 0 0 0 0 0 0 0 0 0 0 0 0 0 0 0 0 0 0 0 0 0 0 0 0 0 0 0 0 0 0 0 0 0 0 0 0 0 0 0 0 0 0 0 0 0 0 0 0 0 0 0 0 0 0 0 0 0 0 0 0 0 0 0 0 0 0 0 0 0 0 0 0 0 0 0 0 0 0 0 0 0 0 0 0 0 0 0 0 0 0 0 0 0 0 0 0 0 0 0 0 0 0 0 0 0 0 0 0 0 0 0 0 0 0 0 0 0 0 0 0 0 0 0 0 0 0 0 0 0 0 0 0 0 0 0 0 0 0 0 0 0 0 0 0 0 0 0 0 0 0 0 0 0 0 0 0 0 0 0 0 0 0 0 0 0 0 0 0 0 0 0 0 0 0 0 0 0 0 0 0 0 0 0 0 0 0 0 0 0 0 0 0 0 0 0 0 0 0 0 0 0 0 0 0 0 0 0 0 0 0 0 0 0 0 0 0 0 0 0 0 0 0 0 0 0 0 0 0 0 0 0 0 0 0 0 0 0 0 0 0 0 0 0 0 0 0 0 0 0 0 0 0 0 0 0 0 0 0 0 0 0 0 0 0 0 0 0 0 0 0 0 0 0 0 0 0 0 0 0 0 0 0 0 0 0 0 0 0 0 0 0 0 0 0 0 0 0 0 0 0 0 0 0 0 0 0 0 0 0 0 0 0 0 0 0 0 0 0 0 0 0 0 0 0 0 0 0 0 0 0 0 0 0 0 0 0 0 0 0 0 0 0 0 0 0 0 0 0 0 0 0 0 0 0 0 0 0 0 0 0 0 0 0 0 0 0 0 0 0 0 0 0 0 0 0 0 0 0 0 0 0 0 0 0 0 0 0 0 0 0 0 0 0 0 0 0 0 0 0 0 0 0 0 0 0 0 0 0 0 0 0 0 0 0 0 0 0 0 0 0 0 0 0 0 0 0 0 0 0 0 0 0 0 0 0 0 0 0 0 0 0 0 0 0 0 0 0 0 0 0 0 0 0 0 0 0 0 0 0 0 0 0 0 0 0 0 0 0 0 0 0 0 0 0 0 0 0 0 0 0 0 0 0 0 0 0 0 0 0 0 0 0 0 0 0 0 0 0 0 0 0 0 0 0 0 0 0 0 0 0 0 0 0 0 0 0 0 0 0 0 0 0 0 0 0 0 0 0 0 0 0 0 0 0 0 0 0 0 0 0 0 0 0 0 0 0 0 0 0 0 0 0 0 0 0 0 0 0 0 0 0 0 0 0 0 0 0 0 0 0 0 0 0 0 0 0 0 0 0 0 0 0 0 0 0 0 0 0 0 0 0 0 0 0 0 0 0 0 0 0 0 0 0 0 0 0 0 0 0 0 0 0 0 0 0 0 0 0 0 0 0 0 0 0 0 0 0 0 0 0 0 0 0 0 0 0 0 0 0 0 0 0 0 0 0 0 0 0 0 0 0 0 0 0 0 0 0 0 0 0 0 0 0 0 0 0 0 0 0 0 0 0 0 0 0 0 0 0 0 0 0 0 0 0 0 0 0 0 0 0 0 0 0 0 0 0 0 0 0 0 0 0 0 0 0 0 0 0 0 0 0 0 0 0 0 0 0 0 0 0 0 0 0 0 0 0 0 0 0 0 0 0 0 0 0 0 0 0 0 0 0 0 0 0 0 0 0 0 0 0 0 0 0 0 0 0 0 0 0 0 0 0 0 0 0 0 0 0 0 0 0 0 0 0 0 0 0 0 0 0 0 0 0 0 0 0 0 0 0 0 0 0 0 0 0 0 0 0 0 0 0 0 0 0 0 0 0 0 0 0 0 0 0 0 0 0 0 0 0 0 0 0 0 0 0 0 0 0 0 0 0 0 0 0 0 0 0 0 0 0 0 0 0 0 0 0 0 0 0 0 0 0 0 0 0 0 0 0 0 0 0 0 0 0 0 0 0 0 0 0 0 0 0 0 0 0 0 0 0 0 0 0 0 0 0 0 0 0 0 0 0 0 0 0 0 0 0 0 0 0 0 0 0 0 0 0 0 0 0 0 0 0 0 0 0 0 0 0 0 0 0 0 0 0 0 0 0 0 0 0 0 0 0 0 0 0 0 0 0 0 0 0 0 0 0 0 0 0 0 0 0 0 0 0 0 0 0 0 0 0 0 0 0 0 0 0 0 0 0 0 0 0 0 0 0 0 0 0 0 0 0 0 0 0 0 0 0 0 0 0 0 0 0 0 0 0 0 0 0 0 0 0 0 0 0 0 0 0 0 0 0 0 0 0 0 0 0 0 0 0 0 0 0 0 0 0 0 0 0 0 0 0 0 0 0 0 0 0 0 0 0 0 0 0 0 0 0 0 0 0 0 0 0 0 0 0 0 0 0 0 0 0 0 0 0 0 0 0 0 0 0 0 0 0 0 0 0 0 0 0 0 0 0 0 0 0 0 0 0 0 0 0 0 0 0 0 0 0 0 0 0 0 0 0 0 0 0 0 0 0 0 0 0 0 0 0 0 0 0 0 0 0 0 0 0 0 0 0 0 0 0 0 0 0 0 0 0 0 0 0 0 0 0 0 0 0 0 0 0 0 0 0 0 0 0 0 0 0 0 0 0 0 0 0 0 0 0 0 0 0 0 0 0 0 0 0 0 0 0 0 0 0 0 0 0 0 0 0 0 0 0 0 0 0 0 0 0 0 0 0 0 0 0 0 0 0 0 0 0 0 0 0 0 0 0 0 0 0 0 0 0 0 0 0 0 0 0 0 0 0 0 0 0 0 0 0 0 0 0 0 0 0 0 0 0 0 0 0 0 0 0 0 0 0 0 0 0 0 0 0 0 0 0 0 0 0 0 0 0 0 0 0 0 0 0 0 0 0 0 0 0 0 0 0 0 0 0 0 0 0 0 0 0 0 0 0 0 0 0 0 0 0 0 0 0 0 0 0 0 0 0 0 0 0 0 0 0 0 0 0 0 0 0 0 0 0 0 0 0 0 0 0 0 0 0 0 0 0 0 0 0 0 0 0 0 0 0 0 0 0 0 0 0 0 0 0 0 0 0 0 0 0 0 0 0 0 0 0 0 0 0 0 0 0 0 0 0 0 0 0 0 0 0 0 0 0 0 0 0 0 0 0 0 0 0 0 0 0 0 0 0 0 0 0 0 0 0 0 0 0 0 0 0 0 0 0 0 0 0 0 0 0 0 0 0 0 0 0 0 0 0 0 0 0 0 0 0 0 0 0 0 0 0 0 0 0 0 0 0 0 0 0 0 0 0 0 0 0 0 0 0 0 0 0 0 0 0 0 0 0 0 0 0 0 0 0 0 0 0 0 0 0 0 0 0 0 0 0 0 0 0 0 0 0 0 0 0 0 0 0 0 0 0 0 0 0 0 0 0 0 0 0 0 0 0 0 0 0 0 0 0 0 0 0 0 0 0 0 0 0 0 0 0 0 0 0 0 0 0 0 0 0 0 0 0 0 0 0 0 0 0 0 0 0 0 0 0 0 0 0 0 0 0 0 0 0 0 0 0 0 0 0 0 0 0 0 0 0 0 0 0 0 0 0 0 0 0 0 0 0 0 0 0 0 0 0 0 0 0 0 0 0 0 0 0 0 0 0 0 0 0 0 0 0 0 0 0 0 0 0 0 0 0 0 0 0 0 0 0 0 0 0 0 0 0 0 0 0 0 0 0 0 0 0 0 0 0 0 0 0 0 0 0 0 0 0 0 0 0 0 0 0 0 0 0 0 0 0 0 0 0 0 0 0 0 0 0 0 0 0 0 0 0 0 0 0 0 0 0 0 0 0 0 0 0 0 0 0 0 0 0 0 0 0 0 0 0 0 0 0 0 0 0 0 0 0 0 0 0 0 0 0 0 0 0 0 0 0 0 0 0 0 0 0 0 0 0 0 0 0 0 0 0 0 0 0 0 0 0 0 0 0 0 0 0 0 0 0 0 0 0 0 0 0 0 0 0 0 0 0 0 0 0 0 0 0 0 0 0 0 0 0 0 0 0 0 0 0 0 0 0 0 0 0 0 0 0 0 0 0 0 0 0 0 0 0 0 0 0 0 0 0 0 0 0 0 0 0 0 0 0 0 0 0 0 0 0 0 0 0 0 0 0 0 0 0 0 0 0 0 0 0 0 0 0 0 0 0 0 0 0 0 0 0 0 0 0 0 0 0 0 0 0 0 0 0 0 0 0 0 0 0 0 0 0 0 0 0 0 0 0 0 0 0 0 0 0 0 0 0 0 0 0 0 0 0 0 0 0 0 0 0 0 0 0 0 0 0 0 0 0 0 0 0 0 0 0 0 0 0 0 0 0 0 0 0 0 0 0 0 0 0 0 0 0 0 0 0 0 0 0 0 0 0 0 0 0 0 0 0 0 0 0 0 0 0 0 0 0 0 0 0 0 0 0 0 0 0 0 0 0 0 0 0 0 0 0 0 0 0 0 0 0 0 0 0 0 0 0 0 0 0 0 0 0 0 0 0 0 0 0 0 0 0 0 0 0 0 0 0 0 0 0 0 0 0 0 0 0 0 0 0 0 0 0 0 0 0 0 0 0 0 0 0 0 0 0 0 0 0 0 0 0 0 0 0 0 0 0 0 0 0 0 0 0 0 0 0 0 0 0 0 0 0 0 0 0 0 0 0 0 0 0 0 0 0 0 0 0 0 0 0 0 0 0 0 0 0 0 0 0 0 0 0 0 0 0 0 0 0 0 0 0 0 0 0 0 0 0 0 0 0 0 0 0 0 0 0 0 0 0 0 0 0 0 0 0 0 0 0 0 0 0 0 0 0 0 0 0 0 0 0 0 0 0 0 0 0 0 0 0 0 0 0 0 0 0 0 0 0 0 0 0 0 0 0 0 0 0 0 0 0 0 0 0 0 0 0 0 0 0 0 0 0 0 0 0 0 0 0 0 0 0 0 0 0 0 0 0 0 0 0 0 0 0 0 0 0 0 0 0 0 0 0 0 0 0 0 0 0 0 0 0 0 0 0 0 0 0 0 0 0 0 0 0 0 0 0 0 0 0 0 0 0 0 0 0 0 0 0 0 0 0 0 0 0 0 0 0 0 0 0 0 0 0 0 0 0 0 0 0 0 0 0 0 0 0 0 0 0 0 0 0 0 0 0 0 0 0 0 0 0 0 0 0 0 0 0 0 0 0 0 0 0 0 0 0 0 0 0 0 0 0 0 0 0 0 0 0 0 0 0 0 0 0 0 0 0 0 0 0 0 0 0 0 0 0 0 0 0 0 0 0 0 0 0 0</float_array>
                    <technique_common>
                        <accessor count="27042" source="#shape0-lib-map-array" stride="2">
                            <param name="U" type="float"/>
                            <param name="V" type="float"/>
                        </accessor>
                    </technique_common>
                </source>
                <vertices id="shape0-lib-vertices">
                    <input semantic="POSITION" source="#shape0-lib-positions"/>
                </vertices>
                <triangles count="9014">
                    <input offset="0" semantic="VERTEX" source="#shape0-lib-vertices"/>
                    <input offset="1" semantic="NORMAL" source="#shape0-lib-normals"/>
                    <input offset="2" semantic="TEXCOORD" source="#shape0-lib-map"/>
                    <p>74 0 0 1 0 1 0 0 2 78 1 3 74 1 4 0 1 5 0 2 6 1 2 7 81 2 8 0 3 9 81 3 10 78 3 11 78 4 12 81 4 13 2 4 14 2 5 15 81 5 16 3 5 17 4 6 18 6 6 19 5 6 20 81 7 21 5 7 22 6 7 23 82 8 24 6 8 25 4 8 26 82 9 27 4 9 28 156 9 29 155 10 30 82 10 31 156 10 32 19 11 33 114 11 34 14 11 35 90 12 36 19 12 37 7 12 38 114 13 39 152 13 40 15 13 41 17 14 42 15 14 43 152 14 44 13 15 45 9 15 46 10 15 47 12 16 48 10 16 49 9 16 50 13 17 51 11 17 52 9 17 53 12 18 54 13 18 55 10 18 56 12 19 57 17 19 58 13 19 59 9 20 60 24 20 61 12 20 62 12 21 63 24 21 64 14 21 65 12 22 66 14 22 67 15 22 68 12 23 69 15 23 70 17 23 71 8 24 72 16 24 73 17 24 74 18 25 75 17 25 76 16 25 77 13 26 78 17 26 79 18 26 80 19 27 81 14 27 82 20 27 83 20 28 84 22 28 85 21 28 86 14 29 87 22 29 88 20 29 89 21 30 90 22 30 91 23 30 92 22 31 93 25 31 94 23 31 95 24 32 96 26 32 97 25 32 98 24 33 99 25 33 100 22 33 101 2 34 102 26 34 103 28 34 104 2 35 105 25 35 106 26 35 107 26 36 108 27 36 109 29 36 110 27 37 111 26 37 112 30 37 113 26 38 114 29 38 115 28 38 116 30 39 117 26 39 118 31 39 119 31 40 120 26 40 121 24 40 122 32 41 123 133 41 124 31 41 125 35 42 126 31 42 127 133 42 128 31 43 129 33 43 130 32 43 131 31 44 132 24 44 133 33 44 134 30 45 135 31 45 136 34 45 137 34 46 138 31 46 139 35 46 140 127 47 141 34 47 142 35 47 143 37 48 144 36 48 145 127 48 146 127 49 147 36 49 148 34 49 149 37 50 150 30 50 151 36 50 152 38 51 153 30 51 154 37 51 155 38 52 156 205 52 157 30 52 158 38 53 159 37 53 160 39 53 161 38 54 162 43 54 163 41 54 164 38 55 165 44 55 166 43 55 167 41 56 168 205 56 169 38 56 170 44 57 171 38 57 172 39 57 173 41 58 174 193 58 175 40 58 176 194 59 177 49 59 178 196 59 179 196 60 180 148 60 181 197 60 182 44 61 183 42 61 184 43 61 185 45 62 186 42 62 187 44 62 188 42 63 189 45 63 190 124 63 191 48 64 192 42 64 193 124 64 194 42 65 195 48 65 196 43 65 197 124 66 198 45 66 199 126 66 200 41 67 201 119 67 202 149 67 203 149 68 204 193 68 205 41 68 206 195 69 207 147 69 208 194 69 209 49 70 210 194 70 211 147 70 212 148 71 213 196 71 214 49 71 215 198 72 216 53 72 217 50 72 218 198 73 219 51 73 220 53 73 221 55 74 222 53 74 223 51 74 224 52 75 225 55 75 226 51 75 227 52 76 228 51 76 229 198 76 230 53 77 231 55 77 232 54 77 233 89 78 234 207 78 235 54 78 236 55 79 237 89 79 238 54 79 239 89 80 240 76 80 241 207 80 242 208 81 243 207 81 244 76 81 245 55 82 246 56 82 247 74 82 248 55 83 249 57 83 250 56 83 251 55 84 252 120 84 253 57 84 254 55 85 255 52 85 256 120 85 257 74 86 258 89 86 259 55 86 260 208 87 261 58 87 262 59 87 263 208 88 264 60 88 265 58 88 266 62 89 267 61 89 268 70 89 269 62 90 270 208 90 271 61 90 272 208 91 273 76 91 274 61 91 275 62 92 276 64 92 277 63 92 278 62 93 279 65 93 280 64 93 281 62 94 282 69 94 283 65 94 284 29 95 285 65 95 286 66 95 287 29 96 288 64 96 289 65 96 290 66 97 291 65 97 292 69 97 293 29 98 294 66 98 295 67 98 296 67 99 297 66 99 298 68 99 299 71 100 300 68 100 301 66 100 302 71 101 303 66 101 304 69 101 305 72 102 306 68 102 307 71 102 308 71 103 309 69 103 310 70 103 311 71 104 312 61 104 313 72 104 314 72 105 315 61 105 316 73 105 317 70 106 318 61 106 319 71 106 320 77 107 321 61 107 322 76 107 323 77 108 324 76 108 325 89 108 326 61 109 327 77 109 328 75 109 329 77 110 330 2 110 331 28 110 332 77 111 333 28 111 334 75 111 335 78 112 336 2 112 337 77 112 338 77 113 339 89 113 340 78 113 341 3 114 342 80 114 343 79 114 344 3 115 345 81 115 346 80 115 347 82 116 348 79 116 349 80 116 350 82 117 351 80 117 352 81 117 353 82 118 354 81 118 355 6 118 356 79 119 357 83 119 358 84 119 359 79 120 360 84 120 361 7 120 362 7 121 363 85 121 364 21 121 365 7 122 366 86 122 367 85 122 368 86 123 369 19 123 370 20 123 371 20 124 372 85 124 373 86 124 374 86 125 375 87 125 376 88 125 377 86 126 378 88 126 379 87 126 380 86 127 381 85 127 382 88 127 383 86 128 384 88 128 385 85 128 386 7 129 387 19 129 388 86 129 389 20 130 390 21 130 391 85 130 392 79 131 393 7 131 394 21 131 395 83 132 396 82 132 397 155 132 398 155 133 399 154 133 400 83 133 401 83 134 402 154 134 403 84 134 404 79 135 405 82 135 406 83 135 407 21 136 408 23 136 409 79 136 410 79 137 411 23 137 412 25 137 413 79 138 414 25 138 415 3 138 416 28 139 417 29 139 418 75 139 419 75 140 420 29 140 421 73 140 422 73 141 423 29 141 424 67 141 425 73 142 426 67 142 427 72 142 428 74 143 429 78 143 430 89 143 431 73 144 432 61 144 433 75 144 434 1 145 435 74 145 436 157 145 437 91 146 438 74 146 439 90 146 440 157 147 441 74 147 442 91 147 443 107 148 444 106 148 445 18 148 446 13 149 447 18 149 448 106 149 449 16 150 450 107 150 451 18 150 452 109 151 453 110 151 454 137 151 455 134 152 456 141 152 457 112 152 458 140 153 459 134 153 460 112 153 461 132 154 462 140 154 463 115 154 464 115 155 465 116 155 466 132 155 467 93 156 468 116 156 469 100 156 470 132 157 471 116 157 472 93 157 473 102 158 474 94 158 475 100 158 476 93 159 477 100 159 478 94 159 479 97 160 480 95 160 481 130 160 482 96 161 483 130 161 484 95 161 485 101 162 486 95 162 487 97 162 488 102 163 489 99 163 490 101 163 491 101 164 492 98 164 493 95 164 494 101 165 495 99 165 496 98 165 497 111 166 498 139 166 499 103 166 500 105 167 501 111 167 502 104 167 503 104 168 504 111 168 505 106 168 506 110 169 507 111 169 508 103 169 509 106 170 510 111 170 511 110 170 512 104 171 513 106 171 514 107 171 515 106 172 516 110 172 517 108 172 518 110 173 519 109 173 520 108 173 521 109 174 522 106 174 523 108 174 524 138 175 525 111 175 526 105 175 527 141 176 528 138 176 529 105 176 530 104 177 531 107 177 532 151 177 533 114 178 534 74 178 535 113 178 536 113 179 537 74 179 538 140 179 539 113 180 540 141 180 541 105 180 542 113 181 543 112 181 544 141 181 545 113 182 546 140 182 547 112 182 548 104 183 549 113 183 550 105 183 551 74 184 552 115 184 553 140 184 554 115 185 555 117 185 556 116 185 557 116 186 558 117 186 559 100 186 560 118 187 561 117 187 562 48 187 563 117 188 564 118 188 565 102 188 566 119 189 567 48 189 568 117 189 569 74 190 570 119 190 571 117 190 572 74 191 573 117 191 574 115 191 575 100 192 576 117 192 577 102 192 578 49 193 579 120 193 580 121 193 581 49 194 582 147 194 583 120 194 584 148 195 585 49 195 586 121 195 587 149 196 588 56 196 589 193 196 590 56 197 591 57 197 592 193 197 593 123 198 594 99 198 595 122 198 596 123 199 597 122 199 598 125 199 599 126 200 600 125 200 601 122 200 602 126 201 603 122 201 604 99 201 605 124 202 606 126 202 607 99 202 608 99 203 609 118 203 610 124 203 611 48 204 612 124 204 613 118 204 614 126 205 615 46 205 616 125 205 617 123 206 618 125 206 619 46 206 620 123 207 621 46 207 622 47 207 623 45 208 624 46 208 625 126 208 626 47 209 627 146 209 628 123 209 629 96 210 630 146 210 631 127 210 632 128 211 633 129 211 634 127 211 635 127 212 636 146 212 637 37 212 638 96 213 639 127 213 640 129 213 641 96 214 642 129 214 643 130 214 644 128 215 645 130 215 646 129 215 647 128 216 648 94 216 649 130 216 650 128 217 651 93 217 652 94 217 653 130 218 654 94 218 655 131 218 656 128 219 657 132 219 658 93 219 659 133 220 660 140 220 661 132 220 662 140 221 663 133 221 664 134 221 665 135 222 666 136 222 667 134 222 668 135 223 669 138 223 670 136 223 671 138 224 672 109 224 673 137 224 674 138 225 675 135 225 676 109 225 677 138 226 678 137 226 679 139 226 680 139 227 681 111 227 682 138 227 683 144 228 684 97 228 685 143 228 686 136 229 687 138 229 688 141 229 689 11 230 690 13 230 691 109 230 692 11 231 693 109 231 694 142 231 695 135 232 696 11 232 697 142 232 698 109 233 699 135 233 700 142 233 701 136 234 702 141 234 703 134 234 704 143 235 705 97 235 706 130 235 707 94 236 708 102 236 709 131 236 710 144 237 711 131 237 712 102 237 713 130 238 714 131 238 715 144 238 716 130 239 717 144 239 718 143 239 719 135 240 720 133 240 721 32 240 722 135 241 723 32 241 724 11 241 725 135 242 726 134 242 727 133 242 728 35 243 729 133 243 730 128 243 731 127 244 732 35 244 733 128 244 734 11 245 735 145 245 736 9 245 737 9 246 738 145 246 739 24 246 740 11 247 741 32 247 742 33 247 743 11 248 744 33 248 745 145 248 746 33 249 747 24 249 748 145 249 749 132 250 750 128 250 751 133 250 752 123 251 753 146 251 754 98 251 755 146 252 756 96 252 757 98 252 758 37 253 759 146 253 760 39 253 761 44 254 762 146 254 763 47 254 764 44 255 765 39 255 766 146 255 767 193 256 768 57 256 769 195 256 770 195 257 771 57 257 772 147 257 773 98 258 774 99 258 775 123 258 776 57 259 777 120 259 778 147 259 779 121 260 780 52 260 781 148 260 782 120 261 783 52 261 784 121 261 785 74 262 786 56 262 787 149 262 788 74 263 789 149 263 790 119 263 791 102 264 792 118 264 793 99 264 794 150 265 795 74 265 796 114 265 797 92 266 798 104 266 799 151 266 800 151 267 801 107 267 802 92 267 803 90 268 804 74 268 805 150 268 806 103 269 807 139 269 808 110 269 809 144 270 810 102 270 811 101 270 812 97 271 813 144 271 814 101 271 815 95 272 816 98 272 817 96 272 818 139 273 819 137 273 820 110 273 821 109 274 822 13 274 823 106 274 824 114 275 825 113 275 826 152 275 827 153 276 828 152 276 829 113 276 830 8 277 831 107 277 832 16 277 833 8 278 834 153 278 835 92 278 836 92 279 837 107 279 838 8 279 839 113 280 840 104 280 841 153 280 842 92 281 843 153 281 844 104 281 845 90 282 846 150 282 847 19 282 848 150 283 849 114 283 850 19 283 851 8 284 852 17 284 853 153 284 854 152 285 855 153 285 856 17 285 857 90 286 858 84 286 859 91 286 860 84 287 861 154 287 862 91 287 863 156 288 864 160 288 865 155 288 866 157 289 867 155 289 868 160 289 869 154 290 870 157 290 871 91 290 872 155 291 873 157 291 874 154 291 875 158 292 876 157 292 877 160 292 878 1 293 879 157 293 880 158 293 881 1 294 882 158 294 883 159 294 884 158 295 885 4 295 886 159 295 887 1 296 888 159 296 889 81 296 890 159 297 891 4 297 892 5 297 893 5 298 894 81 298 895 159 298 896 156 299 897 4 299 898 160 299 899 160 300 900 4 300 901 158 300 902 62 301 903 70 301 904 69 301 905 72 302 906 67 302 907 68 302 908 63 303 909 64 303 910 161 303 911 63 304 912 161 304 913 162 304 914 165 305 915 163 305 916 164 305 917 165 306 918 63 306 919 163 306 920 163 307 921 63 307 922 162 307 923 163 308 924 166 308 925 164 308 926 162 309 927 166 309 928 163 309 929 64 310 930 166 310 931 161 310 932 64 311 933 168 311 934 166 311 935 162 312 936 161 312 937 166 312 938 164 313 939 166 313 940 167 313 941 166 314 942 168 314 943 167 314 944 64 315 945 169 315 946 168 315 947 165 316 948 167 316 949 168 316 950 168 317 951 169 317 952 170 317 953 165 318 954 168 318 955 170 318 956 165 319 957 170 319 958 171 319 959 170 320 960 172 320 961 171 320 962 169 321 963 172 321 964 170 321 965 174 322 966 172 322 967 173 322 968 169 323 969 173 323 970 172 323 971 172 324 972 165 324 973 171 324 974 172 325 975 63 325 976 165 325 977 174 326 978 63 326 979 172 326 980 60 327 981 62 327 982 174 327 983 174 328 984 62 328 985 63 328 986 174 329 987 173 329 988 175 329 989 175 330 990 177 330 991 174 330 992 178 331 993 176 331 994 175 331 995 175 332 996 176 332 997 177 332 998 181 333 999 179 333 1000 178 333 1001 180 334 1002 176 334 1003 179 334 1004 180 335 1005 179 335 1006 181 335 1007 179 336 1008 176 336 1009 178 336 1010 175 337 1011 181 337 1012 182 337 1013 175 338 1014 173 338 1015 181 338 1016 178 339 1017 182 339 1018 181 339 1019 180 340 1020 181 340 1021 173 340 1022 178 341 1023 175 341 1024 182 341 1025 180 342 1026 173 342 1027 169 342 1028 169 343 1029 177 343 1030 180 343 1031 180 344 1032 177 344 1033 176 344 1034 64 345 1035 177 345 1036 169 345 1037 29 346 1038 177 346 1039 64 346 1040 174 347 1041 177 347 1042 27 347 1043 29 348 1044 27 348 1045 177 348 1046 174 349 1047 27 349 1048 60 349 1049 60 350 1050 27 350 1051 58 350 1052 58 351 1053 183 351 1054 59 351 1055 58 352 1056 27 352 1057 183 352 1058 27 353 1059 184 353 1060 183 353 1061 183 354 1062 184 354 1063 185 354 1064 59 355 1065 183 355 1066 185 355 1067 59 356 1068 185 356 1069 211 356 1070 211 357 1071 185 357 1072 184 357 1073 211 358 1074 186 358 1075 210 358 1076 211 359 1077 184 359 1078 186 359 1079 184 360 1080 187 360 1081 186 360 1082 210 361 1083 186 361 1084 187 361 1085 187 362 1086 188 362 1087 189 362 1088 210 363 1089 187 363 1090 209 363 1091 209 364 1092 187 364 1093 189 364 1094 184 365 1095 188 365 1096 187 365 1097 189 366 1098 188 366 1099 50 366 1100 190 367 1101 209 367 1102 189 367 1103 190 368 1104 189 368 1105 50 368 1106 191 369 1107 199 369 1108 202 369 1109 191 370 1110 192 370 1111 199 370 1112 191 371 1113 202 371 1114 201 371 1115 193 372 1116 191 372 1117 201 372 1118 191 373 1119 198 373 1120 192 373 1121 191 374 1122 193 374 1123 195 374 1124 191 375 1125 194 375 1126 198 375 1127 191 376 1128 195 376 1129 194 376 1130 198 377 1131 194 377 1132 197 377 1133 197 378 1134 194 378 1135 196 378 1136 198 379 1137 197 379 1138 52 379 1139 198 380 1140 199 380 1141 192 380 1142 198 381 1143 50 381 1144 199 381 1145 197 382 1146 148 382 1147 52 382 1148 193 383 1149 201 383 1150 40 383 1151 200 384 1152 40 384 1153 201 384 1154 40 385 1155 200 385 1156 41 385 1157 200 386 1158 204 386 1159 41 386 1160 200 387 1161 201 387 1162 204 387 1163 201 388 1164 203 388 1165 204 388 1166 41 389 1167 204 389 1168 205 389 1169 201 390 1170 202 390 1171 203 390 1172 202 391 1173 205 391 1174 203 391 1175 203 392 1176 205 392 1177 204 392 1178 202 393 1179 30 393 1180 205 393 1181 188 394 1182 202 394 1183 206 394 1184 188 395 1185 30 395 1186 202 395 1187 199 396 1188 206 396 1189 202 396 1190 50 397 1191 188 397 1192 206 397 1193 50 398 1194 206 398 1195 199 398 1196 53 399 1197 190 399 1198 50 399 1199 190 400 1200 207 400 1201 208 400 1202 190 401 1203 208 401 1204 209 401 1205 207 402 1206 190 402 1207 54 402 1208 54 403 1209 190 403 1210 53 403 1211 208 404 1212 210 404 1213 209 404 1214 208 405 1215 211 405 1216 210 405 1217 208 406 1218 59 406 1219 211 406 1220 184 407 1221 30 407 1222 188 407 1223 27 408 1224 30 408 1225 184 408 1226 164 409 1227 167 409 1228 165 409 1229 62 410 1230 60 410 1231 208 410 1232 43 411 1233 48 411 1234 119 411 1235 41 412 1236 43 412 1237 119 412 1238 44 413 1239 47 413 1240 46 413 1241 46 414 1242 45 414 1243 44 414 1244 30 415 1245 34 415 1246 36 415 1247 3 416 1248 25 416 1249 2 416 1250 14 417 1251 24 417 1252 22 417 1253 14 418 1254 114 418 1255 15 418 1256 7 419 1257 84 419 1258 90 419 1259 2501 420 1260 2499 420 1261 2500 420 1262 2500 421 1263 3051 421 1264 2501 421 1265 2504 422 1266 2501 422 1267 2522 422 1268 2502 423 1269 2504 423 1270 2503 423 1271 2522 424 1272 2503 424 1273 2504 424 1274 2511 425 1275 2499 425 1276 2504 425 1277 2511 426 1278 2504 426 1279 2502 426 1280 2505 427 1281 2511 427 1282 2502 427 1283 2506 428 1284 2514 428 1285 2511 428 1286 2506 429 1287 2508 429 1288 2514 429 1289 2509 430 1290 2506 430 1291 2505 430 1292 2507 431 1293 2506 431 1294 2509 431 1295 2510 432 1296 2508 432 1297 2506 432 1298 2506 433 1299 2511 433 1300 2505 433 1301 2511 434 1302 2514 434 1303 2512 434 1304 2512 435 1305 2513 435 1306 3063 435 1307 2512 436 1308 2514 436 1309 2513 436 1310 2515 437 1311 2513 437 1312 2514 437 1313 2515 438 1314 2514 438 1315 2516 438 1316 2516 439 1317 2517 439 1318 2515 439 1319 2517 440 1320 3845 440 1321 3083 440 1322 2515 441 1323 2517 441 1324 3083 441 1325 2518 442 1326 3845 442 1327 2517 442 1328 2520 443 1329 2518 443 1330 2517 443 1331 2520 444 1332 2517 444 1333 2516 444 1334 2518 445 1335 2521 445 1336 2519 445 1337 2519 446 1338 3844 446 1339 2518 446 1340 2518 447 1341 3844 447 1342 3845 447 1343 2518 448 1344 2520 448 1345 2521 448 1346 2522 449 1347 2520 449 1348 2523 449 1349 2523 450 1350 2520 450 1351 2516 450 1352 2503 451 1353 2523 451 1354 2524 451 1355 2523 452 1356 2516 452 1357 2524 452 1358 2503 453 1359 2522 453 1360 2523 453 1361 2524 454 1362 2525 454 1363 2528 454 1364 2524 455 1365 2527 455 1366 2525 455 1367 2529 456 1368 2503 456 1369 2524 456 1370 2524 457 1371 2516 457 1372 2526 457 1373 2524 458 1374 2526 458 1375 2527 458 1376 2524 459 1377 2528 459 1378 2529 459 1379 2528 460 1380 2503 460 1381 2529 460 1382 2525 461 1383 2503 461 1384 2528 461 1385 2527 462 1386 2503 462 1387 2525 462 1388 2526 463 1389 2503 463 1390 2527 463 1391 2516 464 1392 2503 464 1393 2526 464 1394 2530 465 1395 2516 465 1396 2531 465 1397 2530 466 1398 2532 466 1399 2516 466 1400 2502 467 1401 2503 467 1402 2516 467 1403 2502 468 1404 2516 468 1405 2532 468 1406 2532 469 1407 2505 469 1408 2502 469 1409 2509 470 1410 2505 470 1411 2532 470 1412 2533 471 1413 2532 471 1414 2534 471 1415 2538 472 1416 2532 472 1417 2533 472 1418 2534 473 1419 2532 473 1420 2535 473 1421 2535 474 1422 2532 474 1423 2536 474 1424 2536 475 1425 2532 475 1426 2530 475 1427 2509 476 1428 2532 476 1429 2537 476 1430 2537 477 1431 2532 477 1432 2538 477 1433 2537 478 1434 2538 478 1435 2539 478 1436 2539 479 1437 2538 479 1438 2540 479 1439 2516 480 1440 2538 480 1441 2531 480 1442 2516 481 1443 2508 481 1444 2538 481 1445 2540 482 1446 2538 482 1447 2541 482 1448 2538 483 1449 2543 483 1450 2542 483 1451 2538 484 1452 2544 484 1453 2543 484 1454 2538 485 1455 2508 485 1456 2544 485 1457 2531 486 1458 2538 486 1459 2533 486 1460 2544 487 1461 2508 487 1462 2545 487 1463 2545 488 1464 2508 488 1465 2546 488 1466 2546 489 1467 2508 489 1468 2547 489 1469 2547 490 1470 2508 490 1471 2548 490 1472 2548 491 1473 2508 491 1474 2549 491 1475 2542 492 1476 2543 492 1477 2550 492 1478 2509 493 1479 2550 493 1480 2551 493 1481 2537 494 1482 2550 494 1483 2509 494 1484 2542 495 1485 2550 495 1486 2540 495 1487 2539 496 1488 2550 496 1489 2537 496 1490 2551 497 1491 2550 497 1492 2552 497 1493 2540 498 1494 2550 498 1495 2539 498 1496 2552 499 1497 2550 499 1498 2555 499 1499 2554 500 1500 2550 500 1501 2553 500 1502 2555 501 1503 2550 501 1504 2554 501 1505 2554 502 1506 2556 502 1507 2555 502 1508 2552 503 1509 2555 503 1510 2556 503 1511 2553 504 1512 2556 504 1513 2554 504 1514 2558 505 1515 2536 505 1516 2557 505 1517 2535 506 1518 2536 506 1519 2558 506 1520 2563 507 1521 2534 507 1522 2558 507 1523 2558 508 1524 2534 508 1525 2535 508 1526 2558 509 1527 2560 509 1528 2559 509 1529 2558 510 1530 2561 510 1531 2560 510 1532 2558 511 1533 2562 511 1534 2561 511 1535 2558 512 1536 2564 512 1537 2562 512 1538 2558 513 1539 2557 513 1540 2564 513 1541 2530 514 1542 2562 514 1543 2564 514 1544 2530 515 1545 2564 515 1546 2557 515 1547 2563 516 1548 2533 516 1549 2534 516 1550 2531 517 1551 2563 517 1552 2530 517 1553 2530 518 1554 2563 518 1555 2560 518 1556 2531 519 1557 2533 519 1558 2563 519 1559 2530 520 1560 2561 520 1561 2562 520 1562 2530 521 1563 2560 521 1564 2561 521 1565 2530 522 1566 2557 522 1567 2565 522 1568 2520 523 1569 2522 523 1570 2521 523 1571 2566 524 1572 2522 524 1573 2501 524 1574 2521 525 1575 2522 525 1576 2567 525 1577 2566 526 1578 2567 526 1579 2522 526 1580 4067 527 1581 2567 527 1582 2566 527 1583 2521 528 1584 2567 528 1585 2569 528 1586 2569 529 1587 2567 529 1588 2568 529 1589 4070 530 1590 2570 530 1591 2568 530 1592 2569 531 1593 2568 531 1594 2570 531 1595 2572 532 1596 2569 532 1597 2571 532 1598 2519 533 1599 2569 533 1600 2572 533 1601 2569 534 1602 2570 534 1603 2571 534 1604 2572 535 1605 2571 535 1606 2619 535 1607 2574 536 1608 2572 536 1609 2573 536 1610 2619 537 1611 2573 537 1612 2572 537 1613 2573 538 1614 2575 538 1615 2574 538 1616 2575 539 1617 2576 539 1618 2577 539 1619 2575 540 1620 2579 540 1621 2576 540 1622 2577 541 1623 2580 541 1624 2575 541 1625 2575 542 1626 2578 542 1627 2574 542 1628 2581 543 1629 2575 543 1630 2573 543 1631 2579 544 1632 2575 544 1633 2827 544 1634 2827 545 1635 2575 545 1636 2797 545 1637 2797 546 1638 2575 546 1639 2585 546 1640 2585 547 1641 2575 547 1642 2581 547 1643 2575 548 1644 2580 548 1645 2578 548 1646 2584 549 1647 2582 549 1648 2581 549 1649 2582 550 1650 2585 550 1651 2581 550 1652 2586 551 1653 2581 551 1654 2583 551 1655 2583 552 1656 2581 552 1657 2600 552 1658 2586 553 1659 2584 553 1660 2581 553 1661 2581 554 1662 2573 554 1663 2620 554 1664 2581 555 1665 2620 555 1666 2600 555 1667 2587 556 1668 2586 556 1669 2590 556 1670 2587 557 1671 2588 557 1672 2586 557 1673 2576 558 1674 2586 558 1675 2588 558 1676 2576 559 1677 2589 559 1678 2586 559 1679 2586 560 1680 2589 560 1681 2810 560 1682 2586 561 1683 2810 561 1684 2826 561 1685 2586 562 1686 2826 562 1687 2584 562 1688 2590 563 1689 2586 563 1690 2591 563 1691 2586 564 1692 2583 564 1693 2591 564 1694 2592 565 1695 2591 565 1696 2583 565 1697 2583 566 1698 2596 566 1699 2592 566 1700 2593 567 1701 2592 567 1702 2596 567 1703 2597 568 1704 2595 568 1705 2594 568 1706 2594 569 1707 2596 569 1708 2597 569 1709 2596 570 1710 2594 570 1711 2593 570 1712 2597 571 1713 2596 571 1714 2598 571 1715 2597 572 1716 2598 572 1717 2599 572 1718 2597 573 1719 2599 573 1720 2595 573 1721 2595 574 1722 2599 574 1723 2600 574 1724 2598 575 1725 2600 575 1726 2599 575 1727 2595 576 1728 2600 576 1729 2601 576 1730 2602 577 1731 2601 577 1732 2600 577 1733 2601 578 1734 2602 578 1735 2603 578 1736 2601 579 1737 2603 579 1738 2604 579 1739 2601 580 1740 2604 580 1741 3746 580 1742 2604 581 1743 2603 581 1744 2605 581 1745 2605 582 1746 2718 582 1747 2606 582 1748 2605 583 1749 2603 583 1750 2718 583 1751 2605 584 1752 2606 584 1753 2607 584 1754 2607 585 1755 2606 585 1756 2608 585 1757 2609 586 1758 2608 586 1759 2606 586 1760 2609 587 1761 2610 587 1762 2608 587 1763 2611 588 1764 2610 588 1765 2609 588 1766 2616 589 1767 2622 589 1768 2610 589 1769 2616 590 1770 2610 590 1771 2611 590 1772 2611 591 1773 2613 591 1774 2616 591 1775 2613 592 1776 3975 592 1777 2612 592 1778 2613 593 1779 2611 593 1780 3975 593 1781 2612 594 1782 2614 594 1783 2613 594 1784 2615 595 1785 2613 595 1786 2614 595 1787 2616 596 1788 2613 596 1789 2615 596 1790 2615 597 1791 2617 597 1792 2616 597 1793 2622 598 1794 2617 598 1795 2623 598 1796 2616 599 1797 2617 599 1798 2622 599 1799 2619 600 1800 2570 600 1801 2618 600 1802 4071 601 1803 2618 601 1804 2570 601 1805 2570 602 1806 2619 602 1807 2571 602 1808 2573 603 1809 2619 603 1810 2621 603 1811 2620 604 1812 2573 604 1813 2621 604 1814 2621 605 1815 2618 605 1816 2620 605 1817 2619 606 1818 2618 606 1819 2621 606 1820 2620 607 1821 2618 607 1822 4071 607 1823 2620 608 1824 4071 608 1825 2617 608 1826 2617 609 1827 2615 609 1828 2620 609 1829 2622 610 1830 2623 610 1831 2624 610 1832 2626 611 1833 2624 611 1834 2623 611 1835 2625 612 1836 2624 612 1837 2626 612 1838 2622 613 1839 2624 613 1840 2627 613 1841 2627 614 1842 2628 614 1843 2622 614 1844 2627 615 1845 2630 615 1846 2628 615 1847 2630 616 1848 2627 616 1849 2629 616 1850 2629 617 1851 2627 617 1852 2624 617 1853 2629 618 1854 2624 618 1855 3906 618 1856 2629 619 1857 3907 619 1858 2630 619 1859 2630 620 1860 3907 620 1861 2631 620 1862 2628 621 1863 2630 621 1864 2632 621 1865 2632 622 1866 2630 622 1867 2631 622 1868 2632 623 1869 2631 623 1870 2633 623 1871 2634 624 1872 2632 624 1873 2633 624 1874 2635 625 1875 2634 625 1876 2633 625 1877 2631 626 1878 2636 626 1879 2633 626 1880 2636 627 1881 2635 627 1882 2633 627 1883 2637 628 1884 2636 628 1885 2640 628 1886 2637 629 1887 2635 629 1888 2636 629 1889 2638 630 1890 2637 630 1891 2640 630 1892 2638 631 1893 2639 631 1894 2637 631 1895 2642 632 1896 2638 632 1897 2641 632 1898 2642 633 1899 2644 633 1900 2643 633 1901 2642 634 1902 2643 634 1903 2608 634 1904 2608 635 1905 2610 635 1906 2642 635 1907 2642 636 1908 2610 636 1909 2639 636 1910 2642 637 1911 2639 637 1912 2638 637 1913 2642 638 1914 2641 638 1915 2644 638 1916 4135 639 1917 2645 639 1918 2644 639 1919 2643 640 1920 2644 640 1921 2645 640 1922 2646 641 1923 2643 641 1924 2645 641 1925 2647 642 1926 2643 642 1927 2646 642 1928 3644 643 1929 2647 643 1930 2646 643 1931 2646 644 1932 4135 644 1933 3644 644 1934 3644 645 1935 4135 645 1936 3645 645 1937 3556 646 1938 4135 646 1939 2649 646 1940 2649 647 1941 4135 647 1942 2648 647 1943 4135 648 1944 3997 648 1945 2648 648 1946 2650 649 1947 2649 649 1948 4064 649 1949 2650 650 1950 4065 650 1951 2651 650 1952 2650 651 1953 2651 651 1954 3561 651 1955 2651 652 1956 3560 652 1957 3561 652 1958 2652 653 1959 3560 653 1960 2651 653 1961 2652 654 1962 3563 654 1963 3560 654 1964 3564 655 1965 3563 655 1966 2652 655 1967 3565 656 1968 2652 656 1969 2653 656 1970 3564 657 1971 2652 657 1972 3565 657 1973 2653 658 1974 2652 658 1975 2654 658 1976 2651 659 1977 2654 659 1978 2652 659 1979 2655 660 1980 2653 660 1981 2654 660 1982 2659 661 1983 2653 661 1984 2655 661 1985 2654 662 1986 3986 662 1987 2655 662 1988 3986 663 1989 2654 663 1990 4055 663 1991 2656 664 1992 2655 664 1993 3986 664 1994 2657 665 1995 2658 665 1996 2656 665 1997 2655 666 1998 2656 666 1999 2658 666 2000 2656 667 2001 3984 667 2002 2657 667 2003 2656 668 2004 3986 668 2005 3984 668 2006 2659 669 2007 2655 669 2008 2658 669 2009 2658 670 2010 2672 670 2011 2661 670 2012 2660 671 2013 2672 671 2014 2658 671 2015 2661 672 2016 2670 672 2017 2662 672 2018 2659 673 2019 2661 673 2020 2662 673 2021 2658 674 2022 2661 674 2023 2659 674 2024 2663 675 2025 2659 675 2026 2662 675 2027 2663 676 2028 3565 676 2029 2659 676 2030 2662 677 2031 2669 677 2032 2663 677 2033 2663 678 2034 2669 678 2035 3634 678 2036 2664 679 2037 2665 679 2038 2666 679 2039 2667 680 2040 2665 680 2041 2669 680 2042 2667 681 2043 2666 681 2044 2665 681 2045 2671 682 2046 2668 682 2047 2667 682 2048 2667 683 2049 2669 683 2050 2671 683 2051 2678 684 2052 2666 684 2053 2667 684 2054 2671 685 2055 2669 685 2056 2670 685 2057 2669 686 2058 2662 686 2059 2670 686 2060 2671 687 2061 2672 687 2062 2673 687 2063 2672 688 2064 3968 688 2065 2673 688 2066 2671 689 2067 2673 689 2068 2674 689 2069 2673 690 2070 3971 690 2071 2674 690 2072 2668 691 2073 2674 691 2074 3971 691 2075 2675 692 2076 2667 692 2077 2668 692 2078 2675 693 2079 2676 693 2080 2667 693 2081 2676 694 2082 2677 694 2083 2678 694 2084 3971 695 2085 2676 695 2086 2675 695 2087 2676 696 2088 2678 696 2089 2667 696 2090 2678 697 2091 2677 697 2092 2679 697 2093 3616 698 2094 2678 698 2095 2680 698 2096 2678 699 2097 2679 699 2098 2686 699 2099 2678 700 2100 2686 700 2101 2680 700 2102 3457 701 2103 2680 701 2104 2681 701 2105 2680 702 2106 2686 702 2107 2681 702 2108 2683 703 2109 2681 703 2110 2686 703 2111 2682 704 2112 2681 704 2113 2683 704 2114 2687 705 2115 2683 705 2116 2684 705 2117 2683 706 2118 2685 706 2119 2684 706 2120 2685 707 2121 2683 707 2122 2686 707 2123 2687 708 2124 2682 708 2125 2683 708 2126 2688 709 2127 3302 709 2128 2687 709 2129 3302 710 2130 2682 710 2131 2687 710 2132 2688 711 2133 2687 711 2134 2689 711 2135 2689 712 2136 2690 712 2137 3310 712 2138 2689 713 2139 2692 713 2140 2690 713 2141 3310 714 2142 2688 714 2143 2689 714 2144 2687 715 2145 2692 715 2146 2689 715 2147 2704 716 2148 2692 716 2149 2691 716 2150 2687 717 2151 2691 717 2152 2692 717 2153 2692 718 2154 2695 718 2155 2693 718 2156 2692 719 2157 2704 719 2158 2695 719 2159 2690 720 2160 2692 720 2161 2693 720 2162 2693 721 2163 2695 721 2164 4131 721 2165 4132 722 2166 2695 722 2167 2696 722 2168 4132 723 2169 2696 723 2170 2697 723 2171 4132 724 2172 2697 724 2173 2699 724 2174 2699 725 2175 2697 725 2176 2698 725 2177 4134 726 2178 2699 726 2179 2698 726 2180 2701 727 2181 4134 727 2182 2698 727 2183 4134 728 2184 2700 728 2185 2699 728 2186 2703 729 2187 2691 729 2188 2702 729 2189 2703 730 2190 2702 730 2191 2701 730 2192 2702 731 2193 2691 731 2194 2705 731 2195 2687 732 2196 2705 732 2197 2691 732 2198 2698 733 2199 2696 733 2200 2703 733 2201 2703 734 2202 2704 734 2203 2691 734 2204 2696 735 2205 2704 735 2206 2703 735 2207 2704 736 2208 2696 736 2209 2695 736 2210 2696 737 2211 2698 737 2212 2697 737 2213 2705 738 2214 2684 738 2215 2706 738 2216 2677 739 2217 2706 739 2218 2679 739 2219 2705 740 2220 2706 740 2221 2677 740 2222 2706 741 2223 2707 741 2224 2679 741 2225 2706 742 2226 2685 742 2227 2707 742 2228 2684 743 2229 2685 743 2230 2706 743 2231 2685 744 2232 2679 744 2233 2707 744 2234 2705 745 2235 2677 745 2236 2709 745 2237 2702 746 2238 2705 746 2239 2709 746 2240 2709 747 2241 2708 747 2242 2702 747 2243 2702 748 2244 2708 748 2245 2701 748 2246 2677 749 2247 2708 749 2248 2709 749 2249 2676 750 2250 2708 750 2251 2677 750 2252 2710 751 2253 2708 751 2254 2676 751 2255 2711 752 2256 2708 752 2257 2710 752 2258 2711 753 2259 2714 753 2260 2713 753 2261 4134 754 2262 2713 754 2263 2714 754 2264 3973 755 2265 2714 755 2266 2711 755 2267 4134 756 2268 2714 756 2269 2716 756 2270 2716 757 2271 2712 757 2272 4134 757 2273 2714 758 2274 3973 758 2275 2716 758 2276 2717 759 2277 2716 759 2278 2715 759 2279 2715 760 2280 2716 760 2281 3973 760 2282 2717 761 2283 2722 761 2284 2716 761 2285 2715 762 2286 2718 762 2287 2717 762 2288 2718 763 2289 2719 763 2290 2717 763 2291 2717 764 2292 2719 764 2293 2722 764 2294 2719 765 2295 2718 765 2296 2603 765 2297 2719 766 2298 2602 766 2299 2720 766 2300 2719 767 2301 2603 767 2302 2602 767 2303 2720 768 2304 2721 768 2305 2719 768 2306 2721 769 2307 2722 769 2308 2719 769 2309 2721 770 2310 2723 770 2311 2722 770 2312 2728 771 2313 2735 771 2314 2723 771 2315 2723 772 2316 2724 772 2317 2728 772 2318 2723 773 2319 4124 773 2320 2724 773 2321 2724 774 2322 4124 774 2323 2725 774 2324 2726 775 2325 2727 775 2326 2724 775 2327 2728 776 2328 2724 776 2329 2727 776 2330 2728 777 2331 2727 777 2332 2729 777 2333 2726 778 2334 2729 778 2335 2727 778 2336 2818 779 2337 2728 779 2338 2729 779 2339 2730 780 2340 2818 780 2341 2731 780 2342 2728 781 2343 2818 781 2344 2730 781 2345 2732 782 2346 2730 782 2347 2731 782 2348 2730 783 2349 2732 783 2350 2733 783 2351 2733 784 2352 2737 784 2353 2736 784 2354 2820 785 2355 2737 785 2356 2733 785 2357 2820 786 2358 2733 786 2359 2732 786 2360 2733 787 2361 2736 787 2362 2700 787 2363 2700 788 2364 2712 788 2365 2734 788 2366 2700 789 2367 2734 789 2368 2733 789 2369 4134 790 2370 2712 790 2371 2700 790 2372 2723 791 2373 2735 791 2374 2734 791 2375 2723 792 2376 2734 792 2377 2722 792 2378 2722 793 2379 2734 793 2380 2712 793 2381 2712 794 2382 2716 794 2383 2722 794 2384 2730 795 2385 2735 795 2386 2728 795 2387 2734 796 2388 2735 796 2389 2730 796 2390 2733 797 2391 2734 797 2392 2730 797 2393 2700 798 2394 2736 798 2395 2699 798 2396 2736 799 2397 4133 799 2398 2699 799 2399 2699 800 2400 4133 800 2401 4132 800 2402 2736 801 2403 2737 801 2404 4133 801 2405 2740 802 2406 4133 802 2407 2737 802 2408 2740 803 2409 2737 803 2410 2739 803 2411 2739 804 2412 2737 804 2413 2738 804 2414 2741 805 2415 2739 805 2416 4130 805 2417 2741 806 2418 2740 806 2419 2739 806 2420 2739 807 2421 4126 807 2422 4130 807 2423 2740 808 2424 2742 808 2425 4131 808 2426 2740 809 2427 2741 809 2428 2742 809 2429 2743 810 2430 4131 810 2431 2742 810 2432 2744 811 2433 4131 811 2434 2743 811 2435 4131 812 2436 2744 812 2437 2693 812 2438 2744 813 2439 2694 813 2440 2693 813 2441 2744 814 2442 2743 814 2443 2745 814 2444 2745 815 2445 2747 815 2446 3448 815 2447 3448 816 2448 2747 816 2449 2746 816 2450 3440 817 2451 2746 817 2452 2748 817 2453 3447 818 2454 2746 818 2455 3440 818 2456 2746 819 2457 2747 819 2458 2748 819 2459 2749 820 2460 2747 820 2461 2750 820 2462 2750 821 2463 2747 821 2464 2751 821 2465 2750 822 2466 2751 822 2467 2753 822 2468 2753 823 2469 3439 823 2470 2750 823 2471 2754 824 2472 2753 824 2473 2755 824 2474 2755 825 2475 2753 825 2476 2751 825 2477 2755 826 2478 2751 826 2479 2778 826 2480 2778 827 2481 2751 827 2482 2752 827 2483 2778 828 2484 2752 828 2485 2765 828 2486 2765 829 2487 2752 829 2488 2756 829 2489 2756 830 2490 2752 830 2491 2757 830 2492 2756 831 2493 2757 831 2494 2758 831 2495 2758 832 2496 2757 832 2497 2759 832 2498 2764 833 2499 2758 833 2500 2760 833 2501 2760 834 2502 2758 834 2503 2759 834 2504 2764 835 2505 2760 835 2506 2761 835 2507 2760 836 2508 2759 836 2509 4129 836 2510 2761 837 2511 4128 837 2512 2762 837 2513 2762 838 2514 2763 838 2515 2761 838 2516 2761 839 2517 2760 839 2518 4128 839 2519 2764 840 2520 2780 840 2521 2765 840 2522 2758 841 2523 2764 841 2524 2765 841 2525 2765 842 2526 2756 842 2527 2758 842 2528 2755 843 2529 2778 843 2530 2766 843 2531 2778 844 2532 2765 844 2533 2780 844 2534 2767 845 2535 2766 845 2536 2774 845 2537 2767 846 2538 2768 846 2539 2766 846 2540 2766 847 2541 2768 847 2542 2755 847 2543 2754 848 2544 2755 848 2545 2768 848 2546 3139 849 2547 2770 849 2548 2769 849 2549 2768 850 2550 2769 850 2551 2770 850 2552 2771 851 2553 3139 851 2554 2767 851 2555 3139 852 2556 2769 852 2557 2767 852 2558 3841 853 2559 3139 853 2560 2771 853 2561 2771 854 2562 2773 854 2563 3841 854 2564 2773 855 2565 2771 855 2566 2772 855 2567 2771 856 2568 2767 856 2569 2772 856 2570 2774 857 2571 2772 857 2572 2767 857 2573 2773 858 2574 2772 858 2575 2774 858 2576 2773 859 2577 2774 859 2578 2775 859 2579 2776 860 2580 2775 860 2581 2774 860 2582 2776 861 2583 2780 861 2584 2777 861 2585 2776 862 2586 2778 862 2587 2780 862 2588 2774 863 2589 2778 863 2590 2776 863 2591 2778 864 2592 2774 864 2593 2766 864 2594 2777 865 2595 3838 865 2596 2779 865 2597 2783 866 2598 3838 866 2599 2777 866 2600 2763 867 2601 2783 867 2602 2777 867 2603 2763 868 2604 2777 868 2605 2780 868 2606 2764 869 2607 2761 869 2608 2763 869 2609 2764 870 2610 2763 870 2611 2780 870 2612 2763 871 2613 2781 871 2614 2783 871 2615 2781 872 2616 2737 872 2617 2820 872 2618 2781 873 2619 2782 873 2620 2737 873 2621 2781 874 2622 2763 874 2623 2782 874 2624 2762 875 2625 2782 875 2626 2763 875 2627 2738 876 2628 2782 876 2629 2762 876 2630 2738 877 2631 2737 877 2632 2782 877 2633 2781 878 2634 2784 878 2635 2783 878 2636 2784 879 2637 2868 879 2638 2783 879 2639 2781 880 2640 2785 880 2641 2784 880 2642 2786 881 2643 2868 881 2644 2784 881 2645 2786 882 2646 2787 882 2647 2868 882 2648 2788 883 2649 2787 883 2650 2786 883 2651 2788 884 2652 2790 884 2653 2787 884 2654 2789 885 2655 2792 885 2656 2790 885 2657 2788 886 2658 2789 886 2659 2790 886 2660 2867 887 2661 2787 887 2662 2790 887 2663 2790 888 2664 2792 888 2665 2791 888 2666 2828 889 2667 2792 889 2668 2793 889 2669 2725 890 2670 2828 890 2671 2793 890 2672 2796 891 2673 2793 891 2674 2822 891 2675 2793 892 2676 2796 892 2677 2794 892 2678 2794 893 2679 2725 893 2680 2793 893 2681 2789 894 2682 2795 894 2683 2793 894 2684 2822 895 2685 2793 895 2686 2795 895 2687 2796 896 2688 2822 896 2689 2795 896 2690 2795 897 2691 2797 897 2692 2796 897 2693 2798 898 2694 2797 898 2695 2795 898 2696 2799 899 2697 2798 899 2698 2795 899 2699 2795 900 2700 2789 900 2701 2799 900 2702 2799 901 2703 2789 901 2704 2798 901 2705 2798 902 2706 2788 902 2707 2800 902 2708 2800 903 2709 2788 903 2710 2801 903 2711 2801 904 2712 2786 904 2713 2802 904 2714 2802 905 2715 2786 905 2716 2803 905 2717 2786 906 2718 2804 906 2719 2803 906 2720 2804 907 2721 2805 907 2722 2803 907 2723 2805 908 2724 2785 908 2725 2806 908 2726 2785 909 2727 2807 909 2728 2806 909 2729 2807 910 2730 2808 910 2731 2806 910 2732 2589 911 2733 2806 911 2734 2808 911 2735 2808 912 2736 2810 912 2737 2589 912 2738 2812 913 2739 2809 913 2740 2808 913 2741 2808 914 2742 2809 914 2743 2810 914 2744 2811 915 2745 2812 915 2746 2808 915 2747 2811 916 2748 2809 916 2749 2812 916 2750 2813 917 2751 2814 917 2752 2809 917 2753 2813 918 2754 2815 918 2755 2814 918 2756 2823 919 2757 2816 919 2758 2817 919 2759 2726 920 2760 2817 920 2761 2816 920 2762 2815 921 2763 2813 921 2764 2816 921 2765 2816 922 2766 2824 922 2767 2815 922 2768 2816 923 2769 2823 923 2770 2824 923 2771 2729 924 2772 2726 924 2773 2816 924 2774 2816 925 2775 2813 925 2776 2818 925 2777 2818 926 2778 2813 926 2779 2819 926 2780 2818 927 2781 2729 927 2782 2816 927 2783 2818 928 2784 2819 928 2785 2731 928 2786 2819 929 2787 2732 929 2788 2731 929 2789 2820 930 2790 2732 930 2791 2819 930 2792 2813 931 2793 2811 931 2794 2819 931 2795 2819 932 2796 2811 932 2797 2820 932 2798 2820 933 2799 2785 933 2800 2781 933 2801 2820 934 2802 2811 934 2803 2785 934 2804 2724 935 2805 2817 935 2806 2726 935 2807 2794 936 2808 2724 936 2809 2725 936 2810 2794 937 2811 2582 937 2812 2724 937 2813 2582 938 2814 2817 938 2815 2724 938 2816 2794 939 2817 2821 939 2818 2582 939 2819 2582 940 2820 2821 940 2821 2796 940 2822 2821 941 2823 2794 941 2824 2796 941 2825 2823 942 2826 2582 942 2827 2584 942 2828 2582 943 2829 2796 943 2830 2585 943 2831 2825 944 2832 2582 944 2833 2823 944 2834 2824 945 2835 2823 945 2836 2815 945 2837 2584 946 2838 2815 946 2839 2823 946 2840 2817 947 2841 2825 947 2842 2823 947 2843 2817 948 2844 2582 948 2845 2825 948 2846 2826 949 2847 2815 949 2848 2584 949 2849 2826 950 2850 2809 950 2851 2815 950 2852 2809 951 2853 2814 951 2854 2815 951 2855 2826 952 2856 2810 952 2857 2809 952 2858 2809 953 2859 2811 953 2860 2813 953 2861 2808 954 2862 2785 954 2863 2811 954 2864 2785 955 2865 2808 955 2866 2807 955 2867 2785 956 2868 2805 956 2869 2784 956 2870 2805 957 2871 2786 957 2872 2784 957 2873 2786 958 2874 2805 958 2875 2804 958 2876 2576 959 2877 2803 959 2878 2805 959 2879 2801 960 2880 2803 960 2881 2579 960 2882 2579 961 2883 2803 961 2884 2576 961 2885 2827 962 2886 2801 962 2887 2579 962 2888 2798 963 2889 2801 963 2890 2827 963 2891 2827 964 2892 2797 964 2893 2798 964 2894 2806 965 2895 2576 965 2896 2805 965 2897 2806 966 2898 2589 966 2899 2576 966 2900 2801 967 2901 2802 967 2902 2803 967 2903 2786 968 2904 2801 968 2905 2788 968 2906 2798 969 2907 2800 969 2908 2801 969 2909 2788 970 2910 2798 970 2911 2789 970 2912 2796 971 2913 2797 971 2914 2585 971 2915 2789 972 2916 2793 972 2917 2792 972 2918 2829 973 2919 2792 973 2920 2828 973 2921 2725 974 2922 2829 974 2923 2828 974 2924 2830 975 2925 2831 975 2926 2829 975 2927 4124 976 2928 2830 976 2929 2829 976 2930 2792 977 2931 2829 977 2932 2831 977 2933 2725 978 2934 4124 978 2935 2829 978 2936 2830 979 2937 2832 979 2938 2831 979 2939 2832 980 2940 2830 980 2941 4123 980 2942 2832 981 2943 4123 981 2944 2833 981 2945 3979 982 2946 2833 982 2947 4123 982 2948 2833 983 2949 3979 983 2950 2835 983 2951 3978 984 2952 2834 984 2953 3965 984 2954 3978 985 2955 3965 985 2956 2836 985 2957 3978 986 2958 2836 986 2959 2835 986 2960 2863 987 2961 2835 987 2962 2836 987 2963 2837 988 2964 4121 988 2965 2863 988 2966 2837 989 2967 2863 989 2968 2836 989 2969 2838 990 2970 2837 990 2971 2840 990 2972 2838 991 2973 4121 991 2974 2837 991 2975 2844 992 2976 2838 992 2977 2839 992 2978 2839 993 2979 2838 993 2980 2840 993 2981 2839 994 2982 2841 994 2983 2843 994 2984 2839 995 2985 2842 995 2986 2841 995 2987 2844 996 2988 2839 996 2989 2843 996 2990 2847 997 2991 2845 997 2992 2844 997 2993 2846 998 2994 2844 998 2995 2843 998 2996 2847 999 2997 2844 999 2998 2846 999 2999 2843 1000 3000 2847 1000 3001 2846 1000 3002 2843 1001 3003 2849 1001 3004 2847 1001 3005 2848 1002 3006 2847 1002 3007 2849 1002 3008 2847 1003 3009 2848 1003 3010 2845 1003 3011 2848 1004 3012 2852 1004 3013 2845 1004 3014 2851 1005 3015 2848 1005 3016 2849 1005 3017 2850 1006 3018 2852 1006 3019 2848 1006 3020 2851 1007 3021 2850 1007 3022 2848 1007 3023 2850 1008 3024 2913 1008 3025 2852 1008 3026 2913 1009 3027 2853 1009 3028 2852 1009 3029 2852 1010 3030 2853 1010 3031 2854 1010 3032 2853 1011 3033 2910 1011 3034 2854 1011 3035 2855 1012 3036 2854 1012 3037 2910 1012 3038 2856 1013 3039 2854 1013 3040 2855 1013 3041 2856 1014 3042 2852 1014 3043 2854 1014 3044 4122 1015 3045 2852 1015 3046 2856 1015 3047 4122 1016 3048 2856 1016 3049 2858 1016 3050 2858 1017 3051 2856 1017 3052 2857 1017 3053 2856 1018 3054 2855 1018 3055 2857 1018 3056 2858 1019 3057 2857 1019 3058 2859 1019 3059 2858 1020 3060 2859 1020 3061 4118 1020 3062 2858 1021 3063 4118 1021 3064 2860 1021 3065 2860 1022 3066 4118 1022 3067 4119 1022 3068 4119 1023 3069 4118 1023 3070 2862 1023 3071 4119 1024 3072 2862 1024 3073 2861 1024 3074 2864 1025 3075 2861 1025 3076 2862 1025 3077 2835 1026 3078 2863 1026 3079 2861 1026 3080 2833 1027 3081 2835 1027 3082 2861 1027 3083 2833 1028 3084 2861 1028 3085 2864 1028 3086 2864 1029 3087 2865 1029 3088 2833 1029 3089 2832 1030 3090 2865 1030 3091 2866 1030 3092 2833 1031 3093 2865 1031 3094 2832 1031 3095 2791 1032 3096 2866 1032 3097 2867 1032 3098 2791 1033 3099 2831 1033 3100 2866 1033 3101 2792 1034 3102 2831 1034 3103 2791 1034 3104 2790 1035 3105 2791 1035 3106 2867 1035 3107 2870 1036 3108 2868 1036 3109 2787 1036 3110 2870 1037 3111 2787 1037 3112 2866 1037 3113 2866 1038 3114 2787 1038 3115 2867 1038 3116 2870 1039 3117 2873 1039 3118 2869 1039 3119 2870 1040 3120 2866 1040 3121 2873 1040 3122 2869 1041 3123 2871 1041 3124 2870 1041 3125 2870 1042 3126 2871 1042 3127 3835 1042 3128 2870 1043 3129 3835 1043 3130 3837 1043 3131 2872 1044 3132 3835 1044 3133 2871 1044 3134 3839 1045 3135 3835 1045 3136 2872 1045 3137 2869 1046 3138 2872 1046 3139 2871 1046 3140 2874 1047 3141 2875 1047 3142 2869 1047 3143 2869 1048 3144 2873 1048 3145 2874 1048 3146 2874 1049 3147 2873 1049 3148 2862 1049 3149 4118 1050 3150 2859 1050 3151 2874 1050 3152 2859 1051 3153 2875 1051 3154 2874 1051 3155 2879 1052 3156 2875 1052 3157 2859 1052 3158 2859 1053 3159 2878 1053 3160 2879 1053 3161 2859 1054 3162 2876 1054 3163 2878 1054 3164 2876 1055 3165 2859 1055 3166 2857 1055 3167 2877 1056 3168 2876 1056 3169 2857 1056 3170 2880 1057 3171 2879 1057 3172 2878 1057 3173 4117 1058 3174 2879 1058 3175 2880 1058 3176 2878 1059 3177 3831 1059 3178 2880 1059 3179 2884 1060 3180 3831 1060 3181 2882 1060 3182 2882 1061 3183 3831 1061 3184 2881 1061 3185 3839 1062 3186 3831 1062 3187 3832 1062 3188 3825 1063 3189 3831 1063 3190 3822 1063 3191 2887 1064 3192 3831 1064 3193 2884 1064 3194 2880 1065 3195 3831 1065 3196 3839 1065 3197 3840 1066 3198 3831 1066 3199 2887 1066 3200 2881 1067 3201 3831 1067 3202 2878 1067 3203 3822 1068 3204 3831 1068 3205 3840 1068 3206 2877 1069 3207 2882 1069 3208 2881 1069 3209 2877 1070 3210 2889 1070 3211 2882 1070 3212 2882 1071 3213 2889 1071 3214 2883 1071 3215 2882 1072 3216 2883 1072 3217 2884 1072 3218 2888 1073 3219 2885 1073 3220 2884 1073 3221 2888 1074 3222 2887 1074 3223 2885 1074 3224 2888 1075 3225 2886 1075 3226 2887 1075 3227 2888 1076 3228 2889 1076 3229 2891 1076 3230 2891 1077 3231 2889 1077 3232 2890 1077 3233 2884 1078 3234 2889 1078 3235 2888 1078 3236 2883 1079 3237 2889 1079 3238 2884 1079 3239 2889 1080 3240 2855 1080 3241 2890 1080 3242 2895 1081 3243 2886 1081 3244 2891 1081 3245 2895 1082 3246 2891 1082 3247 2892 1082 3248 2892 1083 3249 2893 1083 3250 2895 1083 3251 2900 1084 3252 2899 1084 3253 2893 1084 3254 2893 1085 3255 2899 1085 3256 2895 1085 3257 2886 1086 3258 2895 1086 3259 2896 1086 3260 2896 1087 3261 2894 1087 3262 2886 1087 3263 3809 1088 3264 2896 1088 3265 2895 1088 3266 2897 1089 3267 2895 1089 3268 2899 1089 3269 3809 1090 3270 2895 1090 3271 2897 1090 3272 2898 1091 3273 2897 1091 3274 2899 1091 3275 2898 1092 3276 3809 1092 3277 2897 1092 3278 2900 1093 3279 2898 1093 3280 2899 1093 3281 2902 1094 3282 2901 1094 3283 2900 1094 3284 4110 1095 3285 2902 1095 3286 4101 1095 3287 4101 1096 3288 2902 1096 3289 4116 1096 3290 4116 1097 3291 2902 1097 3292 2903 1097 3293 2903 1098 3294 2902 1098 3295 2900 1098 3296 2912 1099 3297 2907 1099 3298 2903 1099 3299 2903 1100 3300 2907 1100 3301 2904 1100 3302 2906 1101 3303 4115 1101 3304 2905 1101 3305 2905 1102 3306 2904 1102 3307 2907 1102 3308 2907 1103 3309 2906 1103 3310 2905 1103 3311 2906 1104 3312 2907 1104 3313 2908 1104 3314 2909 1105 3315 2908 1105 3316 2907 1105 3317 2908 1106 3318 2909 1106 3319 2910 1106 3320 2890 1107 3321 2910 1107 3322 2891 1107 3323 2910 1108 3324 2892 1108 3325 2891 1108 3326 2855 1109 3327 2910 1109 3328 2890 1109 3329 2892 1110 3330 2910 1110 3331 2911 1110 3332 2909 1111 3333 2911 1111 3334 2910 1111 3335 2911 1112 3336 2909 1112 3337 2912 1112 3338 2911 1113 3339 2893 1113 3340 2892 1113 3341 2911 1114 3342 2912 1114 3343 2893 1114 3344 2912 1115 3345 2909 1115 3346 2907 1115 3347 2912 1116 3348 2900 1116 3349 2893 1116 3350 2910 1117 3351 2853 1117 3352 2908 1117 3353 2908 1118 3354 2853 1118 3355 2906 1118 3356 4115 1119 3357 2906 1119 3358 2913 1119 3359 2913 1120 3360 2906 1120 3361 2853 1120 3362 2915 1121 3363 2914 1121 3364 2913 1121 3365 2914 1122 3366 4115 1122 3367 2913 1122 3368 2917 1123 3369 2916 1123 3370 2915 1123 3371 2916 1124 3372 2914 1124 3373 2915 1124 3374 2917 1125 3375 2915 1125 3376 2913 1125 3377 2918 1126 3378 2916 1126 3379 2917 1126 3380 2917 1127 3381 2920 1127 3382 2918 1127 3383 2917 1128 3384 2919 1128 3385 2920 1128 3386 2917 1129 3387 2913 1129 3388 2850 1129 3389 2919 1130 3390 2917 1130 3391 2850 1130 3392 3940 1131 3393 2920 1131 3394 2919 1131 3395 2922 1132 3396 2920 1132 3397 2921 1132 3398 3940 1133 3399 2921 1133 3400 2920 1133 3401 2918 1134 3402 2920 1134 3403 2922 1134 3404 2921 1135 3405 2924 1135 3406 2922 1135 3407 2922 1136 3408 2924 1136 3409 2923 1136 3410 2924 1137 3411 2921 1137 3412 2925 1137 3413 2924 1138 3414 3036 1138 3415 4096 1138 3416 2923 1139 3417 4096 1139 3418 4093 1139 3419 2924 1140 3420 4096 1140 3421 2923 1140 3422 3028 1141 3423 2927 1141 3424 4084 1141 3425 4084 1142 3426 3030 1142 3427 3028 1142 3428 2927 1143 3429 2951 1143 3430 2950 1143 3431 4084 1144 3432 2927 1144 3433 2950 1144 3434 2927 1145 3435 2928 1145 3436 2951 1145 3437 2927 1146 3438 2929 1146 3439 2928 1146 3440 2930 1147 3441 2929 1147 3442 2927 1147 3443 2931 1148 3444 2932 1148 3445 2929 1148 3446 2930 1149 3447 2931 1149 3448 2929 1149 3449 2932 1150 3450 2931 1150 3451 2933 1150 3452 2932 1151 3453 2946 1151 3454 2947 1151 3455 2946 1152 3456 2932 1152 3457 2933 1152 3458 2936 1153 3459 2933 1153 3460 2931 1153 3461 2937 1154 3462 2933 1154 3463 2936 1154 3464 2936 1155 3465 2931 1155 3466 3028 1155 3467 3028 1156 3468 2934 1156 3469 2936 1156 3470 2934 1157 3471 3018 1157 3472 4072 1157 3473 4072 1158 3474 4073 1158 3475 2934 1158 3476 2936 1159 3477 4073 1159 3478 2935 1159 3479 2936 1160 3480 2934 1160 3481 4073 1160 3482 2936 1161 3483 2935 1161 3484 2937 1161 3485 2938 1162 3486 2933 1162 3487 2937 1162 3488 2946 1163 3489 2933 1163 3490 2938 1163 3491 2944 1164 3492 2946 1164 3493 2938 1164 3494 2939 1165 3495 2941 1165 3496 2944 1165 3497 2939 1166 3498 3015 1166 3499 2940 1166 3500 2939 1167 3501 2940 1167 3502 2941 1167 3503 2940 1168 3504 2942 1168 3505 2941 1168 3506 2940 1169 3507 3014 1169 3508 2942 1169 3509 2943 1170 3510 2941 1170 3511 2942 1170 3512 2941 1171 3513 2943 1171 3514 2944 1171 3515 2942 1172 3516 2945 1172 3517 2943 1172 3518 2947 1173 3519 2943 1173 3520 2945 1173 3521 2944 1174 3522 2943 1174 3523 2946 1174 3524 2946 1175 3525 2943 1175 3526 2947 1175 3527 2949 1176 3528 2928 1176 3529 2948 1176 3530 2947 1177 3531 2948 1177 3532 2929 1177 3533 2929 1178 3534 2948 1178 3535 2928 1178 3536 2945 1179 3537 2949 1179 3538 2948 1179 3539 2949 1180 3540 2969 1180 3541 2970 1180 3542 2949 1181 3543 2945 1181 3544 2969 1181 3545 2970 1182 3546 2951 1182 3547 2949 1182 3548 2949 1183 3549 2951 1183 3550 2928 1183 3551 2952 1184 3552 2951 1184 3553 2953 1184 3554 2950 1185 3555 2951 1185 3556 2952 1185 3557 2952 1186 3558 2953 1186 3559 2966 1186 3560 2952 1187 3561 2966 1187 3562 2954 1187 3563 2955 1188 3564 4110 1188 3565 2954 1188 3566 2955 1189 3567 2956 1189 3568 2957 1189 3569 2957 1190 3570 2958 1190 3571 3808 1190 3572 2958 1191 3573 3797 1191 3574 3806 1191 3575 3797 1192 3576 2958 1192 3577 3813 1192 3578 2958 1193 3579 2959 1193 3580 3813 1193 3581 2958 1194 3582 3806 1194 3583 3808 1194 3584 3811 1195 3585 2959 1195 3586 2960 1195 3587 2959 1196 3588 3811 1196 3589 3816 1196 3590 3816 1197 3591 3813 1197 3592 2959 1197 3593 3811 1198 3594 2960 1198 3595 2963 1198 3596 2961 1199 3597 2962 1199 3598 2960 1199 3599 2960 1200 3600 2965 1200 3601 2961 1200 3602 2960 1201 3603 2962 1201 3604 2963 1201 3605 2960 1202 3606 2964 1202 3607 2965 1202 3608 2960 1203 3609 2959 1203 3610 2964 1203 3611 2959 1204 3612 2957 1204 3613 2964 1204 3614 2964 1205 3615 2956 1205 3616 2965 1205 3617 2964 1206 3618 2957 1206 3619 2956 1206 3620 2965 1207 3621 2956 1207 3622 2966 1207 3623 2965 1208 3624 2966 1208 3625 2967 1208 3626 2961 1209 3627 2965 1209 3628 2967 1209 3629 2961 1210 3630 2967 1210 3631 2968 1210 3632 2967 1211 3633 2966 1211 3634 2968 1211 3635 2968 1212 3636 2966 1212 3637 2953 1212 3638 2969 1213 3639 2968 1213 3640 2970 1213 3641 2953 1214 3642 2970 1214 3643 2968 1214 3644 2970 1215 3645 2953 1215 3646 2951 1215 3647 2961 1216 3648 2968 1216 3649 2969 1216 3650 2958 1217 3651 2957 1217 3652 2959 1217 3653 3811 1218 3654 2963 1218 3655 2971 1218 3656 2972 1219 3657 3811 1219 3658 2971 1219 3659 3811 1220 3660 2972 1220 3661 3812 1220 3662 4079 1221 3663 2974 1221 3664 2972 1221 3665 2973 1222 3666 2972 1222 3667 2974 1222 3668 3814 1223 3669 2974 1223 3670 2975 1223 3671 2974 1224 3672 2976 1224 3673 2975 1224 3674 2973 1225 3675 2974 1225 3676 3814 1225 3677 3815 1226 3678 2977 1226 3679 2978 1226 3680 2978 1227 3681 3784 1227 3682 3815 1227 3683 2978 1228 3684 2979 1228 3685 2980 1228 3686 3784 1229 3687 2978 1229 3688 2980 1229 3689 3784 1230 3690 2980 1230 3691 2981 1230 3692 2980 1231 3693 2979 1231 3694 2981 1231 3695 2979 1232 3696 2983 1232 3697 2981 1232 3698 2982 1233 3699 2981 1233 3700 2983 1233 3701 2983 1234 3702 3112 1234 3703 2982 1234 3704 3112 1235 3705 2983 1235 3706 2984 1235 3707 2985 1236 3708 3112 1236 3709 2984 1236 3710 4080 1237 3711 2985 1237 3712 2986 1237 3713 2985 1238 3714 2984 1238 3715 2986 1238 3716 2988 1239 3717 2985 1239 3718 4080 1239 3719 4080 1240 3720 2987 1240 3721 2988 1240 3722 2988 1241 3723 2987 1241 3724 2989 1241 3725 2989 1242 3726 2987 1242 3727 2992 1242 3728 4080 1243 3729 2990 1243 3730 2987 1243 3731 2987 1244 3732 2990 1244 3733 2992 1244 3734 2989 1245 3735 2992 1245 3736 2991 1245 3737 2991 1246 3738 2992 1246 3739 2993 1246 3740 2992 1247 3741 2990 1247 3742 2994 1247 3743 2992 1248 3744 2994 1248 3745 2993 1248 3746 2993 1249 3747 2994 1249 3748 2995 1249 3749 2963 1250 3750 2994 1250 3751 2990 1250 3752 2963 1251 3753 2997 1251 3754 2994 1251 3755 2994 1252 3756 2997 1252 3757 2996 1252 3758 2995 1253 3759 2994 1253 3760 2996 1253 3761 2997 1254 3762 4078 1254 3763 2999 1254 3764 2999 1255 3765 2998 1255 3766 2997 1255 3767 2996 1256 3768 2997 1256 3769 2998 1256 3770 2996 1257 3771 2998 1257 3772 3086 1257 3773 3002 1258 3774 2998 1258 3775 2999 1258 3776 3004 1259 3777 3002 1259 3778 2999 1259 3779 3004 1260 3780 2999 1260 3781 3000 1260 3782 3004 1261 3783 3001 1261 3784 3003 1261 3785 3004 1262 3786 3003 1262 3787 3002 1262 3788 3005 1263 3789 3001 1263 3790 3004 1263 3791 3000 1264 3792 3005 1264 3793 3004 1264 3794 3009 1265 3795 3005 1265 3796 3013 1265 3797 3014 1266 3798 3005 1266 3799 3000 1266 3800 3014 1267 3801 3007 1267 3802 3005 1267 3803 3006 1268 3804 3005 1268 3805 3008 1268 3806 3013 1269 3807 3005 1269 3808 3006 1269 3809 3007 1270 3810 3008 1270 3811 3005 1270 3812 3005 1271 3813 3009 1271 3814 3001 1271 3815 3010 1272 3816 3011 1272 3817 3009 1272 3818 3010 1273 3819 3009 1273 3820 3015 1273 3821 3001 1274 3822 3009 1274 3823 3011 1274 3824 3015 1275 3825 3009 1275 3826 3012 1275 3827 3009 1276 3828 3013 1276 3829 3012 1276 3830 3014 1277 3831 3012 1277 3832 3013 1277 3833 3014 1278 3834 3006 1278 3835 3007 1278 3836 3014 1279 3837 3013 1279 3838 3006 1279 3839 2940 1280 3840 3012 1280 3841 3014 1280 3842 3012 1281 3843 2940 1281 3844 3015 1281 3845 3015 1282 3846 3016 1282 3847 3021 1282 3848 3015 1283 3849 2939 1283 3850 3016 1283 3851 3016 1284 3852 2939 1284 3853 4074 1284 3854 3017 1285 3855 3016 1285 3856 4072 1285 3857 3017 1286 3858 4072 1286 3859 3018 1286 3860 3018 1287 3861 3030 1287 3862 3019 1287 3863 3018 1288 3864 2934 1288 3865 3030 1288 3866 3018 1289 3867 3019 1289 3868 3017 1289 3869 3020 1290 3870 3025 1290 3871 3019 1290 3872 3019 1291 3873 3025 1291 3874 3021 1291 3875 3025 1292 3876 3022 1292 3877 3021 1292 3878 3017 1293 3879 3021 1293 3880 3016 1293 3881 3019 1294 3882 3021 1294 3883 3017 1294 3884 3015 1295 3885 3021 1295 3886 3022 1295 3887 3015 1296 3888 3023 1296 3889 3010 1296 3890 3022 1297 3891 3023 1297 3892 3015 1297 3893 3023 1298 3894 3011 1298 3895 3010 1298 3896 3022 1299 3897 3024 1299 3898 3023 1299 3899 3023 1300 3900 3024 1300 3901 3077 1300 3902 3022 1301 3903 3846 1301 3904 3024 1301 3905 3846 1302 3906 3022 1302 3907 3025 1302 3908 3034 1303 3909 3851 1303 3910 3020 1303 3911 3034 1304 3912 3033 1304 3913 3851 1304 3914 3851 1305 3915 3033 1305 3916 3852 1305 3917 3026 1306 3918 3025 1306 3919 3020 1306 3920 3020 1307 3921 3851 1307 3922 3026 1307 3923 3026 1308 3924 3027 1308 3925 3025 1308 3926 2926 1309 3927 4096 1309 3928 3032 1309 3929 3028 1310 3930 2930 1310 3931 2927 1310 3932 3029 1311 3933 3030 1311 3934 4086 1311 3935 3028 1312 3936 3030 1312 3937 2934 1312 3938 3019 1313 3939 3029 1313 3940 3031 1313 3941 3019 1314 3942 3030 1314 3943 3029 1314 3944 3033 1315 3945 3031 1315 3946 2926 1315 3947 3019 1316 3948 3031 1316 3949 3033 1316 3950 3031 1317 3951 3029 1317 3952 4086 1317 3953 3032 1318 3954 3852 1318 3955 2926 1318 3956 2926 1319 3957 3852 1319 3958 3033 1319 3959 3034 1320 3960 3019 1320 3961 3033 1320 3962 3020 1321 3963 3019 1321 3964 3034 1321 3965 3037 1322 3966 2925 1322 3967 3035 1322 3968 2925 1323 3969 3038 1323 3970 3035 1323 3971 2925 1324 3972 3039 1324 3973 3038 1324 3974 3037 1325 3975 2924 1325 3976 2925 1325 3977 3036 1326 3978 2924 1326 3979 3037 1326 3980 3039 1327 3981 3040 1327 3982 3038 1327 3983 3039 1328 3984 3042 1328 3985 3040 1328 3986 3041 1329 3987 3042 1329 3988 3039 1329 3989 2925 1330 3990 3041 1330 3991 3039 1330 3992 3043 1331 3993 3042 1331 3994 3044 1331 3995 3044 1332 3996 3042 1332 3997 3942 1332 3998 3044 1333 3999 3046 1333 4000 3043 1333 4001 3942 1334 4002 3046 1334 4003 3044 1334 4004 3047 1335 4005 3045 1335 4006 3046 1335 4007 3046 1336 4008 3942 1336 4009 3047 1336 4010 3941 1337 4011 3921 1337 4012 3047 1337 4013 3047 1338 4014 3048 1338 4015 3045 1338 4016 3941 1339 4017 3047 1339 4018 3942 1339 4019 3047 1340 4020 3921 1340 4021 3048 1340 4022 3920 1341 4023 3049 1341 4024 3048 1341 4025 3045 1342 4026 3048 1342 4027 3049 1342 4028 3049 1343 4029 3050 1343 4030 3051 1343 4031 3045 1344 4032 3049 1344 4033 3051 1344 4034 3052 1345 4035 3045 1345 4036 3051 1345 4037 3053 1346 4038 3046 1346 4039 3052 1346 4040 3052 1347 4041 3046 1347 4042 3045 1347 4043 3053 1348 4044 2500 1348 4045 3066 1348 4046 3053 1349 4047 3066 1349 4048 3054 1349 4049 3052 1350 4050 2500 1350 4051 3053 1350 4052 3054 1351 4053 3066 1351 4054 3056 1351 4055 3054 1352 4056 3055 1352 4057 3053 1352 4058 3056 1353 4059 3055 1353 4060 3054 1353 4061 3876 1354 4062 3055 1354 4063 3056 1354 4064 3058 1355 4065 3056 1355 4066 3066 1355 4067 3058 1356 4068 3057 1356 4069 3056 1356 4070 3059 1357 4071 3060 1357 4072 3058 1357 4073 3058 1358 4074 3060 1358 4075 3057 1358 4076 3062 1359 4077 3058 1359 4078 3061 1359 4079 3062 1360 4080 3059 1360 4081 3058 1360 4082 3063 1361 4083 2513 1361 4084 3062 1361 4085 3063 1362 4086 3062 1362 4087 3061 1362 4088 3064 1363 4089 3063 1363 4090 3061 1363 4091 3058 1364 4092 3066 1364 4093 3064 1364 4094 3058 1365 4095 3064 1365 4096 3061 1365 4097 2500 1366 4098 3065 1366 4099 3064 1366 4100 3063 1367 4101 3064 1367 4102 3065 1367 4103 2500 1368 4104 3064 1368 4105 3066 1368 4106 2499 1369 4107 3063 1369 4108 3065 1369 4109 2500 1370 4110 2499 1370 4111 3065 1370 4112 2513 1371 4113 2515 1371 4114 3067 1371 4115 2513 1372 4116 3067 1372 4117 3062 1372 4118 3062 1373 4119 3067 1373 4120 3068 1373 4121 3861 1374 4122 3062 1374 4123 3069 1374 4124 3062 1375 4125 3068 1375 4126 3069 1375 4127 3861 1376 4128 3059 1376 4129 3062 1376 4130 3068 1377 4131 3067 1377 4132 3070 1377 4133 3074 1378 4134 3071 1378 4135 3070 1378 4136 3070 1379 4137 3027 1379 4138 3072 1379 4139 3067 1380 4140 3074 1380 4141 3070 1380 4142 3070 1381 4143 3072 1381 4144 3073 1381 4145 3073 1382 4146 3068 1382 4147 3070 1382 4148 3076 1383 4149 3075 1383 4150 3074 1383 4151 3074 1384 4152 3075 1384 4153 3071 1384 4154 3067 1385 4155 3076 1385 4156 3074 1385 4157 3077 1386 4158 3024 1386 4159 3076 1386 4160 3076 1387 4161 3078 1387 4162 3077 1387 4163 3079 1388 4164 3078 1388 4165 3076 1388 4166 3067 1389 4167 3080 1389 4168 3079 1389 4169 3076 1390 4170 3067 1390 4171 3079 1390 4172 3080 1391 4173 3081 1391 4174 3079 1391 4175 3078 1392 4176 3079 1392 4177 3081 1392 4178 3083 1393 4179 3082 1393 4180 3080 1393 4181 3081 1394 4182 3080 1394 4183 3082 1394 4184 3083 1395 4185 3084 1395 4186 3082 1395 4187 3086 1396 4188 3087 1396 4189 3085 1396 4190 3088 1397 4191 3086 1397 4192 3085 1397 4193 3085 1398 4194 3087 1398 4195 3084 1398 4196 3086 1399 4197 3088 1399 4198 3089 1399 4199 3092 1400 4200 3088 1400 4201 3090 1400 4202 3091 1401 4203 3088 1401 4204 3093 1401 4205 3088 1402 4206 3091 1402 4207 3089 1402 4208 3092 1403 4209 3093 1403 4210 3088 1403 4211 3093 1404 4212 3094 1404 4213 3091 1404 4214 3095 1405 4215 3093 1405 4216 3092 1405 4217 3096 1406 4218 3094 1406 4219 3093 1406 4220 2580 1407 4221 3093 1407 4222 3095 1407 4223 2580 1408 4224 3096 1408 4225 3093 1408 4226 3097 1409 4227 2991 1409 4228 3096 1409 4229 3096 1410 4230 2580 1410 4231 2577 1410 4232 3096 1411 4233 2577 1411 4234 3097 1411 4235 3097 1412 4236 2576 1412 4237 3098 1412 4238 2577 1413 4239 2576 1413 4240 3097 1413 4241 3098 1414 4242 2988 1414 4243 2989 1414 4244 3099 1415 4245 2988 1415 4246 3098 1415 4247 3098 1416 4248 2989 1416 4249 3097 1416 4250 3098 1417 4251 2576 1417 4252 3100 1417 4253 3098 1418 4254 3100 1418 4255 3099 1418 4256 2988 1419 4257 3099 1419 4258 3100 1419 4259 3101 1420 4260 2988 1420 4261 3100 1420 4262 3101 1421 4263 2985 1421 4264 2988 1421 4265 3102 1422 4266 3101 1422 4267 3106 1422 4268 3105 1423 4269 3101 1423 4270 3102 1423 4271 2985 1424 4272 3101 1424 4273 3103 1424 4274 3101 1425 4275 3104 1425 4276 3103 1425 4277 3107 1426 4278 3101 1426 4279 3100 1426 4280 3104 1427 4281 3101 1427 4282 3105 1427 4283 3106 1428 4284 3101 1428 4285 3107 1428 4286 3108 1429 4287 3107 1429 4288 3100 1429 4289 3107 1430 4290 3108 1430 4291 3110 1430 4292 3100 1431 4293 2576 1431 4294 3108 1431 4295 3110 1432 4296 3108 1432 4297 3109 1432 4298 3108 1433 4299 2576 1433 4300 3109 1433 4301 3110 1434 4302 3111 1434 4303 3103 1434 4304 3103 1435 4305 3107 1435 4306 3110 1435 4307 3111 1436 4308 3112 1436 4309 2985 1436 4310 2985 1437 4311 3103 1437 4312 3111 1437 4313 3116 1438 4314 3113 1438 4315 3112 1438 4316 3112 1439 4317 3113 1439 4318 3115 1439 4319 3114 1440 4320 3112 1440 4321 3115 1440 4322 3112 1441 4323 3111 1441 4324 3116 1441 4325 3116 1442 4326 3111 1442 4327 3122 1442 4328 3116 1443 4329 3122 1443 4330 3121 1443 4331 3113 1444 4332 3116 1444 4333 3117 1444 4334 3117 1445 4335 3116 1445 4336 3118 1445 4337 3118 1446 4338 3116 1446 4339 3119 1446 4340 3119 1447 4341 3116 1447 4342 3120 1447 4343 3120 1448 4344 3116 1448 4345 3121 1448 4346 3122 1449 4347 3123 1449 4348 3121 1449 4349 3122 1450 4350 3154 1450 4351 3123 1450 4352 3154 1451 4353 3124 1451 4354 3123 1451 4355 3124 1452 4356 3152 1452 4357 3125 1452 4358 3152 1453 4359 3126 1453 4360 3125 1453 4361 3128 1454 4362 3125 1454 4363 3126 1454 4364 3128 1455 4365 3126 1455 4366 3127 1455 4367 3129 1456 4368 3128 1456 4369 3127 1456 4370 3144 1457 4371 3131 1457 4372 3129 1457 4373 3131 1458 4374 3130 1458 4375 3129 1458 4376 3133 1459 4377 3132 1459 4378 3115 1459 4379 3123 1460 4380 3132 1460 4381 3133 1460 4382 3132 1461 4383 3123 1461 4384 3124 1461 4385 3124 1462 4386 3130 1462 4387 3132 1462 4388 3132 1463 4389 3130 1463 4390 3131 1463 4391 3133 1464 4392 3121 1464 4393 3123 1464 4394 3113 1465 4395 3133 1465 4396 3115 1465 4397 3117 1466 4398 3133 1466 4399 3113 1466 4400 3134 1467 4401 3133 1467 4402 3117 1467 4403 3120 1468 4404 3133 1468 4405 3134 1468 4406 3121 1469 4407 3133 1469 4408 3120 1469 4409 3137 1470 4410 3114 1470 4411 3115 1470 4412 3115 1471 4413 3132 1471 4414 3137 1471 4415 3114 1472 4416 3135 1472 4417 3112 1472 4418 3135 1473 4419 3114 1473 4420 3136 1473 4421 3137 1474 4422 3136 1474 4423 3114 1474 4424 2982 1475 4425 3112 1475 4426 3135 1475 4427 3140 1476 4428 3139 1476 4429 3138 1476 4430 3139 1477 4431 3140 1477 4432 3141 1477 4433 3141 1478 4434 3140 1478 4435 3142 1478 4436 3142 1479 4437 3143 1479 4438 3141 1479 4439 3144 1480 4440 3145 1480 4441 3142 1480 4442 3436 1481 4443 3146 1481 4444 3149 1481 4445 3146 1482 4446 3147 1482 4447 3149 1482 4448 3436 1483 4449 3149 1483 4450 3148 1483 4451 3150 1484 4452 3779 1484 4453 3148 1484 4454 3150 1485 4455 3148 1485 4456 3149 1485 4457 3149 1486 4458 3780 1486 4459 3150 1486 4460 3151 1487 4461 3150 1487 4462 3780 1487 4463 3780 1488 4464 3126 1488 4465 3151 1488 4466 3152 1489 4467 3150 1489 4468 3151 1489 4469 3151 1490 4470 3126 1490 4471 3152 1490 4472 3124 1491 4473 3153 1491 4474 3152 1491 4475 3152 1492 4476 3153 1492 4477 3150 1492 4478 3154 1493 4479 3153 1493 4480 3124 1493 4481 3154 1494 4482 3155 1494 4483 3153 1494 4484 3122 1495 4485 3155 1495 4486 3154 1495 4487 3110 1496 4488 3155 1496 4489 3122 1496 4490 3122 1497 4491 3111 1497 4492 3110 1497 4493 3155 1498 4494 3109 1498 4495 3153 1498 4496 3110 1499 4497 3109 1499 4498 3155 1499 4499 3156 1500 4500 3160 1500 4501 3153 1500 4502 3157 1501 4503 3156 1501 4504 3153 1501 4505 3157 1502 4506 3153 1502 4507 3158 1502 4508 3153 1503 4509 3109 1503 4510 3158 1503 4511 3153 1504 4512 3159 1504 4513 3150 1504 4514 3153 1505 4515 3162 1505 4516 3159 1505 4517 3153 1506 4518 3160 1506 4519 3162 1506 4520 3156 1507 4521 3180 1507 4522 3160 1507 4523 3156 1508 4524 3181 1508 4525 3180 1508 4526 3160 1509 4527 3180 1509 4528 3161 1509 4529 3162 1510 4530 3160 1510 4531 3161 1510 4532 3161 1511 4533 3167 1511 4534 3162 1511 4535 3163 1512 4536 3162 1512 4537 3167 1512 4538 3163 1513 4539 3165 1513 4540 3166 1513 4541 3162 1514 4542 3163 1514 4543 3164 1514 4544 3163 1515 4545 3167 1515 4546 3165 1515 4547 3163 1516 4548 3166 1516 4549 3164 1516 4550 3164 1517 4551 3166 1517 4552 3778 1517 4553 3165 1518 4554 3435 1518 4555 3166 1518 4556 3433 1519 4557 3435 1519 4558 3165 1519 4559 3167 1520 4560 3161 1520 4561 3168 1520 4562 3180 1521 4563 3168 1521 4564 3161 1521 4565 3168 1522 4566 3173 1522 4567 3169 1522 4568 3168 1523 4569 3180 1523 4570 3170 1523 4571 3168 1524 4572 3170 1524 4573 3172 1524 4574 3168 1525 4575 3172 1525 4576 3171 1525 4577 3168 1526 4578 3171 1526 4579 3173 1526 4580 3167 1527 4581 3168 1527 4582 3169 1527 4583 3173 1528 4584 3175 1528 4585 3174 1528 4586 3173 1529 4587 3174 1529 4588 3169 1529 4589 3175 1530 4590 3173 1530 4591 3176 1530 4592 3173 1531 4593 3177 1531 4594 3176 1531 4595 3173 1532 4596 3171 1532 4597 3177 1532 4598 3175 1533 4599 3177 1533 4600 3178 1533 4601 3175 1534 4602 3176 1534 4603 3177 1534 4604 3175 1535 4605 3178 1535 4606 3170 1535 4607 3179 1536 4608 3175 1536 4609 3180 1536 4610 3179 1537 4611 3174 1537 4612 3175 1537 4613 3175 1538 4614 3170 1538 4615 3180 1538 4616 3179 1539 4617 3180 1539 4618 3181 1539 4619 3179 1540 4620 3181 1540 4621 3182 1540 4622 3182 1541 4623 3184 1541 4624 3179 1541 4625 3174 1542 4626 3179 1542 4627 3184 1542 4628 3183 1543 4629 3184 1543 4630 3182 1543 4631 3184 1544 4632 3183 1544 4633 3185 1544 4634 3184 1545 4635 3419 1545 4636 3174 1545 4637 3186 1546 4638 3185 1546 4639 3187 1546 4640 3186 1547 4641 3187 1547 4642 3188 1547 4643 3186 1548 4644 3188 1548 4645 3191 1548 4646 3189 1549 4647 3186 1549 4648 3191 1549 4649 3189 1550 4650 3185 1550 4651 3186 1550 4652 3190 1551 4653 3189 1551 4654 3191 1551 4655 3189 1552 4656 3190 1552 4657 3185 1552 4658 3184 1553 4659 3185 1553 4660 3192 1553 4661 3192 1554 4662 3185 1554 4663 3190 1554 4664 3193 1555 4665 3184 1555 4666 3192 1555 4667 3192 1556 4668 3195 1556 4669 3194 1556 4670 3192 1557 4671 3190 1557 4672 3195 1557 4673 3195 1558 4674 3224 1558 4675 3197 1558 4676 3196 1559 4677 3198 1559 4678 3197 1559 4679 3197 1560 4680 3198 1560 4681 3213 1560 4682 3429 1561 4683 3213 1561 4684 3428 1561 4685 3197 1562 4686 3213 1562 4687 3429 1562 4688 3428 1563 4689 3200 1563 4690 3199 1563 4691 3201 1564 4692 3202 1564 4693 3206 1564 4694 3201 1565 4695 3200 1565 4696 3202 1565 4697 3200 1566 4698 3201 1566 4699 3203 1566 4700 3204 1567 4701 3203 1567 4702 3201 1567 4703 3201 1568 4704 3205 1568 4705 3204 1568 4706 3201 1569 4707 3206 1569 4708 3205 1569 4709 3206 1570 4710 3202 1570 4711 3207 1570 4712 3207 1571 4713 3202 1571 4714 3208 1571 4715 3208 1572 4716 3202 1572 4717 3210 1572 4718 3203 1573 4719 3208 1573 4720 3210 1573 4721 3208 1574 4722 3203 1574 4723 3209 1574 4724 3209 1575 4725 3203 1575 4726 3205 1575 4727 3203 1576 4728 3210 1576 4729 3211 1576 4730 3210 1577 4731 3212 1577 4732 3211 1577 4733 3210 1578 4734 3202 1578 4735 3212 1578 4736 3198 1579 4737 3212 1579 4738 3213 1579 4739 3212 1580 4740 3202 1580 4741 3213 1580 4742 3215 1581 4743 3216 1581 4744 3214 1581 4745 3214 1582 4746 3216 1582 4747 3198 1582 4748 3216 1583 4749 3212 1583 4750 3198 1583 4751 3219 1584 4752 3217 1584 4753 3216 1584 4754 3216 1585 4755 3215 1585 4756 3219 1585 4757 3340 1586 4758 3215 1586 4759 3218 1586 4760 3215 1587 4761 3340 1587 4762 3219 1587 4763 3218 1588 4764 3215 1588 4765 3220 1588 4766 3221 1589 4767 3218 1589 4768 3220 1589 4769 3220 1590 4770 3215 1590 4771 3222 1590 4772 3223 1591 4773 3220 1591 4774 3222 1591 4775 3223 1592 4776 3222 1592 4777 3224 1592 4778 3224 1593 4779 3190 1593 4780 3226 1593 4781 3224 1594 4782 3226 1594 4783 3223 1594 4784 3195 1595 4785 3190 1595 4786 3224 1595 4787 3190 1596 4788 3191 1596 4789 3226 1596 4790 3226 1597 4791 3191 1597 4792 3225 1597 4793 3226 1598 4794 3227 1598 4795 3228 1598 4796 3226 1599 4797 3225 1599 4798 3227 1599 4799 3229 1600 4800 3226 1600 4801 3228 1600 4802 3223 1601 4803 3226 1601 4804 3229 1601 4805 3223 1602 4806 3229 1602 4807 3231 1602 4808 3230 1603 4809 3223 1603 4810 3231 1603 4811 3231 1604 4812 3229 1604 4813 3768 1604 4814 3231 1605 4815 3409 1605 4816 3230 1605 4817 3231 1606 4818 3768 1606 4819 3235 1606 4820 3235 1607 4821 3236 1607 4822 3231 1607 4823 3409 1608 4824 3231 1608 4825 3236 1608 4826 3232 1609 4827 3348 1609 4828 3236 1609 4829 3236 1610 4830 3348 1610 4831 3409 1610 4832 3232 1611 4833 3349 1611 4834 3348 1611 4835 3233 1612 4836 3349 1612 4837 3232 1612 4838 3397 1613 4839 3232 1613 4840 3234 1613 4841 3397 1614 4842 3233 1614 4843 3232 1614 4844 3236 1615 4845 3234 1615 4846 3232 1615 4847 3237 1616 4848 3236 1616 4849 3238 1616 4850 3238 1617 4851 3236 1617 4852 3235 1617 4853 3238 1618 4854 3241 1618 4855 3239 1618 4856 3239 1619 4857 3237 1619 4858 3238 1619 4859 3235 1620 4860 3240 1620 4861 3238 1620 4862 3238 1621 4863 3240 1621 4864 3241 1621 4865 3240 1622 4866 3242 1622 4867 3241 1622 4868 3242 1623 4869 3243 1623 4870 3241 1623 4871 3242 1624 4872 3244 1624 4873 3243 1624 4874 3241 1625 4875 3243 1625 4876 3245 1625 4877 3239 1626 4878 3246 1626 4879 3392 1626 4880 3392 1627 4881 3246 1627 4882 3247 1627 4883 3239 1628 4884 3245 1628 4885 3246 1628 4886 3247 1629 4887 3250 1629 4888 3248 1629 4889 3249 1630 4890 3250 1630 4891 3247 1630 4892 3249 1631 4893 3251 1631 4894 3250 1631 4895 3251 1632 4896 3249 1632 4897 3253 1632 4898 3253 1633 4899 3252 1633 4900 3251 1633 4901 3251 1634 4902 3252 1634 4903 3257 1634 4904 3254 1635 4905 3257 1635 4906 3256 1635 4907 3257 1636 4908 3255 1636 4909 3256 1636 4910 3252 1637 4911 3255 1637 4912 3257 1637 4913 3257 1638 4914 3254 1638 4915 3258 1638 4916 3254 1639 4917 3491 1639 4918 3258 1639 4919 3491 1640 4920 3260 1640 4921 3258 1640 4922 3259 1641 4923 3260 1641 4924 3491 1641 4925 3251 1642 4926 3257 1642 4927 3260 1642 4928 3260 1643 4929 3257 1643 4930 3258 1643 4931 3260 1644 4932 3259 1644 4933 3261 1644 4934 3267 1645 4935 3260 1645 4936 3261 1645 4937 3267 1646 4938 3261 1646 4939 3264 1646 4940 3264 1647 4941 3261 1647 4942 3262 1647 4943 3529 1648 4944 3261 1648 4945 3259 1648 4946 3529 1649 4947 3262 1649 4948 3261 1649 4949 3264 1650 4950 3262 1650 4951 3263 1650 4952 3263 1651 4953 3262 1651 4954 3493 1651 4955 3264 1652 4956 3263 1652 4957 3266 1652 4958 3264 1653 4959 3266 1653 4960 3267 1653 4961 3267 1654 4962 3266 1654 4963 3265 1654 4964 3250 1655 4965 3267 1655 4966 3265 1655 4967 3269 1656 4968 3250 1656 4969 3268 1656 4970 3250 1657 4971 3269 1657 4972 3248 1657 4973 3389 1658 4974 3248 1658 4975 3269 1658 4976 3400 1659 4977 3390 1659 4978 3269 1659 4979 3389 1660 4980 3269 1660 4981 3390 1660 4982 3401 1661 4983 3400 1661 4984 3269 1661 4985 3401 1662 4986 3269 1662 4987 3270 1662 4988 3270 1663 4989 3273 1663 4990 3271 1663 4991 3271 1664 4992 3401 1664 4993 3270 1664 4994 3270 1665 4995 3272 1665 4996 3273 1665 4997 3271 1666 4998 3273 1666 4999 3274 1666 5000 3274 1667 5001 3265 1667 5002 3275 1667 5003 3271 1668 5004 3274 1668 5005 3402 1668 5006 3263 1669 5007 3274 1669 5008 3275 1669 5009 3263 1670 5010 3510 1670 5011 3274 1670 5012 3274 1671 5013 3510 1671 5014 3402 1671 5015 3271 1672 5016 3402 1672 5017 3401 1672 5018 3277 1673 5019 3402 1673 5020 3510 1673 5021 3277 1674 5022 3509 1674 5023 3508 1674 5024 3277 1675 5025 3510 1675 5026 3509 1675 5027 3279 1676 5028 3764 1676 5029 3404 1676 5030 3765 1677 5031 3404 1677 5032 3764 1677 5033 3276 1678 5034 3506 1678 5035 3279 1678 5036 3279 1679 5037 3506 1679 5038 3280 1679 5039 3506 1680 5040 3281 1680 5041 3280 1680 5042 3281 1681 5043 3282 1681 5044 3280 1681 5045 3283 1682 5046 3282 1682 5047 3281 1682 5048 3283 1683 5049 3281 1683 5050 3285 1683 5051 3757 1684 5052 3287 1684 5053 3283 1684 5054 3757 1685 5055 3283 1685 5056 3284 1685 5057 3283 1686 5058 3285 1686 5059 3284 1686 5060 3287 1687 5061 3282 1687 5062 3283 1687 5063 3287 1688 5064 3757 1688 5065 3286 1688 5066 3762 1689 5067 3287 1689 5068 3761 1689 5069 3761 1690 5070 3287 1690 5071 3286 1690 5072 3761 1691 5073 3286 1691 5074 3288 1691 5075 3758 1692 5076 3289 1692 5077 3288 1692 5078 3759 1693 5079 3289 1693 5080 3291 1693 5081 3758 1694 5082 3291 1694 5083 3289 1694 5084 3292 1695 5085 3291 1695 5086 3758 1695 5087 3322 1696 5088 3759 1696 5089 3290 1696 5090 3291 1697 5091 3290 1697 5092 3759 1697 5093 3292 1698 5094 3293 1698 5095 3291 1698 5096 3292 1699 5097 3756 1699 5098 3293 1699 5099 3293 1700 5100 3756 1700 5101 3294 1700 5102 3295 1701 5103 3290 1701 5104 3293 1701 5105 3295 1702 5106 3296 1702 5107 3290 1702 5108 3299 1703 5109 3296 1703 5110 3295 1703 5111 3296 1704 5112 3299 1704 5113 3304 1704 5114 3297 1705 5115 3303 1705 5116 3299 1705 5117 3294 1706 5118 3303 1706 5119 3297 1706 5120 3303 1707 5121 3300 1707 5122 3298 1707 5123 3303 1708 5124 3304 1708 5125 3299 1708 5126 3300 1709 5127 3303 1709 5128 3302 1709 5129 3303 1710 5130 3294 1710 5131 3301 1710 5132 3303 1711 5133 3301 1711 5134 3302 1711 5135 3304 1712 5136 3303 1712 5137 3298 1712 5138 3304 1713 5139 3298 1713 5140 3305 1713 5141 3305 1714 5142 3306 1714 5143 3304 1714 5144 3306 1715 5145 3305 1715 5146 3300 1715 5147 3298 1716 5148 3300 1716 5149 3305 1716 5150 3300 1717 5151 3308 1717 5152 3307 1717 5153 3300 1718 5154 3307 1718 5155 3306 1718 5156 3307 1719 5157 3312 1719 5158 3306 1719 5159 3309 1720 5160 3312 1720 5161 3307 1720 5162 2688 1721 5163 3310 1721 5164 3309 1721 5165 3444 1722 5166 3311 1722 5167 3310 1722 5168 3444 1723 5169 3316 1723 5170 3311 1723 5171 3314 1724 5172 3311 1724 5173 3316 1724 5174 3314 1725 5175 3313 1725 5176 3311 1725 5177 3309 1726 5178 3313 1726 5179 3312 1726 5180 3310 1727 5181 3311 1727 5182 3313 1727 5183 3313 1728 5184 3309 1728 5185 3310 1728 5186 3312 1729 5187 3313 1729 5188 3314 1729 5189 3314 1730 5190 3449 1730 5191 3312 1730 5192 3322 1731 5193 3449 1731 5194 3314 1731 5195 3321 1732 5196 3322 1732 5197 3314 1732 5198 3321 1733 5199 3314 1733 5200 3315 1733 5201 3315 1734 5202 3314 1734 5203 3316 1734 5204 3315 1735 5205 3316 1735 5206 3320 1735 5207 3319 1736 5208 3320 1736 5209 3316 1736 5210 3317 1737 5211 3437 1737 5212 3319 1737 5213 3316 1738 5214 3317 1738 5215 3319 1738 5216 3318 1739 5217 3319 1739 5218 3437 1739 5219 3323 1740 5220 3322 1740 5221 3321 1740 5222 3323 1741 5223 3321 1741 5224 3324 1741 5225 3315 1742 5226 3324 1742 5227 3321 1742 5228 3315 1743 5229 3320 1743 5230 3324 1743 5231 3203 1744 5232 3324 1744 5233 3320 1744 5234 3324 1745 5235 3325 1745 5236 3323 1745 5237 3323 1746 5238 3325 1746 5239 3334 1746 5240 3212 1747 5241 3334 1747 5242 3325 1747 5243 3211 1748 5244 3325 1748 5245 3324 1748 5246 3325 1749 5247 3327 1749 5248 3212 1749 5249 3211 1750 5250 3326 1750 5251 3325 1750 5252 3327 1751 5253 3325 1751 5254 3326 1751 5255 3327 1752 5256 3326 1752 5257 3328 1752 5258 3211 1753 5259 3212 1753 5260 3327 1753 5261 3328 1754 5262 3326 1754 5263 3330 1754 5264 3211 1755 5265 3328 1755 5266 3329 1755 5267 3211 1756 5268 3327 1756 5269 3328 1756 5270 3330 1757 5271 3326 1757 5272 3331 1757 5273 3331 1758 5274 3326 1758 5275 3332 1758 5276 3211 1759 5277 3331 1759 5278 3332 1759 5279 3211 1760 5280 3333 1760 5281 3331 1760 5282 3211 1761 5283 3329 1761 5284 3333 1761 5285 3211 1762 5286 3332 1762 5287 3326 1762 5288 3334 1763 5289 3340 1763 5290 3335 1763 5291 3334 1764 5292 3335 1764 5293 3323 1764 5294 3216 1765 5295 3334 1765 5296 3212 1765 5297 3340 1766 5298 3334 1766 5299 3217 1766 5300 3216 1767 5301 3217 1767 5302 3334 1767 5303 3335 1768 5304 3336 1768 5305 3323 1768 5306 3323 1769 5307 3336 1769 5308 3322 1769 5309 3759 1770 5310 3322 1770 5311 3336 1770 5312 3759 1771 5313 3336 1771 5314 3378 1771 5315 3338 1772 5316 3378 1772 5317 3336 1772 5318 3337 1773 5319 3338 1773 5320 3336 1773 5321 3337 1774 5322 3336 1774 5323 3335 1774 5324 3340 1775 5325 3337 1775 5326 3335 1775 5327 3338 1776 5328 3337 1776 5329 3339 1776 5330 3340 1777 5331 3339 1777 5332 3337 1777 5333 3338 1778 5334 3339 1778 5335 3376 1778 5336 3339 1779 5337 3341 1779 5338 3376 1779 5339 3339 1780 5340 3340 1780 5341 3341 1780 5342 3340 1781 5343 3218 1781 5344 3341 1781 5345 3376 1782 5346 3341 1782 5347 3342 1782 5348 3342 1783 5349 3343 1783 5350 3344 1783 5351 3344 1784 5352 3343 1784 5353 3347 1784 5354 3379 1785 5355 3344 1785 5356 3374 1785 5357 3374 1786 5358 3344 1786 5359 3345 1786 5360 3374 1787 5361 3345 1787 5362 3373 1787 5363 3373 1788 5364 3345 1788 5365 3352 1788 5366 3345 1789 5367 3346 1789 5368 3352 1789 5369 3409 1790 5370 3346 1790 5371 3347 1790 5372 3346 1791 5373 3409 1791 5374 3348 1791 5375 3346 1792 5376 3345 1792 5377 3347 1792 5378 3346 1793 5379 3348 1793 5380 3349 1793 5381 3346 1794 5382 3349 1794 5383 3350 1794 5384 3350 1795 5385 3408 1795 5386 3346 1795 5387 3346 1796 5388 3408 1796 5389 3352 1796 5390 3352 1797 5391 3408 1797 5392 3351 1797 5393 3352 1798 5394 3351 1798 5395 3380 1798 5396 3353 1799 5397 3354 1799 5398 3351 1799 5399 3353 1800 5400 3351 1800 5401 3408 1800 5402 3380 1801 5403 3351 1801 5404 3354 1801 5405 3353 1802 5406 3355 1802 5407 3354 1802 5408 3355 1803 5409 3353 1803 5410 3356 1803 5411 3353 1804 5412 3357 1804 5413 3356 1804 5414 3357 1805 5415 3396 1805 5416 3358 1805 5417 3396 1806 5418 3359 1806 5419 3358 1806 5420 3359 1807 5421 3360 1807 5422 3361 1807 5423 3361 1808 5424 3362 1808 5425 3407 1808 5426 3363 1809 5427 3385 1809 5428 3383 1809 5429 3363 1810 5430 3383 1810 5431 3365 1810 5432 3364 1811 5433 3407 1811 5434 3363 1811 5435 3363 1812 5436 3407 1812 5437 3362 1812 5438 3362 1813 5439 3385 1813 5440 3363 1813 5441 3364 1814 5442 3363 1814 5443 3365 1814 5444 3365 1815 5445 3367 1815 5446 3364 1815 5447 3364 1816 5448 3367 1816 5449 3366 1816 5450 3365 1817 5451 3368 1817 5452 3367 1817 5453 3355 1818 5454 3405 1818 5455 3367 1818 5456 3355 1819 5457 3367 1819 5458 3369 1819 5459 3369 1820 5460 3367 1820 5461 3368 1820 5462 3355 1821 5463 3369 1821 5464 3354 1821 5465 3403 1822 5466 3368 1822 5467 3365 1822 5468 3370 1823 5469 3279 1823 5470 3404 1823 5471 3404 1824 5472 3765 1824 5473 3403 1824 5474 3765 1825 5475 3371 1825 5476 3368 1825 5477 3759 1826 5478 3765 1826 5479 3278 1826 5480 3759 1827 5481 3371 1827 5482 3765 1827 5483 3759 1828 5484 3372 1828 5485 3371 1828 5486 3373 1829 5487 3371 1829 5488 3372 1829 5489 3373 1830 5490 3372 1830 5491 3374 1830 5492 3374 1831 5493 3372 1831 5494 3379 1831 5495 3379 1832 5496 3372 1832 5497 3375 1832 5498 3759 1833 5499 3375 1833 5500 3372 1833 5501 3759 1834 5502 3377 1834 5503 3375 1834 5504 3376 1835 5505 3375 1835 5506 3377 1835 5507 3759 1836 5508 3378 1836 5509 3377 1836 5510 3377 1837 5511 3378 1837 5512 3338 1837 5513 3376 1838 5514 3377 1838 5515 3338 1838 5516 3379 1839 5517 3375 1839 5518 3376 1839 5519 3376 1840 5520 3344 1840 5521 3379 1840 5522 3380 1841 5523 3371 1841 5524 3373 1841 5525 3352 1842 5526 3380 1842 5527 3373 1842 5528 3380 1843 5529 3369 1843 5530 3371 1843 5531 3354 1844 5532 3369 1844 5533 3380 1844 5534 3369 1845 5535 3368 1845 5536 3371 1845 5537 3765 1846 5538 3368 1846 5539 3403 1846 5540 3276 1847 5541 3279 1847 5542 3370 1847 5543 3370 1848 5544 3381 1848 5545 3276 1848 5546 3370 1849 5547 3382 1849 5548 3381 1849 5549 3404 1850 5550 3383 1850 5551 3382 1850 5552 3404 1851 5553 3382 1851 5554 3370 1851 5555 3382 1852 5556 3277 1852 5557 3381 1852 5558 3384 1853 5559 3382 1853 5560 3385 1853 5561 3384 1854 5562 3385 1854 5563 3362 1854 5564 3362 1855 5565 3386 1855 5566 3384 1855 5567 3387 1856 5568 3384 1856 5569 3386 1856 5570 3388 1857 5571 3387 1857 5572 3386 1857 5573 3388 1858 5574 3386 1858 5575 3398 1858 5576 3389 1859 5577 3390 1859 5578 3388 1859 5579 3400 1860 5580 3388 1860 5581 3390 1860 5582 3248 1861 5583 3389 1861 5584 3391 1861 5585 3391 1862 5586 3247 1862 5587 3248 1862 5588 3239 1863 5589 3392 1863 5590 3237 1863 5591 3399 1864 5592 3391 1864 5593 3393 1864 5594 3399 1865 5595 3392 1865 5596 3391 1865 5597 3393 1866 5598 3391 1866 5599 3389 1866 5600 3389 1867 5601 3388 1867 5602 3393 1867 5603 3394 1868 5604 3399 1868 5605 3393 1868 5606 3393 1869 5607 3398 1869 5608 3394 1869 5609 3393 1870 5610 3388 1870 5611 3398 1870 5612 3398 1871 5613 3386 1871 5614 3360 1871 5615 3361 1872 5616 3360 1872 5617 3386 1872 5618 3360 1873 5619 3359 1873 5620 3395 1873 5621 3395 1874 5622 3359 1874 5623 3396 1874 5624 3395 1875 5625 3397 1875 5626 3360 1875 5627 3394 1876 5628 3360 1876 5629 3397 1876 5630 3397 1877 5631 3395 1877 5632 3233 1877 5633 3233 1878 5634 3395 1878 5635 3349 1878 5636 3349 1879 5637 3395 1879 5638 3396 1879 5639 3350 1880 5640 3396 1880 5641 3357 1880 5642 3396 1881 5643 3350 1881 5644 3349 1881 5645 3394 1882 5646 3398 1882 5647 3360 1882 5648 3394 1883 5649 3397 1883 5650 3399 1883 5651 3399 1884 5652 3234 1884 5653 3237 1884 5654 3399 1885 5655 3397 1885 5656 3234 1885 5657 3399 1886 5658 3237 1886 5659 3392 1886 5660 3247 1887 5661 3391 1887 5662 3392 1887 5663 3401 1888 5664 3387 1888 5665 3400 1888 5666 3400 1889 5667 3387 1889 5668 3388 1889 5669 3387 1890 5670 3401 1890 5671 3402 1890 5672 3402 1891 5673 3382 1891 5674 3384 1891 5675 3387 1892 5676 3402 1892 5677 3384 1892 5678 3277 1893 5679 3382 1893 5680 3402 1893 5681 3508 1894 5682 3381 1894 5683 3277 1894 5684 3508 1895 5685 3276 1895 5686 3381 1895 5687 3362 1896 5688 3361 1896 5689 3386 1896 5690 3382 1897 5691 3383 1897 5692 3385 1897 5693 3365 1898 5694 3383 1898 5695 3403 1898 5696 3403 1899 5697 3383 1899 5698 3404 1899 5699 3405 1900 5700 3356 1900 5701 3358 1900 5702 3405 1901 5703 3406 1901 5704 3366 1901 5705 3406 1902 5706 3405 1902 5707 3358 1902 5708 3358 1903 5709 3359 1903 5710 3406 1903 5711 3361 1904 5712 3407 1904 5713 3406 1904 5714 3406 1905 5715 3359 1905 5716 3361 1905 5717 3357 1906 5718 3358 1906 5719 3356 1906 5720 3364 1907 5721 3406 1907 5722 3407 1907 5723 3366 1908 5724 3406 1908 5725 3364 1908 5726 3366 1909 5727 3367 1909 5728 3405 1909 5729 3355 1910 5730 3356 1910 5731 3405 1910 5732 3350 1911 5733 3357 1911 5734 3353 1911 5735 3350 1912 5736 3353 1912 5737 3408 1912 5738 3230 1913 5739 3409 1913 5740 3221 1913 5741 3220 1914 5742 3230 1914 5743 3221 1914 5744 3343 1915 5745 3409 1915 5746 3347 1915 5747 3347 1916 5748 3345 1916 5749 3344 1916 5750 3221 1917 5751 3409 1917 5752 3343 1917 5753 3376 1918 5754 3342 1918 5755 3344 1918 5756 3341 1919 5757 3218 1919 5758 3343 1919 5759 3221 1920 5760 3343 1920 5761 3218 1920 5762 3341 1921 5763 3343 1921 5764 3342 1921 5765 3340 1922 5766 3217 1922 5767 3219 1922 5768 3203 1923 5769 3211 1923 5770 3324 1923 5771 3203 1924 5772 3320 1924 5773 3319 1924 5774 3319 1925 5775 3200 1925 5776 3203 1925 5777 3200 1926 5778 3319 1926 5779 3410 1926 5780 3199 1927 5781 3200 1927 5782 3410 1927 5783 3411 1928 5784 3199 1928 5785 3410 1928 5786 3411 1929 5787 3410 1929 5788 3318 1929 5789 3318 1930 5790 3437 1930 5791 3412 1930 5792 3413 1931 5793 3414 1931 5794 3412 1931 5795 2754 1932 5796 3415 1932 5797 3413 1932 5798 2754 1933 5799 2770 1933 5800 3415 1933 5801 3415 1934 5802 3416 1934 5803 3413 1934 5804 3413 1935 5805 3416 1935 5806 3418 1935 5807 3416 1936 5808 3415 1936 5809 3417 1936 5810 3430 1937 5811 3416 1937 5812 3417 1937 5813 3419 1938 5814 3418 1938 5815 3416 1938 5816 3425 1939 5817 3418 1939 5818 3420 1939 5819 3419 1940 5820 3420 1940 5821 3418 1940 5822 3420 1941 5823 3419 1941 5824 3193 1941 5825 3419 1942 5826 3184 1942 5827 3193 1942 5828 3420 1943 5829 3421 1943 5830 3423 1943 5831 3422 1944 5832 3421 1944 5833 3420 1944 5834 3420 1945 5835 3193 1945 5836 3422 1945 5837 3423 1946 5838 3421 1946 5839 3426 1946 5840 3423 1947 5841 3426 1947 5842 3424 1947 5843 3420 1948 5844 3423 1948 5845 3425 1948 5846 3423 1949 5847 3424 1949 5848 3425 1949 5849 3424 1950 5850 3411 1950 5851 3425 1950 5852 3425 1951 5853 3411 1951 5854 3414 1951 5855 3414 1952 5856 3418 1952 5857 3425 1952 5858 3413 1953 5859 3418 1953 5860 3414 1953 5861 3426 1954 5862 3411 1954 5863 3424 1954 5864 3421 1955 5865 3427 1955 5866 3426 1955 5867 3427 1956 5868 3428 1956 5869 3426 1956 5870 3429 1957 5871 3428 1957 5872 3427 1957 5873 3194 1958 5874 3427 1958 5875 3422 1958 5876 3194 1959 5877 3429 1959 5878 3427 1959 5879 3195 1960 5880 3429 1960 5881 3194 1960 5882 3422 1961 5883 3427 1961 5884 3421 1961 5885 3422 1962 5886 3192 1962 5887 3194 1962 5888 3195 1963 5889 3197 1963 5890 3429 1963 5891 3428 1964 5892 3199 1964 5893 3426 1964 5894 3411 1965 5895 3426 1965 5896 3199 1965 5897 3422 1966 5898 3193 1966 5899 3192 1966 5900 3174 1967 5901 3419 1967 5902 3430 1967 5903 3174 1968 5904 3430 1968 5905 3169 1968 5906 3167 1969 5907 3169 1969 5908 3432 1969 5909 3430 1970 5910 3432 1970 5911 3169 1970 5912 3417 1971 5913 3432 1971 5914 3430 1971 5915 3432 1972 5916 3431 1972 5917 3167 1972 5918 3139 1973 5919 3433 1973 5920 3431 1973 5921 3433 1974 5922 3139 1974 5923 3141 1974 5924 3433 1975 5925 3141 1975 5926 3434 1975 5927 3143 1976 5928 3434 1976 5929 3141 1976 5930 3143 1977 5931 3435 1977 5932 3434 1977 5933 3436 1978 5934 3435 1978 5935 3143 1978 5936 3146 1979 5937 3436 1979 5938 3143 1979 5939 3435 1980 5940 3436 1980 5941 3166 1980 5942 3433 1981 5943 3434 1981 5944 3435 1981 5945 2770 1982 5946 3431 1982 5947 3432 1982 5948 2770 1983 5949 3432 1983 5950 3415 1983 5951 3415 1984 5952 3432 1984 5953 3417 1984 5954 3139 1985 5955 3431 1985 5956 2770 1985 5957 3431 1986 5958 3433 1986 5959 3167 1986 5960 3416 1987 5961 3430 1987 5962 3419 1987 5963 2768 1988 5964 2770 1988 5965 2754 1988 5966 3411 1989 5967 3412 1989 5968 3414 1989 5969 3412 1990 5970 3437 1990 5971 3413 1990 5972 3413 1991 5973 3437 1991 5974 2754 1991 5975 3437 1992 5976 2749 1992 5977 2754 1992 5978 3317 1993 5979 2748 1993 5980 3437 1993 5981 3437 1994 5982 3438 1994 5983 2749 1994 5984 3437 1995 5985 2748 1995 5986 3438 1995 5987 2748 1996 5988 2747 1996 5989 3438 1996 5990 3438 1997 5991 2747 1997 5992 2749 1997 5993 2749 1998 5994 2750 1998 5995 3439 1998 5996 2754 1999 5997 3439 1999 5998 2753 1999 5999 2754 2000 6000 2749 2000 6001 3439 2000 6002 3317 2001 6003 3441 2001 6004 2748 2001 6005 2748 2002 6006 3441 2002 6007 3440 2002 6008 3317 2003 6009 3444 2003 6010 3441 2003 6011 3442 2004 6012 3441 2004 6013 3444 2004 6014 3444 2005 6015 3443 2005 6016 3442 2005 6017 3310 2006 6018 3443 2006 6019 3444 2006 6020 3310 2007 6021 2690 2007 6022 3443 2007 6023 2690 2008 6024 3442 2008 6025 3443 2008 6026 3445 2009 6027 3441 2009 6028 3442 2009 6029 2690 2010 6030 3445 2010 6031 3442 2010 6032 3447 2011 6033 3445 2011 6034 3446 2011 6035 3445 2012 6036 2694 2012 6037 3446 2012 6038 3445 2013 6039 2690 2013 6040 2694 2013 6041 3446 2014 6042 2694 2014 6043 2745 2014 6044 2694 2015 6045 2744 2015 6046 2745 2015 6047 3446 2016 6048 2745 2016 6049 3448 2016 6050 3448 2017 6051 2746 2017 6052 3447 2017 6053 3446 2018 6054 3448 2018 6055 3447 2018 6056 3440 2019 6057 3441 2019 6058 3447 2019 6059 3445 2020 6060 3447 2020 6061 3441 2020 6062 3411 2021 6063 3318 2021 6064 3412 2021 6065 3319 2022 6066 3318 2022 6067 3410 2022 6068 3317 2023 6069 3316 2023 6070 3444 2023 6071 3306 2024 6072 3312 2024 6073 3449 2024 6074 3306 2025 6075 3449 2025 6076 3304 2025 6077 3304 2026 6078 3449 2026 6079 3296 2026 6080 3322 2027 6081 3290 2027 6082 3296 2027 6083 3322 2028 6084 3296 2028 6085 3449 2028 6086 2688 2029 6087 3309 2029 6088 3308 2029 6089 3307 2030 6090 3308 2030 6091 3309 2030 6092 2688 2031 6093 3308 2031 6094 3300 2031 6095 3301 2032 6096 3450 2032 6097 3302 2032 6098 3300 2033 6099 3302 2033 6100 2688 2033 6101 3451 2034 6102 3452 2034 6103 3450 2034 6104 3301 2035 6105 3451 2035 6106 3450 2035 6107 3450 2036 6108 3452 2036 6109 3302 2036 6110 3454 2037 6111 3452 2037 6112 3517 2037 6113 3517 2038 6114 3452 2038 6115 3453 2038 6116 3452 2039 6117 3454 2039 6118 2682 2039 6119 3451 2040 6120 3453 2040 6121 3452 2040 6122 3302 2041 6123 3452 2041 6124 2682 2041 6125 2681 2042 6126 3454 2042 6127 3455 2042 6128 3459 2043 6129 3455 2043 6130 3456 2043 6131 3456 2044 6132 3455 2044 6133 3454 2044 6134 3457 2045 6135 2681 2045 6136 3455 2045 6137 3457 2046 6138 3455 2046 6139 3459 2046 6140 3619 2047 6141 3457 2047 6142 3458 2047 6143 3458 2048 6144 3457 2048 6145 3459 2048 6146 3462 2049 6147 3460 2049 6148 3459 2049 6149 3459 2050 6150 3456 2050 6151 3462 2050 6152 3458 2051 6153 3459 2051 6154 3460 2051 6155 3462 2052 6156 3595 2052 6157 3460 2052 6158 3462 2053 6159 3612 2053 6160 3595 2053 6161 3612 2054 6162 3462 2054 6163 3461 2054 6164 3461 2055 6165 3462 2055 6166 3463 2055 6167 3461 2056 6168 3463 2056 6169 3464 2056 6170 3464 2057 6171 3519 2057 6172 3465 2057 6173 3519 2058 6174 3464 2058 6175 3463 2058 6176 3465 2059 6177 3519 2059 6178 3524 2059 6179 3464 2060 6180 3465 2060 6181 3467 2060 6182 3467 2061 6183 3465 2061 6184 3466 2061 6185 3467 2062 6186 3466 2062 6187 3468 2062 6188 3469 2063 6189 3533 2063 6190 3466 2063 6191 3466 2064 6192 3533 2064 6193 3468 2064 6194 3466 2065 6195 3465 2065 6196 3469 2065 6197 3469 2066 6198 3530 2066 6199 3533 2066 6200 3470 2067 6201 3530 2067 6202 3469 2067 6203 3472 2068 6204 3471 2068 6205 3470 2068 6206 3470 2069 6207 3471 2069 6208 3530 2069 6209 3470 2070 6210 3480 2070 6211 3472 2070 6212 3480 2071 6213 3470 2071 6214 3473 2071 6215 3474 2072 6216 3473 2072 6217 3475 2072 6218 3474 2073 6219 3480 2073 6220 3473 2073 6221 3475 2074 6222 3476 2074 6223 3474 2074 6224 3476 2075 6225 3477 2075 6226 3474 2075 6227 3478 2076 6228 3480 2076 6229 3474 2076 6230 3478 2077 6231 3474 2077 6232 3505 2077 6233 3478 2078 6234 3479 2078 6235 3480 2078 6236 3472 2079 6237 3480 2079 6238 3479 2079 6239 3472 2080 6240 3479 2080 6241 3481 2080 6242 3483 2081 6243 3479 2081 6244 3482 2081 6245 3481 2082 6246 3479 2082 6247 3483 2082 6248 3484 2083 6249 3481 2083 6250 3483 2083 6251 3483 2084 6252 3482 2084 6253 3485 2084 6254 3483 2085 6255 3485 2085 6256 3484 2085 6257 3486 2086 6258 3487 2086 6259 3485 2086 6260 3484 2087 6261 3487 2087 6262 3488 2087 6263 3484 2088 6264 3485 2088 6265 3487 2088 6266 3471 2089 6267 3488 2089 6268 3490 2089 6269 3471 2090 6270 3490 2090 6271 3489 2090 6272 3531 2091 6273 3491 2091 6274 3254 2091 6275 3528 2092 6276 3491 2092 6277 3490 2092 6278 3490 2093 6279 3491 2093 6280 3531 2093 6281 3491 2094 6282 3528 2094 6283 3492 2094 6284 3529 2095 6285 3492 2095 6286 3493 2095 6287 3262 2096 6288 3529 2096 6289 3493 2096 6290 3492 2097 6291 3499 2097 6292 3493 2097 6293 3499 2098 6294 3494 2098 6295 3493 2098 6296 3493 2099 6297 3494 2099 6298 3496 2099 6299 3499 2100 6300 3498 2100 6301 3494 2100 6302 3496 2101 6303 3494 2101 6304 3495 2101 6305 3496 2102 6306 3495 2102 6307 3511 2102 6308 3496 2103 6309 3511 2103 6310 3507 2103 6311 3497 2104 6312 3495 2104 6313 3498 2104 6314 3498 2105 6315 3495 2105 6316 3494 2105 6317 3527 2106 6318 3503 2106 6319 3498 2106 6320 3527 2107 6321 3498 2107 6322 3499 2107 6323 3500 2108 6324 3485 2108 6325 3501 2108 6326 3485 2109 6327 3482 2109 6328 3501 2109 6329 3482 2110 6330 3502 2110 6331 3501 2110 6332 3500 2111 6333 3501 2111 6334 3502 2111 6335 3502 2112 6336 3497 2112 6337 3500 2112 6338 3502 2113 6339 3495 2113 6340 3497 2113 6341 3500 2114 6342 3497 2114 6343 3503 2114 6344 3505 2115 6345 3495 2115 6346 3502 2115 6347 3504 2116 6348 3505 2116 6349 3502 2116 6350 3504 2117 6351 3502 2117 6352 3482 2117 6353 3505 2118 6354 3477 2118 6355 3495 2118 6356 3477 2119 6357 3511 2119 6358 3495 2119 6359 3511 2120 6360 3512 2120 6361 3507 2120 6362 3506 2121 6363 3507 2121 6364 3512 2121 6365 3508 2122 6366 3507 2122 6367 3276 2122 6368 3506 2123 6369 3276 2123 6370 3507 2123 6371 3496 2124 6372 3507 2124 6373 3508 2124 6374 3496 2125 6375 3508 2125 6376 3509 2125 6377 3496 2126 6378 3509 2126 6379 3510 2126 6380 3493 2127 6381 3510 2127 6382 3263 2127 6383 3493 2128 6384 3496 2128 6385 3510 2128 6386 3474 2129 6387 3477 2129 6388 3505 2129 6389 3511 2130 6390 3526 2130 6391 3512 2130 6392 3477 2131 6393 3526 2131 6394 3511 2131 6395 3512 2132 6396 3513 2132 6397 3506 2132 6398 3514 2133 6399 3506 2133 6400 3513 2133 6401 3513 2134 6402 3515 2134 6403 3514 2134 6404 3517 2135 6405 3453 2135 6406 3515 2135 6407 3513 2136 6408 3516 2136 6409 3515 2136 6410 3517 2137 6411 3515 2137 6412 3516 2137 6413 3516 2138 6414 3525 2138 6415 3517 2138 6416 3518 2139 6417 3525 2139 6418 3516 2139 6419 3517 2140 6420 3525 2140 6421 3454 2140 6422 3520 2141 6423 3463 2141 6424 3525 2141 6425 3520 2142 6426 3519 2142 6427 3463 2142 6428 3525 2143 6429 3518 2143 6430 3520 2143 6431 3520 2144 6432 3518 2144 6433 3521 2144 6434 3521 2145 6435 3523 2145 6436 3524 2145 6437 3522 2146 6438 3523 2146 6439 3521 2146 6440 3522 2147 6441 3521 2147 6442 3476 2147 6443 3522 2148 6444 3475 2148 6445 3523 2148 6446 3522 2149 6447 3476 2149 6448 3475 2149 6449 3473 2150 6450 3469 2150 6451 3475 2150 6452 3475 2151 6453 3469 2151 6454 3523 2151 6455 3469 2152 6456 3524 2152 6457 3523 2152 6458 3520 2153 6459 3524 2153 6460 3519 2153 6461 3521 2154 6462 3524 2154 6463 3520 2154 6464 3521 2155 6465 3518 2155 6466 3476 2155 6467 3454 2156 6468 3525 2156 6469 3456 2156 6470 3462 2157 6471 3456 2157 6472 3525 2157 6473 3525 2158 6474 3463 2158 6475 3462 2158 6476 3516 2159 6477 3513 2159 6478 3518 2159 6479 3476 2160 6480 3518 2160 6481 3477 2160 6482 3518 2161 6483 3526 2161 6484 3477 2161 6485 3518 2162 6486 3512 2162 6487 3526 2162 6488 3512 2163 6489 3518 2163 6490 3513 2163 6491 3285 2164 6492 3515 2164 6493 3453 2164 6494 3285 2165 6495 3514 2165 6496 3515 2165 6497 3281 2166 6498 3506 2166 6499 3514 2166 6500 3514 2167 6501 3285 2167 6502 3281 2167 6503 3478 2168 6504 3505 2168 6505 3504 2168 6506 3504 2169 6507 3479 2169 6508 3478 2169 6509 3504 2170 6510 3482 2170 6511 3479 2170 6512 3486 2171 6513 3500 2171 6514 3503 2171 6515 3485 2172 6516 3500 2172 6517 3486 2172 6518 3486 2173 6519 3503 2173 6520 3527 2173 6521 3527 2174 6522 3499 2174 6523 3528 2174 6524 3487 2175 6525 3486 2175 6526 3527 2175 6527 3487 2176 6528 3527 2176 6529 3528 2176 6530 3492 2177 6531 3528 2177 6532 3499 2177 6533 3503 2178 6534 3497 2178 6535 3498 2178 6536 3529 2179 6537 3259 2179 6538 3491 2179 6539 3529 2180 6540 3491 2180 6541 3492 2180 6542 3528 2181 6543 3490 2181 6544 3487 2181 6545 3488 2182 6546 3487 2182 6547 3490 2182 6548 3531 2183 6549 3489 2183 6550 3490 2183 6551 3531 2184 6552 3530 2184 6553 3489 2184 6554 3532 2185 6555 3530 2185 6556 3531 2185 6557 3254 2186 6558 3532 2186 6559 3531 2186 6560 3256 2187 6561 3532 2187 6562 3254 2187 6563 3535 2188 6564 3532 2188 6565 3675 2188 6566 3255 2189 6567 3675 2189 6568 3532 2189 6569 3532 2190 6570 3533 2190 6571 3530 2190 6572 3532 2191 6573 3535 2191 6574 3533 2191 6575 3533 2192 6576 3535 2192 6577 3468 2192 6578 3468 2193 6579 3535 2193 6580 3467 2193 6581 3534 2194 6582 3467 2194 6583 3535 2194 6584 3467 2195 6585 3534 2195 6586 3536 2195 6587 3467 2196 6588 3536 2196 6589 3464 2196 6590 3536 2197 6591 3537 2197 6592 3464 2197 6593 3539 2198 6594 3464 2198 6595 3537 2198 6596 3541 2199 6597 3537 2199 6598 3538 2199 6599 3539 2200 6600 3537 2200 6601 3541 2200 6602 3537 2201 6603 3536 2201 6604 3538 2201 6605 3540 2202 6606 3539 2202 6607 3541 2202 6608 3542 2203 6609 3540 2203 6610 3543 2203 6611 3540 2204 6612 3542 2204 6613 3461 2204 6614 3540 2205 6615 3461 2205 6616 3539 2205 6617 3464 2206 6618 3539 2206 6619 3461 2206 6620 3543 2207 6621 3540 2207 6622 3541 2207 6623 3543 2208 6624 3541 2208 6625 3544 2208 6626 3544 2209 6627 3542 2209 6628 3543 2209 6629 3545 2210 6630 3542 2210 6631 3544 2210 6632 3545 2211 6633 3609 2211 6634 3542 2211 6635 3542 2212 6636 3609 2212 6637 3611 2212 6638 3611 2213 6639 3609 2213 6640 3546 2213 6641 3661 2214 6642 3547 2214 6643 3609 2214 6644 3661 2215 6645 3609 2215 6646 3545 2215 6647 3661 2216 6648 3585 2216 6649 3547 2216 6650 3661 2217 6651 3548 2217 6652 3585 2217 6653 3654 2218 6654 3661 2218 6655 3656 2218 6656 3754 2219 6657 3661 2219 6658 3654 2219 6659 3754 2220 6660 3548 2220 6661 3661 2220 6662 3755 2221 6663 3548 2221 6664 3754 2221 6665 3548 2222 6666 3755 2222 6667 3582 2222 6668 3582 2223 6669 3755 2223 6670 3549 2223 6671 3630 2224 6672 3549 2224 6673 3550 2224 6674 3552 2225 6675 3630 2225 6676 3550 2225 6677 3582 2226 6678 3552 2226 6679 3551 2226 6680 3629 2227 6681 3552 2227 6682 3582 2227 6683 3552 2228 6684 3629 2228 6685 3630 2228 6686 3552 2229 6687 3550 2229 6688 3553 2229 6689 3550 2230 6690 3554 2230 6691 3553 2230 6692 3554 2231 6693 3555 2231 6694 3557 2231 6695 3555 2232 6696 3554 2232 6697 3550 2232 6698 3556 2233 6699 3557 2233 6700 3555 2233 6701 3555 2234 6702 3755 2234 6703 3556 2234 6704 3557 2235 6705 3556 2235 6706 3559 2235 6707 3559 2236 6708 3558 2236 6709 3557 2236 6710 3558 2237 6711 3559 2237 6712 3563 2237 6713 3559 2238 6714 3556 2238 6715 3563 2238 6716 3561 2239 6717 3560 2239 6718 3562 2239 6719 2649 2240 6720 3561 2240 6721 3562 2240 6722 3563 2241 6723 3562 2241 6724 3560 2241 6725 3563 2242 6726 2649 2242 6727 3562 2242 6728 3556 2243 6729 2649 2243 6730 3563 2243 6731 3561 2244 6732 2649 2244 6733 2650 2244 6734 3558 2245 6735 3563 2245 6736 3564 2245 6737 3557 2246 6738 3558 2246 6739 3554 2246 6740 3564 2247 6741 3566 2247 6742 3558 2247 6743 3565 2248 6744 3566 2248 6745 3564 2248 6746 3565 2249 6747 3634 2249 6748 3566 2249 6749 3565 2250 6750 2663 2250 6751 3634 2250 6752 2664 2251 6753 3568 2251 6754 3567 2251 6755 3621 2252 6756 3568 2252 6757 2664 2252 6758 3622 2253 6759 3569 2253 6760 3568 2253 6761 3572 2254 6762 3569 2254 6763 3623 2254 6764 3572 2255 6765 3623 2255 6766 3570 2255 6767 3572 2256 6768 3575 2256 6769 3632 2256 6770 3572 2257 6771 3632 2257 6772 3569 2257 6773 3570 2258 6774 3571 2258 6775 3572 2258 6776 3571 2259 6777 3575 2259 6778 3572 2259 6779 3574 2260 6780 3571 2260 6781 3573 2260 6782 3574 2261 6783 3575 2261 6784 3571 2261 6785 3574 2262 6786 3589 2262 6787 3575 2262 6788 3575 2263 6789 3589 2263 6790 3576 2263 6791 3578 2264 6792 3551 2264 6793 3576 2264 6794 3577 2265 6795 3551 2265 6796 3578 2265 6797 3578 2266 6798 3587 2266 6799 3581 2266 6800 3578 2267 6801 3581 2267 6802 3577 2267 6803 3547 2268 6804 3581 2268 6805 3579 2268 6806 3581 2269 6807 3587 2269 6808 3579 2269 6809 3584 2270 6810 3581 2270 6811 3547 2270 6812 3580 2271 6813 3581 2271 6814 3584 2271 6815 3580 2272 6816 3584 2272 6817 3583 2272 6818 3548 2273 6819 3580 2273 6820 3583 2273 6821 3580 2274 6822 3577 2274 6823 3581 2274 6824 3580 2275 6825 3548 2275 6826 3577 2275 6827 3577 2276 6828 3548 2276 6829 3551 2276 6830 3551 2277 6831 3548 2277 6832 3582 2277 6833 3548 2278 6834 3583 2278 6835 3584 2278 6836 3548 2279 6837 3584 2279 6838 3585 2279 6839 3585 2280 6840 3584 2280 6841 3547 2280 6842 3547 2281 6843 3586 2281 6844 3609 2281 6845 3579 2282 6846 3586 2282 6847 3547 2282 6848 3587 2283 6849 3586 2283 6850 3579 2283 6851 3589 2284 6852 3588 2284 6853 3587 2284 6854 3578 2285 6855 3589 2285 6856 3587 2285 6857 3578 2286 6858 3576 2286 6859 3589 2286 6860 3589 2287 6861 3574 2287 6862 3588 2287 6863 3588 2288 6864 3574 2288 6865 3590 2288 6866 3588 2289 6867 3590 2289 6868 3608 2289 6869 3599 2290 6870 3608 2290 6871 3590 2290 6872 3591 2291 6873 3599 2291 6874 3590 2291 6875 3574 2292 6876 3573 2292 6877 3590 2292 6878 3573 2293 6879 3591 2293 6880 3590 2293 6881 3573 2294 6882 3601 2294 6883 3591 2294 6884 3592 2295 6885 3601 2295 6886 3573 2295 6887 3573 2296 6888 3571 2296 6889 3592 2296 6890 3570 2297 6891 3592 2297 6892 3571 2297 6893 3592 2298 6894 3570 2298 6895 3607 2298 6896 3570 2299 6897 3593 2299 6898 3607 2299 6899 3570 2300 6900 3628 2300 6901 3593 2300 6902 3594 2301 6903 3604 2301 6904 3593 2301 6905 3595 2302 6906 3604 2302 6907 3594 2302 6908 3595 2303 6909 3605 2303 6910 3604 2303 6911 3595 2304 6912 3612 2304 6913 3605 2304 6914 3612 2305 6915 3611 2305 6916 3605 2305 6917 3611 2306 6918 3596 2306 6919 3600 2306 6920 3611 2307 6921 3610 2307 6922 3596 2307 6923 3610 2308 6924 3597 2308 6925 3598 2308 6926 3610 2309 6927 3598 2309 6928 3596 2309 6929 3598 2310 6930 3608 2310 6931 3599 2310 6932 3596 2311 6933 3598 2311 6934 3599 2311 6935 3596 2312 6936 3599 2312 6937 3591 2312 6938 3606 2313 6939 3591 2313 6940 3601 2313 6941 3600 2314 6942 3596 2314 6943 3591 2314 6944 3600 2315 6945 3591 2315 6946 3606 2315 6947 3606 2316 6948 3601 2316 6949 3602 2316 6950 3592 2317 6951 3602 2317 6952 3601 2317 6953 3606 2318 6954 3602 2318 6955 3603 2318 6956 3604 2319 6957 3605 2319 6958 3603 2319 6959 3605 2320 6960 3611 2320 6961 3600 2320 6962 3605 2321 6963 3600 2321 6964 3603 2321 6965 3600 2322 6966 3606 2322 6967 3603 2322 6968 3593 2323 6969 3602 2323 6970 3607 2323 6971 3603 2324 6972 3602 2324 6973 3593 2324 6974 3592 2325 6975 3607 2325 6976 3602 2325 6977 3593 2326 6978 3604 2326 6979 3603 2326 6980 3608 2327 6981 3598 2327 6982 3597 2327 6983 3608 2328 6984 3597 2328 6985 3546 2328 6986 3609 2329 6987 3608 2329 6988 3546 2329 6989 3609 2330 6990 3586 2330 6991 3608 2330 6992 3586 2331 6993 3587 2331 6994 3608 2331 6995 3608 2332 6996 3587 2332 6997 3588 2332 6998 3546 2333 6999 3597 2333 7000 3610 2333 7001 3611 2334 7002 3546 2334 7003 3610 2334 7004 3612 2335 7005 3542 2335 7006 3611 2335 7007 3612 2336 7008 3461 2336 7009 3542 2336 7010 3613 2337 7011 3458 2337 7012 3595 2337 7013 3458 2338 7014 3613 2338 7015 3614 2338 7016 3616 2339 7017 3619 2339 7018 3614 2339 7019 3613 2340 7020 3616 2340 7021 3614 2340 7022 3616 2341 7023 3613 2341 7024 3615 2341 7025 3616 2342 7026 3615 2342 7027 3627 2342 7028 3616 2343 7029 3627 2343 7030 3618 2343 7031 3626 2344 7032 3617 2344 7033 3618 2344 7034 3626 2345 7035 3618 2345 7036 3627 2345 7037 3622 2346 7038 3617 2346 7039 3626 2346 7040 3617 2347 7041 3622 2347 7042 3621 2347 7043 3620 2348 7044 3617 2348 7045 3621 2348 7046 3616 2349 7047 2680 2349 7048 3619 2349 7049 2680 2350 7050 3457 2350 7051 3619 2350 7052 2678 2351 7053 3618 2351 7054 3617 2351 7055 3616 2352 7056 3618 2352 7057 2678 2352 7058 2678 2353 7059 3617 2353 7060 3620 2353 7061 2666 2354 7062 2678 2354 7063 3620 2354 7064 3621 2355 7065 2666 2355 7066 3620 2355 7067 2666 2356 7068 3621 2356 7069 2664 2356 7070 3621 2357 7071 3622 2357 7072 3568 2357 7073 3622 2358 7074 3625 2358 7075 3569 2358 7076 3623 2359 7077 3569 2359 7078 3615 2359 7079 3615 2360 7080 3624 2360 7081 3623 2360 7082 3615 2361 7083 3569 2361 7084 3625 2361 7085 3615 2362 7086 3625 2362 7087 3627 2362 7088 3622 2363 7089 3626 2363 7090 3625 2363 7091 3625 2364 7092 3626 2364 7093 3627 2364 7094 3613 2365 7095 3624 2365 7096 3615 2365 7097 3613 2366 7098 3594 2366 7099 3624 2366 7100 3595 2367 7101 3594 2367 7102 3613 2367 7103 3623 2368 7104 3624 2368 7105 3628 2368 7106 3628 2369 7107 3624 2369 7108 3594 2369 7109 3628 2370 7110 3594 2370 7111 3593 2370 7112 3619 2371 7113 3458 2371 7114 3614 2371 7115 3595 2372 7116 3458 2372 7117 3460 2372 7118 3570 2373 7119 3623 2373 7120 3628 2373 7121 3629 2374 7122 3582 2374 7123 3549 2374 7124 3629 2375 7125 3549 2375 7126 3630 2375 7127 3551 2376 7128 3552 2376 7129 3576 2376 7130 3576 2377 7131 3552 2377 7132 3575 2377 7133 3553 2378 7134 3575 2378 7135 3552 2378 7136 3631 2379 7137 3575 2379 7138 3553 2379 7139 3553 2380 7140 3554 2380 7141 3631 2380 7142 3631 2381 7143 3632 2381 7144 3575 2381 7145 3554 2382 7146 3558 2382 7147 3631 2382 7148 3631 2383 7149 3558 2383 7150 3632 2383 7151 3632 2384 7152 3558 2384 7153 3566 2384 7154 3569 2385 7155 3632 2385 7156 3568 2385 7157 3633 2386 7158 3567 2386 7159 3568 2386 7160 3568 2387 7161 3632 2387 7162 3633 2387 7163 3566 2388 7164 3633 2388 7165 3632 2388 7166 3566 2389 7167 3634 2389 7168 3633 2389 7169 3633 2390 7170 2664 2390 7171 3567 2390 7172 2665 2391 7173 3633 2391 7174 3634 2391 7175 3633 2392 7176 2665 2392 7177 2664 2392 7178 2665 2393 7179 3634 2393 7180 2669 2393 7181 3550 2394 7182 3755 2394 7183 3555 2394 7184 3549 2395 7185 3755 2395 7186 3550 2395 7187 3556 2396 7188 3755 2396 7189 3635 2396 7190 3635 2397 7191 3755 2397 7192 3636 2397 7193 3647 2398 7194 3637 2398 7195 3755 2398 7196 3636 2399 7197 3755 2399 7198 3637 2399 7199 3647 2400 7200 3755 2400 7201 3648 2400 7202 3639 2401 7203 3636 2401 7204 3638 2401 7205 3639 2402 7206 3640 2402 7207 3636 2402 7208 3636 2403 7209 3640 2403 7210 3641 2403 7211 3641 2404 7212 3635 2404 7213 3636 2404 7214 3643 2405 7215 3641 2405 7216 3640 2405 7217 2647 2406 7218 3644 2406 7219 3643 2406 7220 3642 2407 7221 2647 2407 7222 3643 2407 7223 3556 2408 7224 3645 2408 7225 4135 2408 7226 3556 2409 7227 3635 2409 7228 3645 2409 7229 3644 2410 7230 3645 2410 7231 3635 2410 7232 3644 2411 7233 3635 2411 7234 3641 2411 7235 2647 2412 7236 3642 2412 7237 2643 2412 7238 3641 2413 7239 3643 2413 7240 3644 2413 7241 2605 2414 7242 2607 2414 7243 3642 2414 7244 2605 2415 7245 3642 2415 7246 3639 2415 7247 2643 2416 7248 3642 2416 7249 2607 2416 7250 3639 2417 7251 3642 2417 7252 3640 2417 7253 3640 2418 7254 3642 2418 7255 3643 2418 7256 3637 2419 7257 3638 2419 7258 3636 2419 7259 2604 2420 7260 3639 2420 7261 3646 2420 7262 2604 2421 7263 2605 2421 7264 3639 2421 7265 3637 2422 7266 3639 2422 7267 3638 2422 7268 3647 2423 7269 3646 2423 7270 3639 2423 7271 3647 2424 7272 3639 2424 7273 3637 2424 7274 3649 2425 7275 3648 2425 7276 3755 2425 7277 3754 2426 7278 3649 2426 7279 3755 2426 7280 3649 2427 7281 3646 2427 7282 3648 2427 7283 3649 2428 7284 3650 2428 7285 3646 2428 7286 3754 2429 7287 3750 2429 7288 3649 2429 7289 3650 2430 7290 3649 2430 7291 3750 2430 7292 3750 2431 7293 3754 2431 7294 3654 2431 7295 3750 2432 7296 3654 2432 7297 3652 2432 7298 3651 2433 7299 3652 2433 7300 3654 2433 7301 3653 2434 7302 3654 2434 7303 3655 2434 7304 3654 2435 7305 3656 2435 7306 3655 2435 7307 3656 2436 7308 3752 2436 7309 3655 2436 7310 3657 2437 7311 3656 2437 7312 3658 2437 7313 3659 2438 7314 3658 2438 7315 3660 2438 7316 3659 2439 7317 3657 2439 7318 3658 2439 7319 3666 2440 7320 3657 2440 7321 3659 2440 7322 3665 2441 7323 3666 2441 7324 3659 2441 7325 3659 2442 7326 3663 2442 7327 3665 2442 7328 3663 2443 7329 3659 2443 7330 3660 2443 7331 3658 2444 7332 3661 2444 7333 3660 2444 7334 3662 2445 7335 3660 2445 7336 3661 2445 7337 3545 2446 7338 3662 2446 7339 3661 2446 7340 3544 2447 7341 3662 2447 7342 3545 2447 7343 3663 2448 7344 3544 2448 7345 3664 2448 7346 3544 2449 7347 3663 2449 7348 3662 2449 7349 3664 2450 7350 3541 2450 7351 3667 2450 7352 3666 2451 7353 3665 2451 7354 3667 2451 7355 3664 2452 7356 3667 2452 7357 3665 2452 7358 3663 2453 7359 3664 2453 7360 3665 2453 7361 3534 2454 7362 3666 2454 7363 3667 2454 7364 3538 2455 7365 3534 2455 7366 3667 2455 7367 3536 2456 7368 3534 2456 7369 3538 2456 7370 3668 2457 7371 3666 2457 7372 3534 2457 7373 3668 2458 7374 3534 2458 7375 3669 2458 7376 3669 2459 7377 3534 2459 7378 3670 2459 7379 3670 2460 7380 3671 2460 7381 3669 2460 7382 3670 2461 7383 3673 2461 7384 3671 2461 7385 3710 2462 7386 3671 2462 7387 3672 2462 7388 3673 2463 7389 3672 2463 7390 3671 2463 7391 3710 2464 7392 3672 2464 7393 3674 2464 7394 3535 2465 7395 3672 2465 7396 3673 2465 7397 3534 2466 7398 3535 2466 7399 3673 2466 7400 3534 2467 7401 3673 2467 7402 3670 2467 7403 3672 2468 7404 3677 2468 7405 3674 2468 7406 3535 2469 7407 3675 2469 7408 3672 2469 7409 3677 2470 7410 3672 2470 7411 3676 2470 7412 3676 2471 7413 3672 2471 7414 3675 2471 7415 3676 2472 7416 3255 2472 7417 3677 2472 7418 3255 2473 7419 3679 2473 7420 3677 2473 7421 3677 2474 7422 3679 2474 7423 3678 2474 7424 3679 2475 7425 3255 2475 7426 3252 2475 7427 3679 2476 7428 3680 2476 7429 3678 2476 7430 3253 2477 7431 3679 2477 7432 3252 2477 7433 3679 2478 7434 3681 2478 7435 3680 2478 7436 3253 2479 7437 3681 2479 7438 3679 2479 7439 3683 2480 7440 3682 2480 7441 3681 2480 7442 3683 2481 7443 3681 2481 7444 3253 2481 7445 3681 2482 7446 3684 2482 7447 3680 2482 7448 3681 2483 7449 3685 2483 7450 3684 2483 7451 3689 2484 7452 3684 2484 7453 3686 2484 7454 3687 2485 7455 3686 2485 7456 3684 2485 7457 3687 2486 7458 3684 2486 7459 3688 2486 7460 3680 2487 7461 3684 2487 7462 3689 2487 7463 3703 2488 7464 3678 2488 7465 3689 2488 7466 3689 2489 7467 3691 2489 7468 3703 2489 7469 3689 2490 7470 3690 2490 7471 3694 2490 7472 3689 2491 7473 3695 2491 7474 3690 2491 7475 3689 2492 7476 3686 2492 7477 3695 2492 7478 3680 2493 7479 3689 2493 7480 3678 2493 7481 3689 2494 7482 3692 2494 7483 3691 2494 7484 3689 2495 7485 3693 2495 7486 3692 2495 7487 3689 2496 7488 3694 2496 7489 3693 2496 7490 3695 2497 7491 3703 2497 7492 3696 2497 7493 3695 2498 7494 3696 2498 7495 3690 2498 7496 3683 2499 7497 3695 2499 7498 3697 2499 7499 3683 2500 7500 3703 2500 7501 3695 2500 7502 3697 2501 7503 3695 2501 7504 3698 2501 7505 3698 2502 7506 3695 2502 7507 3699 2502 7508 3695 2503 7509 3701 2503 7510 3700 2503 7511 3695 2504 7512 3702 2504 7513 3701 2504 7514 3695 2505 7515 3686 2505 7516 3702 2505 7517 3683 2506 7518 3253 2506 7519 3703 2506 7520 3703 2507 7521 3705 2507 7522 3704 2507 7523 3708 2508 7524 3705 2508 7525 3703 2508 7526 3253 2509 7527 3249 2509 7528 3703 2509 7529 3706 2510 7530 3703 2510 7531 3249 2510 7532 3706 2511 7533 3708 2511 7534 3703 2511 7535 3707 2512 7536 3708 2512 7537 3706 2512 7538 3708 2513 7539 3707 2513 7540 3709 2513 7541 3674 2514 7542 3708 2514 7543 3709 2514 7544 3674 2515 7545 3709 2515 7546 3710 2515 7547 3710 2516 7548 3709 2516 7549 3719 2516 7550 3710 2517 7551 3719 2517 7552 3711 2517 7553 3709 2518 7554 3707 2518 7555 3712 2518 7556 3709 2519 7557 3712 2519 7558 3719 2519 7559 2590 2520 7560 3712 2520 7561 3713 2520 7562 2590 2521 7563 2592 2521 7564 3712 2521 7565 3713 2522 7566 3712 2522 7567 3243 2522 7568 3714 2523 7569 3713 2523 7570 3244 2523 7571 3244 2524 7572 3713 2524 7573 3243 2524 7574 2587 2525 7575 2590 2525 7576 3714 2525 7577 3715 2526 7578 2587 2526 7579 3714 2526 7580 3715 2527 7581 3714 2527 7582 3244 2527 7583 3714 2528 7584 2590 2528 7585 3713 2528 7586 3227 2529 7587 3715 2529 7588 3228 2529 7589 3715 2530 7590 3244 2530 7591 3242 2530 7592 3242 2531 7593 3228 2531 7594 3715 2531 7595 3227 2532 7596 3716 2532 7597 3715 2532 7598 3716 2533 7599 2587 2533 7600 3715 2533 7601 2587 2534 7602 3716 2534 7603 2588 2534 7604 3717 2535 7605 3718 2535 7606 3716 2535 7607 2588 2536 7608 3716 2536 7609 3718 2536 7610 2576 2537 7611 2588 2537 7612 3718 2537 7613 2576 2538 7614 3718 2538 7615 3188 2538 7616 3191 2539 7617 3718 2539 7618 3717 2539 7619 3225 2540 7620 3717 2540 7621 3716 2540 7622 3191 2541 7623 3717 2541 7624 3225 2541 7625 3191 2542 7626 3188 2542 7627 3718 2542 7628 3225 2543 7629 3716 2543 7630 3227 2543 7631 3243 2544 7632 3712 2544 7633 3707 2544 7634 3719 2545 7635 3712 2545 7636 2592 2545 7637 3719 2546 7638 2592 2546 7639 2593 2546 7640 2594 2547 7641 3719 2547 7642 2593 2547 7643 2594 2548 7644 3720 2548 7645 3711 2548 7646 3711 2549 7647 3719 2549 7648 2594 2549 7649 3720 2550 7650 3669 2550 7651 3671 2550 7652 3711 2551 7653 3720 2551 7654 3671 2551 7655 3720 2552 7656 3668 2552 7657 3669 2552 7658 3711 2553 7659 3671 2553 7660 3710 2553 7661 2595 2554 7662 3668 2554 7663 3720 2554 7664 2594 2555 7665 2595 2555 7666 3720 2555 7667 3708 2556 7668 3674 2556 7669 3705 2556 7670 3245 2557 7671 3707 2557 7672 3706 2557 7673 3243 2558 7674 3707 2558 7675 3245 2558 7676 3245 2559 7677 3706 2559 7678 3246 2559 7679 3706 2560 7680 3249 2560 7681 3246 2560 7682 3703 2561 7683 3691 2561 7684 3696 2561 7685 3721 2562 7686 3722 2562 7687 3704 2562 7688 3705 2563 7689 3721 2563 7690 3704 2563 7691 3721 2564 7692 3723 2564 7693 3722 2564 7694 3721 2565 7695 3726 2565 7696 3723 2565 7697 3721 2566 7698 3724 2566 7699 3726 2566 7700 3721 2567 7701 3725 2567 7702 3724 2567 7703 3721 2568 7704 3703 2568 7705 3725 2568 7706 3721 2569 7707 3678 2569 7708 3703 2569 7709 3677 2570 7710 3678 2570 7711 3721 2570 7712 3721 2571 7713 3674 2571 7714 3677 2571 7715 3674 2572 7716 3721 2572 7717 3705 2572 7718 3726 2573 7719 3704 2573 7720 3723 2573 7721 3724 2574 7722 3704 2574 7723 3726 2574 7724 3703 2575 7725 3704 2575 7726 3725 2575 7727 3725 2576 7728 3704 2576 7729 3724 2576 7730 3723 2577 7731 3704 2577 7732 3722 2577 7733 3687 2578 7734 3701 2578 7735 3702 2578 7736 3687 2579 7737 3702 2579 7738 3686 2579 7739 3687 2580 7740 3699 2580 7741 3701 2580 7742 3698 2581 7743 3699 2581 7744 3687 2581 7745 3683 2582 7746 3697 2582 7747 3727 2582 7748 3683 2583 7749 3727 2583 7750 3728 2583 7751 3683 2584 7752 3728 2584 7753 3729 2584 7754 3683 2585 7755 3729 2585 7756 3730 2585 7757 3683 2586 7758 3730 2586 7759 3731 2586 7760 3732 2587 7761 3696 2587 7762 3691 2587 7763 3690 2588 7764 3696 2588 7765 3732 2588 7766 3732 2589 7767 3691 2589 7768 3733 2589 7769 3694 2590 7770 3732 2590 7771 3734 2590 7772 3690 2591 7773 3732 2591 7774 3694 2591 7775 3733 2592 7776 3734 2592 7777 3735 2592 7778 3739 2593 7779 3734 2593 7780 3733 2593 7781 3692 2594 7782 3693 2594 7783 3734 2594 7784 3694 2595 7785 3734 2595 7786 3693 2595 7787 3692 2596 7788 3734 2596 7789 3736 2596 7790 3736 2597 7791 3734 2597 7792 3737 2597 7793 3737 2598 7794 3734 2598 7795 3738 2598 7796 3738 2599 7797 3734 2599 7798 3739 2599 7799 3739 2600 7800 3691 2600 7801 3738 2600 7802 3733 2601 7803 3691 2601 7804 3739 2601 7805 3738 2602 7806 3691 2602 7807 3737 2602 7808 3737 2603 7809 3691 2603 7810 3736 2603 7811 3736 2604 7812 3691 2604 7813 3740 2604 7814 3687 2605 7815 3688 2605 7816 3741 2605 7817 3687 2606 7818 3741 2606 7819 3742 2606 7820 3687 2607 7821 3742 2607 7822 3744 2607 7823 3742 2608 7824 3743 2608 7825 3744 2608 7826 3687 2609 7827 3744 2609 7828 3743 2609 7829 3745 2610 7830 3682 2610 7831 3683 2610 7832 3255 2611 7833 3676 2611 7834 3675 2611 7835 3668 2612 7836 3753 2612 7837 3666 2612 7838 3668 2613 7839 3747 2613 7840 3753 2613 7841 3668 2614 7842 3746 2614 7843 3747 2614 7844 2595 2615 7845 2601 2615 7846 3668 2615 7847 2601 2616 7848 3746 2616 7849 3668 2616 7850 3749 2617 7851 3747 2617 7852 3746 2617 7853 3749 2618 7854 2604 2618 7855 3650 2618 7856 3746 2619 7857 2604 2619 7858 3749 2619 7859 3749 2620 7860 3748 2620 7861 3747 2620 7862 3650 2621 7863 3750 2621 7864 3749 2621 7865 3651 2622 7866 3749 2622 7867 3652 2622 7868 3651 2623 7869 3748 2623 7870 3749 2623 7871 3749 2624 7872 3750 2624 7873 3652 2624 7874 3655 2625 7875 3748 2625 7876 3653 2625 7877 3752 2626 7878 3748 2626 7879 3655 2626 7880 3751 2627 7881 3748 2627 7882 3752 2627 7883 3748 2628 7884 3651 2628 7885 3653 2628 7886 3751 2629 7887 3747 2629 7888 3748 2629 7889 3656 2630 7890 3751 2630 7891 3752 2630 7892 3751 2631 7893 3657 2631 7894 3753 2631 7895 3753 2632 7896 3747 2632 7897 3751 2632 7898 3656 2633 7899 3657 2633 7900 3751 2633 7901 3753 2634 7902 3657 2634 7903 3666 2634 7904 3541 2635 7905 3538 2635 7906 3667 2635 7907 3544 2636 7908 3541 2636 7909 3664 2636 7910 3662 2637 7911 3663 2637 7912 3660 2637 7913 3661 2638 7914 3658 2638 7915 3656 2638 7916 3651 2639 7917 3654 2639 7918 3653 2639 7919 3646 2640 7920 3650 2640 7921 2604 2640 7922 3646 2641 7923 3647 2641 7924 3648 2641 7925 3255 2642 7926 3532 2642 7927 3256 2642 7928 3471 2643 7929 3489 2643 7930 3530 2643 7931 3488 2644 7932 3472 2644 7933 3484 2644 7934 3472 2645 7935 3488 2645 7936 3471 2645 7937 3472 2646 7938 3481 2646 7939 3484 2646 7940 3473 2647 7941 3470 2647 7942 3469 2647 7943 3524 2648 7944 3469 2648 7945 3465 2648 7946 2681 2649 7947 2682 2649 7948 3454 2649 7949 3285 2650 7950 3453 2650 7951 3451 2650 7952 3284 2651 7953 3451 2651 7954 3301 2651 7955 3284 2652 7956 3285 2652 7957 3451 2652 7958 3294 2653 7959 3284 2653 7960 3301 2653 7961 3295 2654 7962 3297 2654 7963 3299 2654 7964 3293 2655 7965 3297 2655 7966 3295 2655 7967 3293 2656 7968 3294 2656 7969 3297 2656 7970 3293 2657 7971 3290 2657 7972 3291 2657 7973 3757 2658 7974 3294 2658 7975 3756 2658 7976 3294 2659 7977 3757 2659 7978 3284 2659 7979 3758 2660 7980 3756 2660 7981 3292 2660 7982 3758 2661 7983 3757 2661 7984 3756 2661 7985 3288 2662 7986 3286 2662 7987 3758 2662 7988 3758 2663 7989 3286 2663 7990 3757 2663 7991 3289 2664 7992 3759 2664 7993 3760 2664 7994 3760 2665 7995 3759 2665 7996 3278 2665 7997 3288 2666 7998 3760 2666 7999 3761 2666 8000 3761 2667 8001 3760 2667 8002 3762 2667 8003 3762 2668 8004 3282 2668 8005 3287 2668 8006 3762 2669 8007 3280 2669 8008 3282 2669 8009 3760 2670 8010 3280 2670 8011 3762 2670 8012 3763 2671 8013 3280 2671 8014 3760 2671 8015 3279 2672 8016 3280 2672 8017 3763 2672 8018 3279 2673 8019 3763 2673 8020 3764 2673 8021 3764 2674 8022 3763 2674 8023 3278 2674 8024 3764 2675 8025 3278 2675 8026 3765 2675 8027 3760 2676 8028 3278 2676 8029 3763 2676 8030 3288 2677 8031 3289 2677 8032 3760 2677 8033 3275 2678 8034 3265 2678 8035 3266 2678 8036 3263 2679 8037 3275 2679 8038 3266 2679 8039 3270 2680 8040 3766 2680 8041 3272 2680 8042 3766 2681 8043 3268 2681 8044 3265 2681 8045 3270 2682 8046 3268 2682 8047 3766 2682 8048 3270 2683 8049 3269 2683 8050 3268 2683 8051 3268 2684 8052 3250 2684 8053 3265 2684 8054 3250 2685 8055 3260 2685 8056 3267 2685 8057 3250 2686 8058 3251 2686 8059 3260 2686 8060 3246 2687 8061 3249 2687 8062 3247 2687 8063 3241 2688 8064 3245 2688 8065 3239 2688 8066 3228 2689 8067 3242 2689 8068 3767 2689 8069 3229 2690 8070 3228 2690 8071 3767 2690 8072 3242 2691 8073 3240 2691 8074 3767 2691 8075 3767 2692 8076 3768 2692 8077 3229 2692 8078 3768 2693 8079 3767 2693 8080 3240 2693 8081 3235 2694 8082 3768 2694 8083 3240 2694 8084 3237 2695 8085 3234 2695 8086 3236 2695 8087 3230 2696 8088 3220 2696 8089 3223 2696 8090 3196 2697 8091 3224 2697 8092 3222 2697 8093 3196 2698 8094 3215 2698 8095 3214 2698 8096 3215 2699 8097 3196 2699 8098 3222 2699 8099 3197 2700 8100 3224 2700 8101 3196 2700 8102 3196 2701 8103 3214 2701 8104 3198 2701 8105 3213 2702 8106 3200 2702 8107 3428 2702 8108 3213 2703 8109 3202 2703 8110 3200 2703 8111 3205 2704 8112 3203 2704 8113 3204 2704 8114 3770 2705 8115 3188 2705 8116 3187 2705 8117 2576 2706 8118 3188 2706 8119 3770 2706 8120 3769 2707 8121 3771 2707 8122 3770 2707 8123 2576 2708 8124 3770 2708 8125 3771 2708 8126 3769 2709 8127 3182 2709 8128 3771 2709 8129 3771 2710 8130 3181 2710 8131 3157 2710 8132 3771 2711 8133 3182 2711 8134 3181 2711 8135 2576 2712 8136 3771 2712 8137 3157 2712 8138 3182 2713 8139 3769 2713 8140 3773 2713 8141 3183 2714 8142 3773 2714 8143 3769 2714 8144 3183 2715 8145 3775 2715 8146 3773 2715 8147 3774 2716 8148 3773 2716 8149 3776 2716 8150 3772 2717 8151 3773 2717 8152 3774 2717 8153 3182 2718 8154 3773 2718 8155 3772 2718 8156 3183 2719 8157 3777 2719 8158 3775 2719 8159 3183 2720 8160 3772 2720 8161 3777 2720 8162 3772 2721 8163 3183 2721 8164 3182 2721 8165 3157 2722 8166 3181 2722 8167 3156 2722 8168 3183 2723 8169 3769 2723 8170 3770 2723 8171 3185 2724 8172 3183 2724 8173 3770 2724 8174 3187 2725 8175 3185 2725 8176 3770 2725 8177 3167 2726 8178 3433 2726 8179 3165 2726 8180 3148 2727 8181 3166 2727 8182 3436 2727 8183 3778 2728 8184 3166 2728 8185 3148 2728 8186 3779 2729 8187 3778 2729 8188 3148 2729 8189 3164 2730 8190 3778 2730 8191 3779 2730 8192 3150 2731 8193 3159 2731 8194 3779 2731 8195 3779 2732 8196 3159 2732 8197 3164 2732 8198 3159 2733 8199 3162 2733 8200 3164 2733 8201 2576 2734 8202 3157 2734 8203 3158 2734 8204 3109 2735 8205 2576 2735 8206 3158 2735 8207 3127 2736 8208 3126 2736 8209 3780 2736 8210 3149 2737 8211 3147 2737 8212 3780 2737 8213 3147 2738 8214 3127 2738 8215 3780 2738 8216 3145 2739 8217 3127 2739 8218 3147 2739 8219 3145 2740 8220 3146 2740 8221 3143 2740 8222 3147 2741 8223 3146 2741 8224 3145 2741 8225 3145 2742 8226 3144 2742 8227 3129 2742 8228 3129 2743 8229 3127 2743 8230 3145 2743 8231 3145 2744 8232 3143 2744 8233 3142 2744 8234 3142 2745 8235 3140 2745 8236 3144 2745 8237 3144 2746 8238 3140 2746 8239 3131 2746 8240 3140 2747 8241 3132 2747 8242 3131 2747 8243 3140 2748 8244 3138 2748 8245 3132 2748 8246 3138 2749 8247 3139 2749 8248 3841 2749 8249 3138 2750 8250 3841 2750 8251 3137 2750 8252 3137 2751 8253 3841 2751 8254 3781 2751 8255 3781 2752 8256 3135 2752 8257 3136 2752 8258 3137 2753 8259 3781 2753 8260 3136 2753 8261 3135 2754 8262 3781 2754 8263 3782 2754 8264 3135 2755 8265 3782 2755 8266 2982 2755 8267 3781 2756 8268 3820 2756 8269 3782 2756 8270 3820 2757 8271 3819 2757 8272 3782 2757 8273 3783 2758 8274 3782 2758 8275 3819 2758 8276 3784 2759 8277 2981 2759 8278 3783 2759 8279 2982 2760 8280 3783 2760 8281 2981 2760 8282 2982 2761 8283 3782 2761 8284 3783 2761 8285 3785 2762 8286 3784 2762 8287 3783 2762 8288 3785 2763 8289 3783 2763 8290 3819 2763 8291 3784 2764 8292 3785 2764 8293 3815 2764 8294 3815 2765 8295 3785 2765 8296 3786 2765 8297 2896 2766 8298 3790 2766 8299 3786 2766 8300 3788 2767 8301 3790 2767 8302 3787 2767 8303 3790 2768 8304 2896 2768 8305 3787 2768 8306 3791 2769 8307 3788 2769 8308 3789 2769 8309 3790 2770 8310 3788 2770 8311 3791 2770 8312 3791 2771 8313 3789 2771 8314 3795 2771 8315 3791 2772 8316 3792 2772 8317 3794 2772 8318 3791 2773 8319 3793 2773 8320 3792 2773 8321 3791 2774 8322 3814 2774 8323 3790 2774 8324 3791 2775 8325 3795 2775 8326 3793 2775 8327 3791 2776 8328 3794 2776 8329 3814 2776 8330 3794 2777 8331 3796 2777 8332 3798 2777 8333 3794 2778 8334 3792 2778 8335 3796 2778 8336 3797 2779 8337 3796 2779 8338 2898 2779 8339 3796 2780 8340 3787 2780 8341 2898 2780 8342 3802 2781 8343 3796 2781 8344 3797 2781 8345 3792 2782 8346 3787 2782 8347 3796 2782 8348 3798 2783 8349 3796 2783 8350 3803 2783 8351 3799 2784 8352 3796 2784 8353 3800 2784 8354 3803 2785 8355 3796 2785 8356 3799 2785 8357 3800 2786 8358 3796 2786 8359 3801 2786 8360 3801 2787 8361 3796 2787 8362 3802 2787 8363 3802 2788 8364 3798 2788 8365 3803 2788 8366 3802 2789 8367 3803 2789 8368 3804 2789 8369 3802 2790 8370 3804 2790 8371 3805 2790 8372 3802 2791 8373 3805 2791 8374 3800 2791 8375 3802 2792 8376 3800 2792 8377 3801 2792 8378 3798 2793 8379 3802 2793 8380 3794 2793 8381 3794 2794 8382 3802 2794 8383 3797 2794 8384 3797 2795 8385 2898 2795 8386 2901 2795 8387 3806 2796 8388 3797 2796 8389 2901 2796 8390 2902 2797 8391 3806 2797 8392 2901 2797 8393 3807 2798 8394 3806 2798 8395 2902 2798 8396 3807 2799 8397 3808 2799 8398 3806 2799 8399 2902 2800 8400 4110 2800 8401 3807 2800 8402 2955 2801 8403 3808 2801 8404 3807 2801 8405 3807 2802 8406 4110 2802 8407 2955 2802 8408 2955 2803 8409 2957 2803 8410 3808 2803 8411 2898 2804 8412 3787 2804 8413 3809 2804 8414 2900 2805 8415 2901 2805 8416 2898 2805 8417 3797 2806 8418 3810 2806 8419 3794 2806 8420 3794 2807 8421 3810 2807 8422 2973 2807 8423 3810 2808 8424 3811 2808 8425 3812 2808 8426 3810 2809 8427 3812 2809 8428 2973 2809 8429 3813 2810 8430 3810 2810 8431 3797 2810 8432 3794 2811 8433 2973 2811 8434 3814 2811 8435 3790 2812 8436 3814 2812 8437 3815 2812 8438 3815 2813 8439 3814 2813 8440 2977 2813 8441 3790 2814 8442 3815 2814 8443 3786 2814 8444 3813 2815 8445 3816 2815 8446 3810 2815 8447 3811 2816 8448 3810 2816 8449 3816 2816 8450 3793 2817 8451 3787 2817 8452 3792 2817 8453 3787 2818 8454 3793 2818 8455 3817 2818 8456 3787 2819 8457 3817 2819 8458 3818 2819 8459 3787 2820 8460 3818 2820 8461 3789 2820 8462 3787 2821 8463 3789 2821 8464 3788 2821 8465 3809 2822 8466 3787 2822 8467 2896 2822 8468 2894 2823 8469 3820 2823 8470 3821 2823 8471 2894 2824 8472 3819 2824 8473 3820 2824 8474 3824 2825 8475 3821 2825 8476 3822 2825 8477 3824 2826 8478 2894 2826 8479 3821 2826 8480 2775 2827 8481 3821 2827 8482 2773 2827 8483 3823 2828 8484 3821 2828 8485 2775 2828 8486 3822 2829 8487 3821 2829 8488 3823 2829 8489 3825 2830 8490 3822 2830 8491 3823 2830 8492 3825 2831 8493 3826 2831 8494 3827 2831 8495 3826 2832 8496 3828 2832 8497 3827 2832 8498 3826 2833 8499 2776 2833 8500 3828 2833 8501 2777 2834 8502 2779 2834 8503 3828 2834 8504 3828 2835 8505 2776 2835 8506 2777 2835 8507 3827 2836 8508 3828 2836 8509 3830 2836 8510 2779 2837 8511 3830 2837 8512 3828 2837 8513 3830 2838 8514 2779 2838 8515 3829 2838 8516 3829 2839 8517 2779 2839 8518 3836 2839 8519 3831 2840 8520 3827 2840 8521 3830 2840 8522 3831 2841 8523 3830 2841 8524 3829 2841 8525 3831 2842 8526 3829 2842 8527 3832 2842 8528 3832 2843 8529 3829 2843 8530 3833 2843 8531 3832 2844 8532 3834 2844 8533 3839 2844 8534 3832 2845 8535 3833 2845 8536 3834 2845 8537 3833 2846 8538 3835 2846 8539 3834 2846 8540 3835 2847 8541 3833 2847 8542 3836 2847 8543 3836 2848 8544 3837 2848 8545 3835 2848 8546 3833 2849 8547 3829 2849 8548 3836 2849 8549 3836 2850 8550 2779 2850 8551 3838 2850 8552 3838 2851 8553 3837 2851 8554 3836 2851 8555 3838 2852 8556 2870 2852 8557 3837 2852 8558 3838 2853 8559 2868 2853 8560 2870 2853 8561 3835 2854 8562 3839 2854 8563 3834 2854 8564 3839 2855 8565 2872 2855 8566 2880 2855 8567 3825 2856 8568 2776 2856 8569 3826 2856 8570 3825 2857 8571 2775 2857 8572 2776 2857 8573 3827 2858 8574 3831 2858 8575 3825 2858 8576 3823 2859 8577 2775 2859 8578 3825 2859 8579 3824 2860 8580 3822 2860 8581 3840 2860 8582 3840 2861 8583 2894 2861 8584 3824 2861 8585 2887 2862 8586 2894 2862 8587 3840 2862 8588 2884 2863 8589 2885 2863 8590 2887 2863 8591 3841 2864 8592 2773 2864 8593 3821 2864 8594 3781 2865 8595 3821 2865 8596 3820 2865 8597 3841 2866 8598 3821 2866 8599 3781 2866 8600 2894 2867 8601 3785 2867 8602 3819 2867 8603 2896 2868 8604 3786 2868 8605 2894 2868 8606 2894 2869 8607 3786 2869 8608 3785 2869 8609 3138 2870 8610 3137 2870 8611 3132 2870 8612 3129 2871 8613 3130 2871 8614 3125 2871 8615 3130 2872 8616 3124 2872 8617 3125 2872 8618 3129 2873 8619 3125 2873 8620 3128 2873 8621 3106 2874 8622 3107 2874 8623 3104 2874 8624 3103 2875 8625 3104 2875 8626 3107 2875 8627 3106 2876 8628 3843 2876 8629 3842 2876 8630 3106 2877 8631 3104 2877 8632 3843 2877 8633 3097 2878 8634 2989 2878 8635 2991 2878 8636 2991 2879 8637 2993 2879 8638 3096 2879 8639 3096 2880 8640 2993 2880 8641 3094 2880 8642 2578 2881 8643 2580 2881 8644 3095 2881 8645 2578 2882 8646 3095 2882 8647 3092 2882 8648 2519 2883 8649 2578 2883 8650 3092 2883 8651 2519 2884 8652 3092 2884 8653 3844 2884 8654 2572 2885 8655 2578 2885 8656 2519 2885 8657 3844 2886 8658 3092 2886 8659 3090 2886 8660 3844 2887 8661 3090 2887 8662 3845 2887 8663 2515 2888 8664 3083 2888 8665 3080 2888 8666 3067 2889 8667 2515 2889 8668 3080 2889 8669 3090 2890 8670 3085 2890 8671 3845 2890 8672 3845 2891 8673 3084 2891 8674 3083 2891 8675 3845 2892 8676 3085 2892 8677 3084 2892 8678 3090 2893 8679 3088 2893 8680 3085 2893 8681 3094 2894 8682 2993 2894 8683 3091 2894 8684 2993 2895 8685 2995 2895 8686 3091 2895 8687 3091 2896 8688 2995 2896 8689 3089 2896 8690 2996 2897 8691 3089 2897 8692 2995 2897 8693 3086 2898 8694 3089 2898 8695 2996 2898 8696 3003 2899 8697 3084 2899 8698 3087 2899 8699 3086 2900 8700 2998 2900 8701 3087 2900 8702 3002 2901 8703 3087 2901 8704 2998 2901 8705 3002 2902 8706 3003 2902 8707 3087 2902 8708 3082 2903 8709 3084 2903 8710 3003 2903 8711 3003 2904 8712 3001 2904 8713 3082 2904 8714 3081 2905 8715 3001 2905 8716 3078 2905 8717 3001 2906 8718 3011 2906 8719 3078 2906 8720 3082 2907 8721 3001 2907 8722 3081 2907 8723 3023 2908 8724 3078 2908 8725 3011 2908 8726 3077 2909 8727 3078 2909 8728 3023 2909 8729 3024 2910 8730 3846 2910 8731 3076 2910 8732 3076 2911 8733 3846 2911 8734 3847 2911 8735 3025 2912 8736 3847 2912 8737 3846 2912 8738 3848 2913 8739 3847 2913 8740 3849 2913 8741 3848 2914 8742 3075 2914 8743 3847 2914 8744 3076 2915 8745 3847 2915 8746 3075 2915 8747 3849 2916 8748 3847 2916 8749 3027 2916 8750 3071 2917 8751 3075 2917 8752 3848 2917 8753 3027 2918 8754 3847 2918 8755 3025 2918 8756 3073 2919 8757 3863 2919 8758 3068 2919 8759 3072 2920 8760 3850 2920 8761 3073 2920 8762 3850 2921 8763 3863 2921 8764 3073 2921 8765 3027 2922 8766 3850 2922 8767 3072 2922 8768 3853 2923 8769 3032 2923 8770 3036 2923 8771 3036 2924 8772 3032 2924 8773 4096 2924 8774 3037 2925 8775 3853 2925 8776 3036 2925 8777 3035 2926 8778 3881 2926 8779 3854 2926 8780 3037 2927 8781 3035 2927 8782 3868 2927 8783 3035 2928 8784 3854 2928 8785 3855 2928 8786 3854 2929 8787 3856 2929 8788 3855 2929 8789 3855 2930 8790 3856 2930 8791 3857 2930 8792 3857 2931 8793 3885 2931 8794 3855 2931 8795 3858 2932 8796 3855 2932 8797 3885 2932 8798 3035 2933 8799 3855 2933 8800 3858 2933 8801 3859 2934 8802 3870 2934 8803 3860 2934 8804 3860 2935 8805 3870 2935 8806 3869 2935 8807 3869 2936 8808 3057 2936 8809 3860 2936 8810 3859 2937 8811 3860 2937 8812 3867 2937 8813 3867 2938 8814 3860 2938 8815 3864 2938 8816 3860 2939 8817 3057 2939 8818 3864 2939 8819 3861 2940 8820 3057 2940 8821 3060 2940 8822 3862 2941 8823 3861 2941 8824 3069 2941 8825 3069 2942 8826 3863 2942 8827 3862 2942 8828 3862 2943 8829 3863 2943 8830 3850 2943 8831 3069 2944 8832 3068 2944 8833 3863 2944 8834 3862 2945 8835 3850 2945 8836 3864 2945 8837 3867 2946 8838 3864 2946 8839 3026 2946 8840 3026 2947 8841 3864 2947 8842 3850 2947 8843 3026 2948 8844 3865 2948 8845 3867 2948 8846 3852 2949 8847 3865 2949 8848 3851 2949 8849 3851 2950 8850 3865 2950 8851 3026 2950 8852 3867 2951 8853 3865 2951 8854 3866 2951 8855 3858 2952 8856 3859 2952 8857 3866 2952 8858 3867 2953 8859 3866 2953 8860 3859 2953 8861 3035 2954 8862 3858 2954 8863 3866 2954 8864 3035 2955 8865 3865 2955 8866 3868 2955 8867 3866 2956 8868 3865 2956 8869 3035 2956 8870 3868 2957 8871 3865 2957 8872 3853 2957 8873 3853 2958 8874 3865 2958 8875 3032 2958 8876 3032 2959 8877 3865 2959 8878 3852 2959 8879 3861 2960 8880 3862 2960 8881 3864 2960 8882 3057 2961 8883 3861 2961 8884 3864 2961 8885 3869 2962 8886 3870 2962 8887 3887 2962 8888 3057 2963 8889 3869 2963 8890 3887 2963 8891 3056 2964 8892 3057 2964 8893 3887 2964 8894 3887 2965 8895 3876 2965 8896 3056 2965 8897 3872 2966 8898 3876 2966 8899 3887 2966 8900 3871 2967 8901 3872 2967 8902 3887 2967 8903 3872 2968 8904 3873 2968 8905 3876 2968 8906 3874 2969 8907 3873 2969 8908 3872 2969 8909 3872 2970 8910 3871 2970 8911 3874 2970 8912 3874 2971 8913 3875 2971 8914 3873 2971 8915 3878 2972 8916 3876 2972 8917 3873 2972 8918 3876 2973 8919 3878 2973 8920 3055 2973 8921 3055 2974 8922 3878 2974 8923 3877 2974 8924 3879 2975 8925 3878 2975 8926 3873 2975 8927 3879 2976 8928 3873 2976 8929 3875 2976 8930 3880 2977 8931 3879 2977 8932 3875 2977 8933 3880 2978 8934 3878 2978 8935 3879 2978 8936 3880 2979 8937 3881 2979 8938 3882 2979 8939 3882 2980 8940 3881 2980 8941 3038 2980 8942 3035 2981 8943 3038 2981 8944 3881 2981 8945 3882 2982 8946 3038 2982 8947 3884 2982 8948 3877 2983 8949 3882 2983 8950 3884 2983 8951 3877 2984 8952 3884 2984 8953 3046 2984 8954 3046 2985 8955 3884 2985 8956 3883 2985 8957 3884 2986 8958 3038 2986 8959 3883 2986 8960 3883 2987 8961 3038 2987 8962 3040 2987 8963 3883 2988 8964 3040 2988 8965 3043 2988 8966 3046 2989 8967 3883 2989 8968 3043 2989 8969 3043 2990 8970 3040 2990 8971 3042 2990 8972 3882 2991 8973 3878 2991 8974 3880 2991 8975 3882 2992 8976 3877 2992 8977 3878 2992 8978 3854 2993 8979 3881 2993 8980 3856 2993 8981 3856 2994 8982 3881 2994 8983 3880 2994 8984 3880 2995 8985 3875 2995 8986 3856 2995 8987 3856 2996 8988 3874 2996 8989 3857 2996 8990 3856 2997 8991 3875 2997 8992 3874 2997 8993 3874 2998 8994 3885 2998 8995 3857 2998 8996 3885 2999 8997 3874 2999 8998 3871 2999 8999 3886 3000 9000 3871 3000 9001 3870 3000 9002 3885 3001 9003 3871 3001 9004 3886 3001 9005 3886 3002 9006 3870 3002 9007 3859 3002 9008 3858 3003 9009 3886 3003 9010 3859 3003 9011 3858 3004 9012 3885 3004 9013 3886 3004 9014 3871 3005 9015 3887 3005 9016 3870 3005 9017 3053 3006 9018 3877 3006 9019 3046 3006 9020 3055 3007 9021 3877 3007 9022 3053 3007 9023 3037 3008 9024 3868 3008 9025 3853 3008 9026 3026 3009 9027 3850 3009 9028 3027 3009 9029 3861 3010 9030 3060 3010 9031 3059 3010 9032 3051 3011 9033 2500 3011 9034 3052 3011 9035 3050 3012 9036 3890 3012 9037 4069 3012 9038 3889 3013 9039 3888 3013 9040 3050 3013 9041 3050 3014 9042 3888 3014 9043 3890 3014 9044 3889 3015 9045 3050 3015 9046 3891 3015 9047 3889 3016 9048 3891 3016 9049 3894 3016 9050 3892 3017 9051 3893 3017 9052 3894 3017 9053 3891 3018 9054 3892 3018 9055 3894 3018 9056 3913 3019 9057 3919 3019 9058 3892 3019 9059 3893 3020 9060 3892 3020 9061 3914 3020 9062 3893 3021 9063 3917 3021 9064 3916 3021 9065 3914 3022 9066 3917 3022 9067 3893 3022 9068 3894 3023 9069 3893 3023 9070 3916 3023 9071 3916 3024 9072 3889 3024 9073 3894 3024 9074 3889 3025 9075 3916 3025 9076 3895 3025 9077 3896 3026 9078 3889 3026 9079 3895 3026 9080 3896 3027 9081 3897 3027 9082 3889 3027 9083 3898 3028 9084 3896 3028 9085 3899 3028 9086 3896 3029 9087 3898 3029 9088 3897 3029 9089 3896 3030 9090 3895 3030 9091 3899 3030 9092 3898 3031 9093 3899 3031 9094 3901 3031 9095 3900 3032 9096 3901 3032 9097 3899 3032 9098 3900 3033 9099 3904 3033 9100 3901 3033 9101 3904 3034 9102 3903 3034 9103 3901 3034 9104 3902 3035 9105 3901 3035 9106 3903 3035 9107 3898 3036 9108 3901 3036 9109 3902 3036 9110 3897 3037 9111 3898 3037 9112 3902 3037 9113 2625 3038 9114 3902 3038 9115 3903 3038 9116 2625 3039 9117 3897 3039 9118 3902 3039 9119 3904 3040 9120 3907 3040 9121 3906 3040 9122 3906 3041 9123 3907 3041 9124 2629 3041 9125 3900 3042 9126 3907 3042 9127 3904 3042 9128 3906 3043 9129 3905 3043 9130 3904 3043 9131 2624 3044 9132 3905 3044 9133 3906 3044 9134 3905 3045 9135 2625 3045 9136 3904 3045 9137 2625 3046 9138 3905 3046 9139 2624 3046 9140 3904 3047 9141 2625 3047 9142 3903 3047 9143 4046 3048 9144 3900 3048 9145 4025 3048 9146 3908 3049 9147 3900 3049 9148 4046 3049 9149 3908 3050 9150 3907 3050 9151 3900 3050 9152 3900 3051 9153 3899 3051 9154 3909 3051 9155 3900 3052 9156 3909 3052 9157 3910 3052 9158 3909 3053 9159 3918 3053 9160 3910 3053 9161 4025 3054 9162 3900 3054 9163 3910 3054 9164 4025 3055 9165 3910 3055 9166 4027 3055 9167 3912 3056 9168 3910 3056 9169 3915 3056 9170 4027 3057 9171 3910 3057 9172 3912 3057 9173 3912 3058 9174 3923 3058 9175 4027 3058 9176 3913 3059 9177 3923 3059 9178 3912 3059 9179 3912 3060 9180 3919 3060 9181 3913 3060 9182 3919 3061 9183 3912 3061 9184 3911 3061 9185 3919 3062 9186 3911 3062 9187 3914 3062 9188 3914 3063 9189 3911 3063 9190 3915 3063 9191 3914 3064 9192 3915 3064 9193 3918 3064 9194 3914 3065 9195 3918 3065 9196 3917 3065 9197 3917 3066 9198 3895 3066 9199 3916 3066 9200 3917 3067 9201 3918 3067 9202 3909 3067 9203 3895 3068 9204 3917 3068 9205 3909 3068 9206 3899 3069 9207 3895 3069 9208 3909 3069 9209 3918 3070 9210 3915 3070 9211 3910 3070 9212 3921 3071 9213 3913 3071 9214 3920 3071 9215 3922 3072 9216 3913 3072 9217 3921 3072 9218 3921 3073 9219 3920 3073 9220 3048 3073 9221 3921 3074 9222 3941 3074 9223 3922 3074 9224 3935 3075 9225 3913 3075 9226 3922 3075 9227 3923 3076 9228 3935 3076 9229 3924 3076 9230 3935 3077 9231 3923 3077 9232 3913 3077 9233 4040 3078 9234 3924 3078 9235 3925 3078 9236 4040 3079 9237 3925 3079 9238 3926 3079 9239 3926 3080 9240 3932 3080 9241 3927 3080 9242 3927 3081 9243 3932 3081 9244 3928 3081 9245 3931 3082 9246 3930 3082 9247 3927 3082 9248 3930 3083 9249 3926 3083 9250 3927 3083 9251 3929 3084 9252 3950 3084 9253 3926 3084 9254 3929 3085 9255 3926 3085 9256 3930 3085 9257 3931 3086 9258 3949 3086 9259 3930 3086 9260 3929 3087 9261 3930 3087 9262 3949 3087 9263 3949 3088 9264 3947 3088 9265 3953 3088 9266 3949 3089 9267 3946 3089 9268 3947 3089 9269 3946 3090 9270 3949 3090 9271 3931 3090 9272 3928 3091 9273 3931 3091 9274 3927 3091 9275 3946 3092 9276 3931 3092 9277 3928 3092 9278 3946 3093 9279 3928 3093 9280 3943 3093 9281 3932 3094 9282 3943 3094 9283 3928 3094 9284 3932 3095 9285 3925 3095 9286 3934 3095 9287 3934 3096 9288 3925 3096 9289 3924 3096 9290 3933 3097 9291 3934 3097 9292 3936 3097 9293 3934 3098 9294 3924 3098 9295 3936 3098 9296 3936 3099 9297 3935 3099 9298 3939 3099 9299 3937 3100 9300 3936 3100 9301 2919 3100 9302 2919 3101 9303 2851 3101 9304 3937 3101 9305 3937 3102 9306 2851 3102 9307 3933 3102 9308 3933 3103 9309 2851 3103 9310 3938 3103 9311 2849 3104 9312 2841 3104 9313 3938 3104 9314 2849 3105 9315 3938 3105 9316 2851 3105 9317 3933 3106 9318 3938 3106 9319 3934 3106 9320 3938 3107 9321 3932 3107 9322 3934 3107 9323 2841 3108 9324 3932 3108 9325 3938 3108 9326 3936 3109 9327 3937 3109 9328 3933 3109 9329 2850 3110 9330 2851 3110 9331 2919 3110 9332 3935 3111 9333 3922 3111 9334 3939 3111 9335 2919 3112 9336 3936 3112 9337 3939 3112 9338 3940 3113 9339 2919 3113 9340 3939 3113 9341 3922 3114 9342 3940 3114 9343 3939 3114 9344 3941 3115 9345 3940 3115 9346 3922 3115 9347 2925 3116 9348 3940 3116 9349 3041 3116 9350 3041 3117 9351 3940 3117 9352 3042 3117 9353 3942 3118 9354 3042 3118 9355 3940 3118 9356 3942 3119 9357 3940 3119 9358 3941 3119 9359 3935 3120 9360 3936 3120 9361 3924 3120 9362 3943 3121 9363 3932 3121 9364 2841 3121 9365 3943 3122 9366 2841 3122 9367 3944 3122 9368 3945 3123 9369 3947 3123 9370 3944 3123 9371 3946 3124 9372 3944 3124 9373 3947 3124 9374 3953 3125 9375 3947 3125 9376 3948 3125 9377 3949 3126 9378 3953 3126 9379 3951 3126 9380 3929 3127 9381 3949 3127 9382 3951 3127 9383 3929 3128 9384 4006 3128 9385 3950 3128 9386 4042 3129 9387 3950 3129 9388 4006 3129 9389 3951 3130 9390 3953 3130 9391 3952 3130 9392 3953 3131 9393 3948 3131 9394 3952 3131 9395 3952 3132 9396 3954 3132 9397 3951 3132 9398 3981 3133 9399 3954 3133 9400 3952 3133 9401 3981 3134 9402 3952 3134 9403 3948 3134 9404 3954 3135 9405 3981 3135 9406 3992 3135 9407 3992 3136 9408 3981 3136 9409 3955 3136 9410 3955 3137 9411 3991 3137 9412 3992 3137 9413 3956 3138 9414 3958 3138 9415 3957 3138 9416 3960 3139 9417 3958 3139 9418 3959 3139 9419 3959 3140 9420 3958 3140 9421 3956 3140 9422 3960 3141 9423 3959 3141 9424 3969 3141 9425 3961 3142 9426 3969 3142 9427 3959 3142 9428 3980 3143 9429 3962 3143 9430 3961 3143 9431 2842 3144 9432 3962 3144 9433 3980 3144 9434 3964 3145 9435 3963 3145 9436 3962 3145 9437 3964 3146 9438 3962 3146 9439 2842 3146 9440 3966 3147 9441 3964 3147 9442 3965 3147 9443 3966 3148 9444 3963 3148 9445 3964 3148 9446 3967 3149 9447 3972 3149 9448 3966 3149 9449 3966 3150 9450 3970 3150 9451 3963 3150 9452 3969 3151 9453 3963 3151 9454 3970 3151 9455 3969 3152 9456 3970 3152 9457 3968 3152 9458 3966 3153 9459 3971 3153 9460 3970 3153 9461 2673 3154 9462 3968 3154 9463 3970 3154 9464 2673 3155 9465 3970 3155 9466 3971 3155 9467 3972 3156 9468 3971 3156 9469 3966 3156 9470 3971 3157 9471 3972 3157 9472 2676 3157 9473 3973 3158 9474 2710 3158 9475 3972 3158 9476 3972 3159 9477 2710 3159 9478 2676 3159 9479 2715 3160 9480 3973 3160 9481 3972 3160 9482 2715 3161 9483 3972 3161 9484 3974 3161 9485 3967 3162 9486 3974 3162 9487 3972 3162 9488 3976 3163 9489 3974 3163 9490 3967 3163 9491 3974 3164 9492 3976 3164 9493 2606 3164 9494 2606 3165 9495 3976 3165 9496 2609 3165 9497 3967 3166 9498 3975 3166 9499 3976 3166 9500 2609 3167 9501 3976 3167 9502 2611 3167 9503 3975 3168 9504 2611 3168 9505 3976 3168 9506 3966 3169 9507 3975 3169 9508 3967 3169 9509 2834 3170 9510 3975 3170 9511 3966 3170 9512 2834 3171 9513 3978 3171 9514 3977 3171 9515 3977 3172 9516 2835 3172 9517 3979 3172 9518 2834 3173 9519 3977 3173 9520 3979 3173 9521 3979 3174 9522 3975 3174 9523 2834 3174 9524 3978 3175 9525 2835 3175 9526 3977 3175 9527 2715 3176 9528 3974 3176 9529 2606 3176 9530 2715 3177 9531 2606 3177 9532 2718 3177 9533 3969 3178 9534 3962 3178 9535 3963 3178 9536 3969 3179 9537 3961 3179 9538 3962 3179 9539 3965 3180 9540 2834 3180 9541 3966 3180 9542 2839 3181 9543 2836 3181 9544 3965 3181 9545 3964 3182 9546 2839 3182 9547 3965 3182 9548 2842 3183 9549 2839 3183 9550 3964 3183 9551 2841 3184 9552 2842 3184 9553 3980 3184 9554 3945 3185 9555 3980 3185 9556 3981 3185 9557 3945 3186 9558 2841 3186 9559 3980 3186 9560 3961 3187 9561 3959 3187 9562 3980 3187 9563 3955 3188 9564 3980 3188 9565 3959 3188 9566 3981 3189 9567 3980 3189 9568 3955 3189 9569 3945 3190 9570 3981 3190 9571 3948 3190 9572 3947 3191 9573 3945 3191 9574 3948 3191 9575 3960 3192 9576 3969 3192 9577 3968 3192 9578 3955 3193 9579 3959 3193 9580 3956 3193 9581 3960 3194 9582 3968 3194 9583 3982 3194 9584 3968 3195 9585 2672 3195 9586 3982 3195 9587 2661 3196 9588 2672 3196 9589 2671 3196 9590 2661 3197 9591 2671 3197 9592 2670 3197 9593 2672 3198 9594 3984 3198 9595 3982 3198 9596 2672 3199 9597 2660 3199 9598 3984 3199 9599 3984 3200 9600 3960 3200 9601 3982 3200 9602 2657 3201 9603 3984 3201 9604 2660 3201 9605 3983 3202 9606 3960 3202 9607 3984 3202 9608 3984 3203 9609 3987 3203 9610 3988 3203 9611 3983 3204 9612 3984 3204 9613 3988 3204 9614 3987 3205 9615 3984 3205 9616 3985 3205 9617 3986 3206 9618 3985 3206 9619 3984 3206 9620 3987 3207 9621 3985 3207 9622 3986 3207 9623 3989 3208 9624 3988 3208 9625 3987 3208 9626 3958 3209 9627 3988 3209 9628 3989 3209 9629 3958 3210 9630 3989 3210 9631 3957 3210 9632 3957 3211 9633 3955 3211 9634 3956 3211 9635 3960 3212 9636 3983 3212 9637 3988 3212 9638 3960 3213 9639 3988 3213 9640 3958 3213 9641 3987 3214 9642 3990 3214 9643 3989 3214 9644 3990 3215 9645 3991 3215 9646 3989 3215 9647 3993 3216 9648 3991 3216 9649 3990 3216 9650 3989 3217 9651 3991 3217 9652 3957 3217 9653 3957 3218 9654 3991 3218 9655 3955 3218 9656 3992 3219 9657 3993 3219 9658 3954 3219 9659 3991 3220 9660 3993 3220 9661 3992 3220 9662 4051 3221 9663 3995 3221 9664 3994 3221 9665 3995 3222 9666 3996 3222 9667 4000 3222 9668 4049 3223 9669 3995 3223 9670 4051 3223 9671 3995 3224 9672 4049 3224 9673 3996 3224 9674 3997 3225 9675 3996 3225 9676 4049 3225 9677 2631 3226 9678 3998 3226 9679 3997 3226 9680 4000 3227 9681 3998 3227 9682 3999 3227 9683 3999 3228 9684 4002 3228 9685 4001 3228 9686 4000 3229 9687 3999 3229 9688 4001 3229 9689 4004 3230 9690 4001 3230 9691 4002 3230 9692 4000 3231 9693 4001 3231 9694 4003 3231 9695 4004 3232 9696 4003 3232 9697 4001 3232 9698 4002 3233 9699 4005 3233 9700 4004 3233 9701 4004 3234 9702 4008 3234 9703 4006 3234 9704 4004 3235 9705 4016 3235 9706 4008 3235 9707 4004 3236 9708 4006 3236 9709 4007 3236 9710 4007 3237 9711 4003 3237 9712 4004 3237 9713 3995 3238 9714 4007 3238 9715 3994 3238 9716 3995 3239 9717 4003 3239 9718 4007 3239 9719 3995 3240 9720 4000 3240 9721 4003 3240 9722 3994 3241 9723 4007 3241 9724 3993 3241 9725 4007 3242 9726 4006 3242 9727 3929 3242 9728 4007 3243 9729 3951 3243 9730 3954 3243 9731 3954 3244 9732 3993 3244 9733 4007 3244 9734 4007 3245 9735 3929 3245 9736 3951 3245 9737 4008 3246 9738 4016 3246 9739 4009 3246 9740 4009 3247 9741 4016 3247 9742 4011 3247 9743 4008 3248 9744 4009 3248 9745 4010 3248 9746 4016 3249 9747 4014 3249 9748 4011 3249 9749 4011 3250 9750 4014 3250 9751 4012 3250 9752 4013 3251 9753 4012 3251 9754 4014 3251 9755 4014 3252 9756 4015 3252 9757 4013 3252 9758 4016 3253 9759 4015 3253 9760 4014 3253 9761 4015 3254 9762 4016 3254 9763 4004 3254 9764 4015 3255 9765 4017 3255 9766 4013 3255 9767 4005 3256 9768 4017 3256 9769 4015 3256 9770 4015 3257 9771 4004 3257 9772 4005 3257 9773 4020 3258 9774 4017 3258 9775 4005 3258 9776 4018 3259 9777 4017 3259 9778 4020 3259 9779 4020 3260 9780 4019 3260 9781 4018 3260 9782 3908 3261 9783 4019 3261 9784 4020 3261 9785 3908 3262 9786 4020 3262 9787 4022 3262 9788 4019 3263 9789 3908 3263 9790 4021 3263 9791 4018 3264 9792 4019 3264 9793 4048 3264 9794 4048 3265 9795 4019 3265 9796 4021 3265 9797 4018 3266 9798 4048 3266 9799 4045 3266 9800 4013 3267 9801 4018 3267 9802 4024 3267 9803 4013 3268 9804 4017 3268 9805 4018 3268 9806 4018 3269 9807 4045 3269 9808 4024 3269 9809 4045 3270 9810 4023 3270 9811 4024 3270 9812 4023 3271 9813 4013 3271 9814 4024 3271 9815 4013 3272 9816 4023 3272 9817 4012 3272 9818 4012 3273 9819 4025 3273 9820 4028 3273 9821 4023 3274 9822 4025 3274 9823 4012 3274 9824 4029 3275 9825 4012 3275 9826 4028 3275 9827 4036 3276 9828 4029 3276 9829 4037 3276 9830 4029 3277 9831 4027 3277 9832 4037 3277 9833 4037 3278 9834 4027 3278 9835 4026 3278 9836 4026 3279 9837 3923 3279 9838 4032 3279 9839 4027 3280 9840 3923 3280 9841 4026 3280 9842 4025 3281 9843 4027 3281 9844 4028 3281 9845 4028 3282 9846 4027 3282 9847 4029 3282 9848 3923 3283 9849 3924 3283 9850 4032 3283 9851 4032 3284 9852 3924 3284 9853 4030 3284 9854 4032 3285 9855 4030 3285 9856 4031 3285 9857 4030 3286 9858 4038 3286 9859 4031 3286 9860 4026 3287 9861 4032 3287 9862 4031 3287 9863 4037 3288 9864 4026 3288 9865 4044 3288 9866 4037 3289 9867 4044 3289 9868 4033 3289 9869 4037 3290 9870 4033 3290 9871 4035 3290 9872 4033 3291 9873 4009 3291 9874 4035 3291 9875 4035 3292 9876 4009 3292 9877 4011 3292 9878 4011 3293 9879 4036 3293 9880 4035 3293 9881 4012 3294 9882 4036 3294 9883 4011 3294 9884 4035 3295 9885 4036 3295 9886 4037 3295 9887 4036 3296 9888 4012 3296 9889 4029 3296 9890 4010 3297 9891 4009 3297 9892 4034 3297 9893 4034 3298 9894 4009 3298 9895 4033 3298 9896 4039 3299 9897 4041 3299 9898 4038 3299 9899 4040 3300 9900 4039 3300 9901 4038 3300 9902 4030 3301 9903 3924 3301 9904 4040 3301 9905 4030 3302 9906 4040 3302 9907 4038 3302 9908 4040 3303 9909 3950 3303 9910 4039 3303 9911 3950 3304 9912 4042 3304 9913 4039 3304 9914 4039 3305 9915 4042 3305 9916 4041 3305 9917 4042 3306 9918 4010 3306 9919 4041 3306 9920 4010 3307 9921 4034 3307 9922 4041 3307 9923 4041 3308 9924 4034 3308 9925 4043 3308 9926 4010 3309 9927 4042 3309 9928 4008 3309 9929 4008 3310 9930 4042 3310 9931 4006 3310 9932 4043 3311 9933 4031 3311 9934 4041 3311 9935 4043 3312 9936 4044 3312 9937 4031 3312 9938 4044 3313 9939 4026 3313 9940 4031 3313 9941 4043 3314 9942 4034 3314 9943 4044 3314 9944 4044 3315 9945 4034 3315 9946 4033 3315 9947 4041 3316 9948 4031 3316 9949 4038 3316 9950 4045 3317 9951 4046 3317 9952 4025 3317 9953 2631 3318 9954 4022 3318 9955 4047 3318 9956 2631 3319 9957 4047 3319 9958 3999 3319 9959 4047 3320 9960 4002 3320 9961 3999 3320 9962 4022 3321 9963 4002 3321 9964 4047 3321 9965 4022 3322 9966 2631 3322 9967 3908 3322 9968 4048 3323 9969 4046 3323 9970 4045 3323 9971 4048 3324 9972 3908 3324 9973 4046 3324 9974 4021 3325 9975 3908 3325 9976 4048 3325 9977 4023 3326 9978 4045 3326 9979 4025 3326 9980 4002 3327 9981 4022 3327 9982 4020 3327 9983 4002 3328 9984 4020 3328 9985 4005 3328 9986 3998 3329 9987 4000 3329 9988 3996 3329 9989 3996 3330 9990 3997 3330 9991 3998 3330 9992 2631 3331 9993 3999 3331 9994 3998 3331 9995 3997 3332 9996 4049 3332 9997 4050 3332 9998 4062 3333 9999 3997 3333 10000 4050 3333 10001 4050 3334 10002 4049 3334 10003 4051 3334 10004 4051 3335 10005 4054 3335 10006 4063 3335 10007 4063 3336 10008 4061 3336 10009 4052 3336 10010 4053 3337 10011 4061 3337 10012 4054 3337 10013 4054 3338 10014 3990 3338 10015 4053 3338 10016 4063 3339 10017 4054 3339 10018 4061 3339 10019 4055 3340 10020 4053 3340 10021 3986 3340 10022 4053 3341 10023 3990 3341 10024 3987 3341 10025 3986 3342 10026 4053 3342 10027 3987 3342 10028 4055 3343 10029 4057 3343 10030 4056 3343 10031 4056 3344 10032 4053 3344 10033 4055 3344 10034 4056 3345 10035 4061 3345 10036 4053 3345 10037 4057 3346 10038 4058 3346 10039 4056 3346 10040 4058 3347 10041 4057 3347 10042 4064 3347 10043 4060 3348 10044 4058 3348 10045 4059 3348 10046 4064 3349 10047 4059 3349 10048 4058 3349 10049 2649 3350 10050 4059 3350 10051 4064 3350 10052 2649 3351 10053 2648 3351 10054 4059 3351 10055 4061 3352 10056 4058 3352 10057 4052 3352 10058 4056 3353 10059 4058 3353 10060 4061 3353 10061 4060 3354 10062 4052 3354 10063 4058 3354 10064 4052 3355 10065 4060 3355 10066 4062 3355 10067 4062 3356 10068 4060 3356 10069 2648 3356 10070 4062 3357 10071 4051 3357 10072 4063 3357 10073 4050 3358 10074 4051 3358 10075 4062 3358 10076 4063 3359 10077 4052 3359 10078 4062 3359 10079 2648 3360 10080 4060 3360 10081 4059 3360 10082 4064 3361 10083 4057 3361 10084 4065 3361 10085 4064 3362 10086 4065 3362 10087 2650 3362 10088 2651 3363 10089 4065 3363 10090 4066 3363 10091 4057 3364 10092 4066 3364 10093 4065 3364 10094 2651 3365 10095 4066 3365 10096 2654 3365 10097 4055 3366 10098 4066 3366 10099 4057 3366 10100 2654 3367 10101 4066 3367 10102 4055 3367 10103 4054 3368 10104 3993 3368 10105 3990 3368 10106 4054 3369 10107 3994 3369 10108 3993 3369 10109 4051 3370 10110 3994 3370 10111 4054 3370 10112 2648 3371 10113 3997 3371 10114 4062 3371 10115 3926 3372 10116 3950 3372 10117 4040 3372 10118 3943 3373 10119 3944 3373 10120 3946 3373 10121 2841 3374 10122 3945 3374 10123 3944 3374 10124 3925 3375 10125 3932 3375 10126 3926 3375 10127 3920 3376 10128 3892 3376 10129 3891 3376 10130 3920 3377 10131 3913 3377 10132 3892 3377 10133 3891 3378 10134 3049 3378 10135 3920 3378 10136 3891 3379 10137 3050 3379 10138 3049 3379 10139 3912 3380 10140 3915 3380 10141 3911 3380 10142 3908 3381 10143 2631 3381 10144 3907 3381 10145 2626 3382 10146 3897 3382 10147 2625 3382 10148 2626 3383 10149 3888 3383 10150 3897 3383 10151 3897 3384 10152 3888 3384 10153 3889 3384 10154 3919 3385 10155 3914 3385 10156 3892 3385 10157 3888 3386 10158 4070 3386 10159 3890 3386 10160 3890 3387 10161 4070 3387 10162 4067 3387 10163 4067 3388 10164 4068 3388 10165 3890 3388 10166 2566 3389 10167 4068 3389 10168 4067 3389 10169 4068 3390 10170 4069 3390 10171 3890 3390 10172 2501 3391 10173 3051 3391 10174 4068 3391 10175 3051 3392 10176 3050 3392 10177 4068 3392 10178 4068 3393 10179 3050 3393 10180 4069 3393 10181 2501 3394 10182 4068 3394 10183 2566 3394 10184 4070 3395 10185 2568 3395 10186 4067 3395 10187 4067 3396 10188 2568 3396 10189 2567 3396 10190 3888 3397 10191 4071 3397 10192 4070 3397 10193 4071 3398 10194 2570 3398 10195 4070 3398 10196 2617 3399 10197 4071 3399 10198 3888 3399 10199 2623 3400 10200 3888 3400 10201 2626 3400 10202 2623 3401 10203 2617 3401 10204 3888 3401 10205 4074 3402 10206 4073 3402 10207 4072 3402 10208 4074 3403 10209 4072 3403 10210 3016 3403 10211 4074 3404 10212 2935 3404 10213 4073 3404 10214 4076 3405 10215 2937 3405 10216 2935 3405 10217 2935 3406 10218 4074 3406 10219 4076 3406 10220 4075 3407 10221 2944 3407 10222 2938 3407 10223 2938 3408 10224 2937 3408 10225 4075 3408 10226 2939 3409 10227 2944 3409 10228 4075 3409 10229 2939 3410 10230 4075 3410 10231 4076 3410 10232 4076 3411 10233 4074 3411 10234 2939 3411 10235 2937 3412 10236 4076 3412 10237 4075 3412 10238 3007 3413 10239 3006 3413 10240 3008 3413 10241 4077 3414 10242 3000 3414 10243 2999 3414 10244 2942 3415 10245 3000 3415 10246 4077 3415 10247 2942 3416 10248 3014 3416 10249 3000 3416 10250 4077 3417 10251 2999 3417 10252 4078 3417 10253 4078 3418 10254 2962 3418 10255 2961 3418 10256 4078 3419 10257 2961 3419 10258 2969 3419 10259 2945 3420 10260 4078 3420 10261 2969 3420 10262 4078 3421 10263 2945 3421 10264 4077 3421 10265 4078 3422 10266 2997 3422 10267 2962 3422 10268 2997 3423 10269 2963 3423 10270 2962 3423 10271 4077 3424 10272 2945 3424 10273 2942 3424 10274 2963 3425 10275 2990 3425 10276 2971 3425 10277 2971 3426 10278 2990 3426 10279 4079 3426 10280 4079 3427 10281 2990 3427 10282 4080 3427 10283 4080 3428 10284 2976 3428 10285 4079 3428 10286 4080 3429 10287 2986 3429 10288 2976 3429 10289 2976 3430 10290 2986 3430 10291 4081 3430 10292 2986 3431 10293 4082 3431 10294 4081 3431 10295 2975 3432 10296 2976 3432 10297 4081 3432 10298 4083 3433 10299 4081 3433 10300 4082 3433 10301 2975 3434 10302 4081 3434 10303 4083 3434 10304 4083 3435 10305 4082 3435 10306 2978 3435 10307 4083 3436 10308 2978 3436 10309 2977 3436 10310 3814 3437 10311 2975 3437 10312 4083 3437 10313 3814 3438 10314 4083 3438 10315 2977 3438 10316 4082 3439 10317 2983 3439 10318 2978 3439 10319 2984 3440 10320 2983 3440 10321 4082 3440 10322 2984 3441 10323 4082 3441 10324 2986 3441 10325 4079 3442 10326 2976 3442 10327 2974 3442 10328 2978 3443 10329 2983 3443 10330 2979 3443 10331 3812 3444 10332 2972 3444 10333 2973 3444 10334 4079 3445 10335 2972 3445 10336 2971 3445 10337 2954 3446 10338 2956 3446 10339 2955 3446 10340 2954 3447 10341 2966 3447 10342 2956 3447 10343 2954 3448 10344 4110 3448 10345 2952 3448 10346 2952 3449 10347 4110 3449 10348 4084 3449 10349 4084 3450 10350 2950 3450 10351 2952 3450 10352 2947 3451 10353 2945 3451 10354 2948 3451 10355 3028 3452 10356 2931 3452 10357 2930 3452 10358 2947 3453 10359 2929 3453 10360 2932 3453 10361 4084 3454 10362 4110 3454 10363 3030 3454 10364 4095 3455 10365 3031 3455 10366 4086 3455 10367 4085 3456 10368 4086 3456 10369 3030 3456 10370 4087 3457 10371 4095 3457 10372 4086 3457 10373 4092 3458 10374 4095 3458 10375 4087 3458 10376 4092 3459 10377 4087 3459 10378 4088 3459 10379 4092 3460 10380 4088 3460 10381 4091 3460 10382 4085 3461 10383 4088 3461 10384 4087 3461 10385 4089 3462 10386 4091 3462 10387 4088 3462 10388 4090 3463 10389 4091 3463 10390 4111 3463 10391 4092 3464 10392 4091 3464 10393 4090 3464 10394 4090 3465 10395 4093 3465 10396 4092 3465 10397 4090 3466 10398 4094 3466 10399 4093 3466 10400 4090 3467 10401 4111 3467 10402 4094 3467 10403 4096 3468 10404 4095 3468 10405 4092 3468 10406 4093 3469 10407 4096 3469 10408 4092 3469 10409 4096 3470 10410 2926 3470 10411 4095 3470 10412 4095 3471 10413 2926 3471 10414 3031 3471 10415 4094 3472 10416 4106 3472 10417 4097 3472 10418 4111 3473 10419 4106 3473 10420 4094 3473 10421 4093 3474 10422 4094 3474 10423 4098 3474 10424 4098 3475 10425 4094 3475 10426 4097 3475 10427 4098 3476 10428 4097 3476 10429 2916 3476 10430 2923 3477 10431 4098 3477 10432 2922 3477 10433 4098 3478 10434 2923 3478 10435 4093 3478 10436 2922 3479 10437 4098 3479 10438 2918 3479 10439 2918 3480 10440 4098 3480 10441 2916 3480 10442 4106 3481 10443 4099 3481 10444 4097 3481 10445 4097 3482 10446 4099 3482 10447 2914 3482 10448 2916 3483 10449 4097 3483 10450 2914 3483 10451 4099 3484 10452 4106 3484 10453 4104 3484 10454 4115 3485 10455 4099 3485 10456 4113 3485 10457 4099 3486 10458 4100 3486 10459 4113 3486 10460 4099 3487 10461 4115 3487 10462 2914 3487 10463 4100 3488 10464 4112 3488 10465 4113 3488 10466 4101 3489 10467 4112 3489 10468 4100 3489 10469 4102 3490 10470 4100 3490 10471 4103 3490 10472 4101 3491 10473 4100 3491 10474 4102 3491 10475 4101 3492 10476 4102 3492 10477 4110 3492 10478 4102 3493 10479 4103 3493 10480 4105 3493 10481 4104 3494 10482 4103 3494 10483 4100 3494 10484 4104 3495 10485 4105 3495 10486 4103 3495 10487 4106 3496 10488 4105 3496 10489 4104 3496 10490 4105 3497 10491 4109 3497 10492 4102 3497 10493 4109 3498 10494 4105 3498 10495 4108 3498 10496 4106 3499 10497 4108 3499 10498 4105 3499 10499 4107 3500 10500 4108 3500 10501 4106 3500 10502 4106 3501 10503 4111 3501 10504 4107 3501 10505 4109 3502 10506 4108 3502 10507 4089 3502 10508 4110 3503 10509 4102 3503 10510 4109 3503 10511 4110 3504 10512 4109 3504 10513 4089 3504 10514 4110 3505 10515 4089 3505 10516 4088 3505 10517 4089 3506 10518 4108 3506 10519 4091 3506 10520 4111 3507 10521 4091 3507 10522 4108 3507 10523 4111 3508 10524 4108 3508 10525 4107 3508 10526 4116 3509 10527 4112 3509 10528 4101 3509 10529 4116 3510 10530 4114 3510 10531 4112 3510 10532 4114 3511 10533 4113 3511 10534 4112 3511 10535 4115 3512 10536 4113 3512 10537 4114 3512 10538 2903 3513 10539 2904 3513 10540 4114 3513 10541 2903 3514 10542 4114 3514 10543 4116 3514 10544 2905 3515 10545 4114 3515 10546 2904 3515 10547 4115 3516 10548 4114 3516 10549 2905 3516 10550 4104 3517 10551 4100 3517 10552 4099 3517 10553 4085 3518 10554 4110 3518 10555 4088 3518 10556 4087 3519 10557 4086 3519 10558 4085 3519 10559 3030 3520 10560 4110 3520 10561 4085 3520 10562 3940 3521 10563 2925 3521 10564 2921 3521 10565 2903 3522 10566 2900 3522 10567 2912 3522 10568 2887 3523 10569 2886 3523 10570 2894 3523 10571 2891 3524 10572 2886 3524 10573 2888 3524 10574 2855 3525 10575 2889 3525 10576 2877 3525 10577 2876 3526 10578 2877 3526 10579 2881 3526 10580 2878 3527 10581 2876 3527 10582 2881 3527 10583 2880 3528 10584 2872 3528 10585 4117 3528 10586 2875 3529 10587 4117 3529 10588 2869 3529 10589 4117 3530 10590 2875 3530 10591 2879 3530 10592 2872 3531 10593 2869 3531 10594 4117 3531 10595 2877 3532 10596 2857 3532 10597 2855 3532 10598 2874 3533 10599 2862 3533 10600 4118 3533 10601 2873 3534 10602 2865 3534 10603 2862 3534 10604 2873 3535 10605 2866 3535 10606 2865 3535 10607 2868 3536 10608 3838 3536 10609 2783 3536 10610 2832 3537 10611 2866 3537 10612 2831 3537 10613 2862 3538 10614 2865 3538 10615 2864 3538 10616 2861 3539 10617 2863 3539 10618 4120 3539 10619 4121 3540 10620 4120 3540 10621 2863 3540 10622 4120 3541 10623 4119 3541 10624 2861 3541 10625 2860 3542 10626 4120 3542 10627 4121 3542 10628 4122 3543 10629 2860 3543 10630 4121 3543 10631 2860 3544 10632 4122 3544 10633 2858 3544 10634 4120 3545 10635 2860 3545 10636 4119 3545 10637 4122 3546 10638 4121 3546 10639 2838 3546 10640 2838 3547 10641 2852 3547 10642 4122 3547 10643 2852 3548 10644 2838 3548 10645 2845 3548 10646 2843 3549 10647 2841 3549 10648 2849 3549 10649 2845 3550 10650 2838 3550 10651 2844 3550 10652 2839 3551 10653 2840 3551 10654 2837 3551 10655 2839 3552 10656 2837 3552 10657 2836 3552 10658 2612 3553 10659 3975 3553 10660 3979 3553 10661 2612 3554 10662 3979 3554 10663 4123 3554 10664 4123 3555 10665 2830 3555 10666 4124 3555 10667 4124 3556 10668 2612 3556 10669 4123 3556 10670 4124 3557 10671 4125 3557 10672 2612 3557 10673 4125 3558 10674 2614 3558 10675 2612 3558 10676 2721 3559 10677 2720 3559 10678 2614 3559 10679 4125 3560 10680 2721 3560 10681 2614 3560 10682 2614 3561 10683 2720 3561 10684 2602 3561 10685 2614 3562 10686 2602 3562 10687 2615 3562 10688 2602 3563 10689 2600 3563 10690 2615 3563 10691 2721 3564 10692 4125 3564 10693 4124 3564 10694 2721 3565 10695 4124 3565 10696 2723 3565 10697 2769 3566 10698 2768 3566 10699 2767 3566 10700 2762 3567 10701 4126 3567 10702 2738 3567 10703 2762 3568 10704 4127 3568 10705 4126 3568 10706 4126 3569 10707 2739 3569 10708 2738 3569 10709 4128 3570 10710 4129 3570 10711 4127 3570 10712 4127 3571 10713 4129 3571 10714 4126 3571 10715 4129 3572 10716 2747 3572 10717 4126 3572 10718 4126 3573 10719 2747 3573 10720 4130 3573 10721 4130 3574 10722 2747 3574 10723 2741 3574 10724 2741 3575 10725 2747 3575 10726 2743 3575 10727 2741 3576 10728 2743 3576 10729 2742 3576 10730 2759 3577 10731 2747 3577 10732 4129 3577 10733 2757 3578 10734 2747 3578 10735 2759 3578 10736 2757 3579 10737 2752 3579 10738 2751 3579 10739 2751 3580 10740 2747 3580 10741 2757 3580 10742 2760 3581 10743 4129 3581 10744 4128 3581 10745 4127 3582 10746 2762 3582 10747 4128 3582 10748 2743 3583 10749 2747 3583 10750 2745 3583 10751 4131 3584 10752 4132 3584 10753 4133 3584 10754 2740 3585 10755 4131 3585 10756 4133 3585 10757 3973 3586 10758 2711 3586 10759 2710 3586 10760 4134 3587 10761 2701 3587 10762 2711 3587 10763 2711 3588 10764 2713 3588 10765 4134 3588 10766 2711 3589 10767 2701 3589 10768 2708 3589 10769 2705 3590 10770 2687 3590 10771 2684 3590 10772 2698 3591 10773 2703 3591 10774 2701 3591 10775 4131 3592 10776 2695 3592 10777 4132 3592 10778 2693 3593 10779 2694 3593 10780 2690 3593 10781 2686 3594 10782 2679 3594 10783 2685 3594 10784 2675 3595 10785 2668 3595 10786 3971 3595 10787 2668 3596 10788 2671 3596 10789 2674 3596 10790 2659 3597 10791 3565 3597 10792 2653 3597 10793 2657 3598 10794 2660 3598 10795 2658 3598 10796 4136 3599 10797 3997 3599 10798 4135 3599 10799 2631 3600 10800 3997 3600 10801 4136 3600 10802 4135 3601 10803 2644 3601 10804 4136 3601 10805 4136 3602 10806 2644 3602 10807 2641 3602 10808 2646 3603 10809 2645 3603 10810 4135 3603 10811 2643 3604 10812 2607 3604 10813 2608 3604 10814 2638 3605 10815 2640 3605 10816 2641 3605 10817 4136 3606 10818 2641 3606 10819 2640 3606 10820 2631 3607 10821 4136 3607 10822 2636 3607 10823 4136 3608 10824 2640 3608 10825 2636 3608 10826 2610 3609 10827 2622 3609 10828 2639 3609 10829 2639 3610 10830 2622 3610 10831 2628 3610 10832 2628 3611 10833 2634 3611 10834 2639 3611 10835 2639 3612 10836 2635 3612 10837 2637 3612 10838 2639 3613 10839 2634 3613 10840 2635 3613 10841 2634 3614 10842 2628 3614 10843 2632 3614 10844 2620 3615 10845 2615 3615 10846 2600 3615 10847 2583 3616 10848 2600 3616 10849 2598 3616 10850 2596 3617 10851 2583 3617 10852 2598 3617 10853 2590 3618 10854 2591 3618 10855 2592 3618 10856 2574 3619 10857 2578 3619 10858 2572 3619 10859 2519 3620 10860 2521 3620 10861 2569 3620 10862 2514 3621 10863 2508 3621 10864 2516 3621 10865 2499 3622 10866 2512 3622 10867 3063 3622 10868 2499 3623 10869 2511 3623 10870 2512 3623 10871 2510 3624 10872 4137 3624 10873 2508 3624 10874 2499 3625 10875 2501 3625 10876 2504 3625 10877 213 3626 10878 212 3626 10879 215 3626 10880 214 3627 10881 212 3627 10882 213 3627 10883 214 3628 10884 216 3628 10885 212 3628 10886 218 3629 10887 215 3629 10888 212 3629 10889 217 3630 10890 212 3630 10891 216 3630 10892 217 3631 10893 675 3631 10894 212 3631 10895 218 3632 10896 212 3632 10897 675 3632 10898 218 3633 10899 675 3633 10900 712 3633 10901 749 3634 10902 675 3634 10903 217 3634 10904 824 3635 10905 218 3635 10906 712 3635 10907 219 3636 10908 824 3636 10909 712 3636 10910 220 3637 10911 824 3637 10912 219 3637 10913 221 3638 10914 220 3638 10915 219 3638 10916 222 3639 10917 220 3639 10918 221 3639 10919 220 3640 10920 222 3640 10921 227 3640 10922 222 3641 10923 223 3641 10924 724 3641 10925 227 3642 10926 222 3642 10927 724 3642 10928 221 3643 10929 223 3643 10930 222 3643 10931 227 3644 10932 724 3644 10933 224 3644 10934 724 3645 10935 225 3645 10936 224 3645 10937 226 3646 10938 224 3646 10939 225 3646 10940 224 3647 10941 226 3647 10942 227 3647 10943 233 3648 10944 837 3648 10945 226 3648 10946 226 3649 10947 232 3649 10948 233 3649 10949 226 3650 10950 837 3650 10951 227 3650 10952 228 3651 10953 226 3651 10954 229 3651 10955 226 3652 10956 228 3652 10957 232 3652 10958 229 3653 10959 226 3653 10960 231 3653 10961 226 3654 10962 230 3654 10963 231 3654 10964 226 3655 10965 225 3655 10966 230 3655 10967 228 3656 10968 236 3656 10969 232 3656 10970 236 3657 10971 233 3657 10972 232 3657 10973 234 3658 10974 233 3658 10975 236 3658 10976 234 3659 10977 267 3659 10978 233 3659 10979 235 3660 10980 237 3660 10981 267 3660 10982 235 3661 10983 267 3661 10984 234 3661 10985 236 3662 10986 235 3662 10987 234 3662 10988 236 3663 10989 239 3663 10990 235 3663 10991 238 3664 10992 237 3664 10993 235 3664 10994 235 3665 10995 239 3665 10996 238 3665 10997 236 3666 10998 241 3666 10999 239 3666 11000 243 3667 11001 242 3667 11002 240 3667 11003 243 3668 11004 240 3668 11005 244 3668 11006 239 3669 11007 244 3669 11008 240 3669 11009 241 3670 11010 244 3670 11011 239 3670 11012 241 3671 11013 742 3671 11014 244 3671 11015 244 3672 11016 742 3672 11017 245 3672 11018 246 3673 11019 245 3673 11020 742 3673 11021 246 3674 11022 742 3674 11023 741 3674 11024 247 3675 11025 248 3675 11026 246 3675 11027 249 3676 11028 251 3676 11029 250 3676 11030 245 3677 11031 249 3677 11032 250 3677 11033 243 3678 11034 245 3678 11035 250 3678 11036 939 3679 11037 243 3679 11038 250 3679 11039 940 3680 11040 939 3680 11041 250 3680 11042 250 3681 11043 251 3681 11044 940 3681 11045 940 3682 11046 251 3682 11047 941 3682 11048 942 3683 11049 941 3683 11050 251 3683 11051 946 3684 11052 942 3684 11053 252 3684 11054 942 3685 11055 251 3685 11056 252 3685 11057 249 3686 11058 252 3686 11059 251 3686 11060 249 3687 11061 253 3687 11062 252 3687 11063 253 3688 11064 255 3688 11065 252 3688 11066 254 3689 11067 255 3689 11068 253 3689 11069 256 3690 11070 951 3690 11071 255 3690 11072 951 3691 11073 257 3691 11074 259 3691 11075 256 3692 11076 257 3692 11077 951 3692 11078 257 3693 11079 256 3693 11080 310 3693 11081 260 3694 11082 317 3694 11083 295 3694 11084 260 3695 11085 257 3695 11086 317 3695 11087 257 3696 11088 260 3696 11089 259 3696 11090 292 3697 11091 260 3697 11092 258 3697 11093 258 3698 11094 260 3698 11095 295 3698 11096 260 3699 11097 292 3699 11098 264 3699 11099 260 3700 11100 264 3700 11101 261 3700 11102 259 3701 11103 260 3701 11104 261 3701 11105 264 3702 11106 921 3702 11107 262 3702 11108 262 3703 11109 263 3703 11110 264 3703 11111 262 3704 11112 921 3704 11113 265 3704 11114 921 3705 11115 923 3705 11116 265 3705 11117 265 3706 11118 923 3706 11119 266 3706 11120 265 3707 11121 266 3707 11122 268 3707 11123 268 3708 11124 270 3708 11125 267 3708 11126 268 3709 11127 266 3709 11128 270 3709 11129 271 3710 11130 269 3710 11131 270 3710 11132 267 3711 11133 270 3711 11134 269 3711 11135 270 3712 11136 272 3712 11137 271 3712 11138 272 3713 11139 270 3713 11140 274 3713 11141 272 3714 11142 274 3714 11143 273 3714 11144 274 3715 11145 275 3715 11146 273 3715 11147 932 3716 11148 275 3716 11149 274 3716 11150 932 3717 11151 276 3717 11152 275 3717 11153 276 3718 11154 277 3718 11155 852 3718 11156 929 3719 11157 277 3719 11158 276 3719 11159 929 3720 11160 276 3720 11161 932 3720 11162 849 3721 11163 276 3721 11164 852 3721 11165 278 3722 11166 277 3722 11167 929 3722 11168 279 3723 11169 278 3723 11170 926 3723 11171 851 3724 11172 278 3724 11173 279 3724 11174 280 3725 11175 279 3725 11176 281 3725 11177 282 3726 11178 279 3726 11179 280 3726 11180 281 3727 11181 279 3727 11182 926 3727 11183 282 3728 11184 851 3728 11185 279 3728 11186 893 3729 11187 282 3729 11188 284 3729 11189 282 3730 11190 893 3730 11191 876 3730 11192 876 3731 11193 851 3731 11194 282 3731 11195 282 3732 11196 283 3732 11197 284 3732 11198 282 3733 11199 280 3733 11200 283 3733 11201 284 3734 11202 283 3734 11203 285 3734 11204 283 3735 11205 287 3735 11206 285 3735 11207 286 3736 11208 285 3736 11209 287 3736 11210 289 3737 11211 288 3737 11212 287 3737 11213 288 3738 11214 289 3738 11215 291 3738 11216 292 3739 11217 288 3739 11218 291 3739 11219 292 3740 11220 293 3740 11221 288 3740 11222 288 3741 11223 293 3741 11224 290 3741 11225 292 3742 11226 258 3742 11227 293 3742 11228 394 3743 11229 293 3743 11230 258 3743 11231 394 3744 11232 258 3744 11233 294 3744 11234 258 3745 11235 295 3745 11236 294 3745 11237 297 3746 11238 394 3746 11239 294 3746 11240 294 3747 11241 295 3747 11242 297 3747 11243 297 3748 11244 295 3748 11245 318 3748 11246 297 3749 11247 296 3749 11248 394 3749 11249 296 3750 11250 297 3750 11251 299 3750 11252 299 3751 11253 297 3751 11254 298 3751 11255 315 3752 11256 298 3752 11257 297 3752 11258 315 3753 11259 297 3753 11260 318 3753 11261 302 3754 11262 299 3754 11263 301 3754 11264 903 3755 11265 299 3755 11266 302 3755 11267 299 3756 11268 298 3756 11269 301 3756 11270 298 3757 11271 320 3757 11272 301 3757 11273 301 3758 11274 320 3758 11275 300 3758 11276 302 3759 11277 301 3759 11278 300 3759 11279 320 3760 11280 303 3760 11281 300 3760 11282 304 3761 11283 904 3761 11284 300 3761 11285 300 3762 11286 303 3762 11287 304 3762 11288 303 3763 11289 306 3763 11290 900 3763 11291 303 3764 11292 900 3764 11293 304 3764 11294 308 3765 11295 303 3765 11296 305 3765 11297 308 3766 11298 306 3766 11299 303 3766 11300 306 3767 11301 308 3767 11302 307 3767 11303 306 3768 11304 307 3768 11305 907 3768 11306 308 3769 11307 309 3769 11308 307 3769 11309 308 3770 11310 310 3770 11311 309 3770 11312 311 3771 11313 310 3771 11314 308 3771 11315 312 3772 11316 310 3772 11317 311 3772 11318 257 3773 11319 312 3773 11320 317 3773 11321 317 3774 11322 312 3774 11323 316 3774 11324 313 3775 11325 316 3775 11326 312 3775 11327 313 3776 11328 314 3776 11329 316 3776 11330 316 3777 11331 315 3777 11332 318 3777 11333 316 3778 11334 318 3778 11335 317 3778 11336 295 3779 11337 317 3779 11338 318 3779 11339 314 3780 11340 319 3780 11341 316 3780 11342 315 3781 11343 316 3781 11344 319 3781 11345 321 3782 11346 319 3782 11347 314 3782 11348 320 3783 11349 298 3783 11350 319 3783 11351 321 3784 11352 320 3784 11353 319 3784 11354 321 3785 11355 305 3785 11356 320 3785 11357 314 3786 11358 313 3786 11359 321 3786 11360 313 3787 11361 311 3787 11362 321 3787 11363 311 3788 11364 308 3788 11365 321 3788 11366 311 3789 11367 313 3789 11368 312 3789 11369 308 3790 11370 305 3790 11371 321 3790 11372 305 3791 11373 303 3791 11374 320 3791 11375 298 3792 11376 315 3792 11377 319 3792 11378 257 3793 11379 310 3793 11380 312 3793 11381 309 3794 11382 256 3794 11383 322 3794 11384 309 3795 11385 310 3795 11386 256 3795 11387 322 3796 11388 323 3796 11389 309 3796 11390 324 3797 11391 326 3797 11392 323 3797 11393 323 3798 11394 322 3798 11395 324 3798 11396 307 3799 11397 323 3799 11398 325 3799 11399 323 3800 11400 307 3800 11401 309 3800 11402 323 3801 11403 327 3801 11404 325 3801 11405 323 3802 11406 326 3802 11407 327 3802 11408 326 3803 11409 339 3803 11410 327 3803 11411 327 3804 11412 339 3804 11413 328 3804 11414 325 3805 11415 327 3805 11416 328 3805 11417 342 3806 11418 339 3806 11419 329 3806 11420 329 3807 11421 339 3807 11422 336 3807 11423 343 3808 11424 339 3808 11425 330 3808 11426 330 3809 11427 339 3809 11428 638 3809 11429 331 3810 11430 339 3810 11431 334 3810 11432 344 3811 11433 339 3811 11434 331 3811 11435 346 3812 11436 339 3812 11437 332 3812 11438 332 3813 11439 339 3813 11440 335 3813 11441 347 3814 11442 339 3814 11443 333 3814 11444 333 3815 11445 339 3815 11446 338 3815 11447 334 3816 11448 339 3816 11449 345 3816 11450 335 3817 11451 339 3817 11452 337 3817 11453 336 3818 11454 339 3818 11455 597 3818 11456 638 3819 11457 339 3819 11458 341 3819 11459 338 3820 11460 339 3820 11461 340 3820 11462 340 3821 11463 339 3821 11464 342 3821 11465 597 3822 11466 339 3822 11467 343 3822 11468 341 3823 11469 339 3823 11470 344 3823 11471 328 3824 11472 339 3824 11473 347 3824 11474 345 3825 11475 339 3825 11476 346 3825 11477 348 3826 11478 328 3826 11479 347 3826 11480 349 3827 11481 347 3827 11482 333 3827 11483 348 3828 11484 347 3828 11485 349 3828 11486 349 3829 11487 333 3829 11488 350 3829 11489 351 3830 11490 349 3830 11491 350 3830 11492 349 3831 11493 908 3831 11494 348 3831 11495 908 3832 11496 349 3832 11497 352 3832 11498 349 3833 11499 351 3833 11500 352 3833 11501 911 3834 11502 352 3834 11503 351 3834 11504 351 3835 11505 357 3835 11506 911 3835 11507 381 3836 11508 354 3836 11509 353 3836 11510 381 3837 11511 355 3837 11512 354 3837 11513 911 3838 11514 356 3838 11515 381 3838 11516 911 3839 11517 357 3839 11518 356 3839 11519 357 3840 11520 360 3840 11521 356 3840 11522 370 3841 11523 356 3841 11524 358 3841 11525 356 3842 11526 360 3842 11527 358 3842 11528 361 3843 11529 359 3843 11530 360 3843 11531 360 3844 11532 362 3844 11533 361 3844 11534 362 3845 11535 360 3845 11536 915 3845 11537 915 3846 11538 363 3846 11539 362 3846 11540 594 3847 11541 364 3847 11542 362 3847 11543 362 3848 11544 364 3848 11545 361 3848 11546 366 3849 11547 361 3849 11548 364 3849 11549 364 3850 11550 365 3850 11551 366 3850 11552 366 3851 11553 365 3851 11554 867 3851 11555 914 3852 11556 366 3852 11557 867 3852 11558 914 3853 11559 912 3853 11560 366 3853 11561 359 3854 11562 366 3854 11563 912 3854 11564 367 3855 11565 914 3855 11566 867 3855 11567 914 3856 11568 367 3856 11569 913 3856 11570 380 3857 11571 912 3857 11572 913 3857 11573 380 3858 11574 913 3858 11575 368 3858 11576 913 3859 11577 367 3859 11578 368 3859 11579 368 3860 11580 866 3860 11581 380 3860 11582 369 3861 11583 380 3861 11584 866 3861 11585 369 3862 11586 379 3862 11587 380 3862 11588 379 3863 11589 369 3863 11590 370 3863 11591 370 3864 11592 369 3864 11593 371 3864 11594 866 3865 11595 372 3865 11596 369 3865 11597 372 3866 11598 374 3866 11599 369 3866 11600 369 3867 11601 374 3867 11602 373 3867 11603 369 3868 11604 373 3868 11605 371 3868 11606 372 3869 11607 375 3869 11608 374 3869 11609 374 3870 11610 376 3870 11611 373 3870 11612 375 3871 11613 386 3871 11614 374 3871 11615 374 3872 11616 386 3872 11617 376 3872 11618 373 3873 11619 376 3873 11620 377 3873 11621 378 3874 11622 373 3874 11623 377 3874 11624 373 3875 11625 378 3875 11626 371 3875 11627 381 3876 11628 371 3876 11629 378 3876 11630 912 3877 11631 380 3877 11632 379 3877 11633 358 3878 11634 912 3878 11635 379 3878 11636 379 3879 11637 370 3879 11638 358 3879 11639 356 3880 11640 370 3880 11641 371 3880 11642 381 3881 11643 356 3881 11644 371 3881 11645 376 3882 11646 386 3882 11647 382 3882 11648 383 3883 11649 382 3883 11650 386 3883 11651 354 3884 11652 383 3884 11653 353 3884 11654 384 3885 11655 910 3885 11656 353 3885 11657 385 3886 11658 384 3886 11659 353 3886 11660 383 3887 11661 386 3887 11662 353 3887 11663 385 3888 11664 353 3888 11665 386 3888 11666 388 3889 11667 385 3889 11668 386 3889 11669 388 3890 11670 386 3890 11671 387 3890 11672 386 3891 11673 375 3891 11674 387 3891 11675 372 3892 11676 387 3892 11677 375 3892 11678 387 3893 11679 372 3893 11680 388 3893 11681 388 3894 11682 372 3894 11683 541 3894 11684 389 3895 11685 385 3895 11686 388 3895 11687 385 3896 11688 389 3896 11689 390 3896 11690 392 3897 11691 391 3897 11692 390 3897 11693 390 3898 11694 389 3898 11695 392 3898 11696 392 3899 11697 389 3899 11698 533 3899 11699 392 3900 11700 393 3900 11701 391 3900 11702 394 3901 11703 391 3901 11704 393 3901 11705 402 3902 11706 393 3902 11707 392 3902 11708 396 3903 11709 393 3903 11710 402 3903 11711 394 3904 11712 393 3904 11713 395 3904 11714 393 3905 11715 396 3905 11716 395 3905 11717 398 3906 11718 395 3906 11719 396 3906 11720 396 3907 11721 397 3907 11722 398 3907 11723 400 3908 11724 398 3908 11725 399 3908 11726 401 3909 11727 399 3909 11728 398 3909 11729 401 3910 11730 398 3910 11731 397 3910 11732 399 3911 11733 401 3911 11734 404 3911 11735 397 3912 11736 402 3912 11737 401 3912 11738 402 3913 11739 403 3913 11740 401 3913 11741 404 3914 11742 401 3914 11743 403 3914 11744 404 3915 11745 403 3915 11746 407 3915 11747 405 3916 11748 404 3916 11749 407 3916 11750 404 3917 11751 405 3917 11752 399 3917 11753 405 3918 11754 400 3918 11755 399 3918 11756 406 3919 11757 400 3919 11758 405 3919 11759 407 3920 11760 406 3920 11761 405 3920 11762 407 3921 11763 526 3921 11764 406 3921 11765 408 3922 11766 526 3922 11767 407 3922 11768 406 3923 11769 526 3923 11770 493 3923 11771 409 3924 11772 406 3924 11773 493 3924 11774 409 3925 11775 496 3925 11776 413 3925 11777 409 3926 11778 493 3926 11779 496 3926 11780 410 3927 11781 415 3927 11782 409 3927 11783 409 3928 11784 434 3928 11785 410 3928 11786 409 3929 11787 412 3929 11788 434 3929 11789 414 3930 11790 409 3930 11791 411 3930 11792 411 3931 11793 409 3931 11794 812 3931 11795 409 3932 11796 413 3932 11797 412 3932 11798 414 3933 11799 406 3933 11800 409 3933 11801 812 3934 11802 409 3934 11803 416 3934 11804 415 3935 11805 421 3935 11806 409 3935 11807 409 3936 11808 421 3936 11809 416 3936 11810 417 3937 11811 416 3937 11812 421 3937 11813 416 3938 11814 417 3938 11815 418 3938 11816 420 3939 11817 419 3939 11818 418 3939 11819 420 3940 11820 418 3940 11821 417 3940 11822 792 3941 11823 419 3941 11824 420 3941 11825 421 3942 11826 420 3942 11827 417 3942 11828 420 3943 11829 421 3943 11830 422 3943 11831 421 3944 11832 423 3944 11833 422 3944 11834 427 3945 11835 424 3945 11836 423 3945 11837 424 3946 11838 425 3946 11839 423 3946 11840 425 3947 11841 422 3947 11842 423 3947 11843 415 3948 11844 423 3948 11845 421 3948 11846 427 3949 11847 423 3949 11848 415 3949 11849 427 3950 11850 415 3950 11851 410 3950 11852 426 3951 11853 427 3951 11854 410 3951 11855 426 3952 11856 428 3952 11857 427 3952 11858 428 3953 11859 432 3953 11860 430 3953 11861 428 3954 11862 426 3954 11863 432 3954 11864 430 3955 11865 429 3955 11866 428 3955 11867 429 3956 11868 427 3956 11869 428 3956 11870 431 3957 11871 429 3957 11872 430 3957 11873 430 3958 11874 432 3958 11875 431 3958 11876 426 3959 11877 434 3959 11878 432 3959 11879 431 3960 11880 432 3960 11881 434 3960 11882 410 3961 11883 434 3961 11884 426 3961 11885 431 3962 11886 434 3962 11887 433 3962 11888 435 3963 11889 433 3963 11890 436 3963 11891 436 3964 11892 431 3964 11893 435 3964 11894 436 3965 11895 782 3965 11896 431 3965 11897 436 3966 11898 433 3966 11899 874 3966 11900 874 3967 11901 437 3967 11902 438 3967 11903 438 3968 11904 439 3968 11905 780 3968 11906 778 3969 11907 439 3969 11908 440 3969 11909 440 3970 11910 439 3970 11911 441 3970 11912 439 3971 11913 778 3971 11914 780 3971 11915 437 3972 11916 439 3972 11917 438 3972 11918 437 3973 11919 441 3973 11920 439 3973 11921 444 3974 11922 441 3974 11923 442 3974 11924 441 3975 11925 443 3975 11926 442 3975 11927 437 3976 11928 443 3976 11929 441 3976 11930 440 3977 11931 441 3977 11932 445 3977 11933 445 3978 11934 441 3978 11935 444 3978 11936 446 3979 11937 440 3979 11938 445 3979 11939 446 3980 11940 445 3980 11941 447 3980 11942 447 3981 11943 445 3981 11944 444 3981 11945 447 3982 11946 444 3982 11947 448 3982 11948 448 3983 11949 449 3983 11950 450 3983 11951 448 3984 11952 444 3984 11953 449 3984 11954 442 3985 11955 449 3985 11956 444 3985 11957 524 3986 11958 451 3986 11959 449 3986 11960 449 3987 11961 442 3987 11962 524 3987 11963 449 3988 11964 452 3988 11965 450 3988 11966 452 3989 11967 449 3989 11968 451 3989 11969 453 3990 11970 456 3990 11971 452 3990 11972 453 3991 11973 452 3991 11974 451 3991 11975 522 3992 11976 456 3992 11977 453 3992 11978 456 3993 11979 454 3993 11980 458 3993 11981 456 3994 11982 455 3994 11983 454 3994 11984 522 3995 11985 455 3995 11986 456 3995 11987 457 3996 11988 456 3996 11989 458 3996 11990 459 3997 11991 457 3997 11992 458 3997 11993 459 3998 11994 458 3998 11995 460 3998 11996 457 3999 11997 459 3999 11998 461 3999 11999 464 4000 12000 461 4000 12001 462 4000 12002 462 4001 12003 461 4001 12004 463 4001 12005 462 4002 12006 463 4002 12007 507 4002 12008 464 4003 12009 462 4003 12010 478 4003 12011 478 4004 12012 462 4004 12013 507 4004 12014 465 4005 12015 461 4005 12016 464 4005 12017 467 4006 12018 466 4006 12019 465 4006 12020 465 4007 12021 466 4007 12022 461 4007 12023 447 4008 12024 448 4008 12025 467 4008 12026 467 4009 12027 448 4009 12028 466 4009 12029 468 4010 12030 447 4010 12031 467 4010 12032 469 4011 12033 447 4011 12034 468 4011 12035 468 4012 12036 472 4012 12037 469 4012 12038 468 4013 12039 470 4013 12040 471 4013 12041 470 4014 12042 468 4014 12043 467 4014 12044 474 4015 12045 468 4015 12046 471 4015 12047 468 4016 12048 473 4016 12049 472 4016 12050 473 4017 12051 468 4017 12052 474 4017 12053 475 4018 12054 576 4018 12055 607 4018 12056 607 4019 12057 467 4019 12058 475 4019 12059 467 4020 12060 607 4020 12061 470 4020 12062 465 4021 12063 475 4021 12064 467 4021 12065 475 4022 12066 465 4022 12067 476 4022 12068 464 4023 12069 476 4023 12070 465 4023 12071 476 4024 12072 464 4024 12073 477 4024 12074 477 4025 12075 464 4025 12076 478 4025 12077 478 4026 12078 507 4026 12079 479 4026 12080 479 4027 12081 480 4027 12082 478 4027 12083 479 4028 12084 507 4028 12085 547 4028 12086 507 4029 12087 481 4029 12088 547 4029 12089 507 4030 12090 482 4030 12091 481 4030 12092 547 4031 12093 481 4031 12094 545 4031 12095 516 4032 12096 481 4032 12097 482 4032 12098 545 4033 12099 481 4033 12100 516 4033 12101 484 4034 12102 545 4034 12103 483 4034 12104 546 4035 12105 484 4035 12106 485 4035 12107 484 4036 12108 486 4036 12109 485 4036 12110 514 4037 12111 484 4037 12112 483 4037 12113 518 4038 12114 484 4038 12115 513 4038 12116 518 4039 12117 487 4039 12118 484 4039 12119 513 4040 12120 484 4040 12121 514 4040 12122 484 4041 12123 487 4041 12124 486 4041 12125 487 4042 12126 518 4042 12127 488 4042 12128 487 4043 12129 488 4043 12130 489 4043 12131 490 4044 12132 492 4044 12133 491 4044 12134 490 4045 12135 527 4045 12136 492 4045 12137 490 4046 12138 489 4046 12139 494 4046 12140 494 4047 12141 527 4047 12142 490 4047 12143 494 4048 12144 493 4048 12145 527 4048 12146 489 4049 12147 517 4049 12148 494 4049 12149 494 4050 12150 517 4050 12151 495 4050 12152 495 4051 12153 493 4051 12154 494 4051 12155 496 4052 12156 493 4052 12157 495 4052 12158 496 4053 12159 495 4053 12160 497 4053 12161 500 4054 12162 498 4054 12163 496 4054 12164 496 4055 12165 497 4055 12166 500 4055 12167 498 4056 12168 455 4056 12169 499 4056 12170 500 4057 12171 502 4057 12172 498 4057 12173 502 4058 12174 455 4058 12175 498 4058 12176 500 4059 12177 501 4059 12178 503 4059 12179 500 4060 12180 503 4060 12181 502 4060 12182 503 4061 12183 454 4061 12184 502 4061 12185 503 4062 12186 460 4062 12187 454 4062 12188 458 4063 12189 454 4063 12190 460 4063 12191 455 4064 12192 502 4064 12193 454 4064 12194 459 4065 12195 501 4065 12196 506 4065 12197 501 4066 12198 459 4066 12199 503 4066 12200 505 4067 12201 501 4067 12202 504 4067 12203 500 4068 12204 504 4068 12205 501 4068 12206 506 4069 12207 501 4069 12208 505 4069 12209 506 4070 12210 463 4070 12211 461 4070 12212 506 4071 12213 461 4071 12214 459 4071 12215 463 4072 12216 506 4072 12217 507 4072 12218 507 4073 12219 506 4073 12220 505 4073 12221 507 4074 12222 505 4074 12223 508 4074 12224 507 4075 12225 508 4075 12226 482 4075 12227 509 4076 12228 510 4076 12229 508 4076 12230 505 4077 12231 509 4077 12232 508 4077 12233 482 4078 12234 508 4078 12235 510 4078 12236 482 4079 12237 510 4079 12238 516 4079 12239 511 4080 12240 515 4080 12241 510 4080 12242 510 4081 12243 509 4081 12244 511 4081 12245 509 4082 12246 512 4082 12247 511 4082 12248 513 4083 12249 512 4083 12250 517 4083 12251 512 4084 12252 513 4084 12253 514 4084 12254 512 4085 12255 514 4085 12256 511 4085 12257 515 4086 12258 511 4086 12259 514 4086 12260 516 4087 12261 515 4087 12262 483 4087 12263 514 4088 12264 483 4088 12265 515 4088 12266 516 4089 12267 483 4089 12268 545 4089 12269 515 4090 12270 516 4090 12271 510 4090 12272 518 4091 12273 513 4091 12274 517 4091 12275 497 4092 12276 517 4092 12277 512 4092 12278 509 4093 12279 497 4093 12280 512 4093 12281 505 4094 12282 504 4094 12283 509 4094 12284 504 4095 12285 497 4095 12286 509 4095 12287 500 4096 12288 497 4096 12289 504 4096 12290 460 4097 12291 503 4097 12292 459 4097 12293 455 4098 12294 520 4098 12295 499 4098 12296 520 4099 12297 519 4099 12298 499 4099 12299 499 4100 12300 519 4100 12301 498 4100 12302 496 4101 12303 519 4101 12304 413 4101 12305 498 4102 12306 519 4102 12307 496 4102 12308 520 4103 12309 521 4103 12310 519 4103 12311 443 4104 12312 519 4104 12313 521 4104 12314 413 4105 12315 519 4105 12316 443 4105 12317 521 4106 12318 520 4106 12319 522 4106 12320 521 4107 12321 522 4107 12322 443 4107 12323 443 4108 12324 522 4108 12325 523 4108 12326 453 4109 12327 523 4109 12328 522 4109 12329 453 4110 12330 524 4110 12331 523 4110 12332 451 4111 12333 524 4111 12334 453 4111 12335 524 4112 12336 443 4112 12337 523 4112 12338 442 4113 12339 443 4113 12340 524 4113 12341 522 4114 12342 520 4114 12343 455 4114 12344 517 4115 12345 497 4115 12346 495 4115 12347 518 4116 12348 517 4116 12349 488 4116 12350 488 4117 12351 517 4117 12352 489 4117 12353 493 4118 12354 526 4118 12355 527 4118 12356 528 4119 12357 527 4119 12358 529 4119 12359 530 4120 12360 529 4120 12361 527 4120 12362 530 4121 12363 527 4121 12364 526 4121 12365 525 4122 12366 530 4122 12367 526 4122 12368 531 4123 12369 529 4123 12370 530 4123 12371 530 4124 12372 873 4124 12373 531 4124 12374 531 4125 12375 873 4125 12376 532 4125 12377 873 4126 12378 533 4126 12379 532 4126 12380 534 4127 12381 532 4127 12382 533 4127 12383 532 4128 12384 534 4128 12385 536 4128 12386 534 4129 12387 533 4129 12388 535 4129 12389 534 4130 12390 528 4130 12391 529 4130 12392 529 4131 12393 536 4131 12394 534 4131 12395 535 4132 12396 537 4132 12397 534 4132 12398 528 4133 12399 534 4133 12400 537 4133 12401 492 4134 12402 537 4134 12403 538 4134 12404 539 4135 12405 538 4135 12406 537 4135 12407 539 4136 12408 537 4136 12409 535 4136 12410 528 4137 12411 537 4137 12412 492 4137 12413 540 4138 12414 541 4138 12415 539 4138 12416 535 4139 12417 540 4139 12418 539 4139 12419 541 4140 12420 538 4140 12421 539 4140 12422 542 4141 12423 543 4141 12424 541 4141 12425 543 4142 12426 538 4142 12427 541 4142 12428 542 4143 12429 541 4143 12430 864 4143 12431 388 4144 12432 541 4144 12433 540 4144 12434 544 4145 12435 542 4145 12436 864 4145 12437 548 4146 12438 545 4146 12439 544 4146 12440 545 4147 12441 546 4147 12442 544 4147 12443 544 4148 12444 546 4148 12445 542 4148 12446 547 4149 12447 545 4149 12448 548 4149 12449 548 4150 12450 544 4150 12451 865 4150 12452 865 4151 12453 549 4151 12454 548 4151 12455 548 4152 12456 549 4152 12457 553 4152 12458 550 4153 12459 549 4153 12460 551 4153 12461 550 4154 12462 552 4154 12463 549 4154 12464 865 4155 12465 551 4155 12466 549 4155 12467 549 4156 12468 552 4156 12469 553 4156 12470 548 4157 12471 553 4157 12472 547 4157 12473 553 4158 12474 552 4158 12475 554 4158 12476 547 4159 12477 553 4159 12478 554 4159 12479 557 4160 12480 555 4160 12481 552 4160 12482 556 4161 12483 555 4161 12484 566 4161 12485 552 4162 12486 365 4162 12487 557 4162 12488 365 4163 12489 364 4163 12490 558 4163 12491 365 4164 12492 558 4164 12493 557 4164 12494 550 4165 12495 365 4165 12496 552 4165 12497 564 4166 12498 558 4166 12499 559 4166 12500 557 4167 12501 558 4167 12502 564 4167 12503 559 4168 12504 558 4168 12505 561 4168 12506 561 4169 12507 558 4169 12508 560 4169 12509 561 4170 12510 560 4170 12511 593 4170 12512 561 4171 12513 570 4171 12514 559 4171 12515 561 4172 12516 562 4172 12517 570 4172 12518 559 4173 12519 570 4173 12520 563 4173 12521 559 4174 12522 565 4174 12523 564 4174 12524 565 4175 12525 559 4175 12526 563 4175 12527 568 4176 12528 566 4176 12529 565 4176 12530 568 4177 12531 565 4177 12532 571 4177 12533 571 4178 12534 565 4178 12535 563 4178 12536 556 4179 12537 566 4179 12538 568 4179 12539 556 4180 12540 554 4180 12541 555 4180 12542 567 4181 12543 556 4181 12544 569 4181 12545 569 4182 12546 556 4182 12547 568 4182 12548 571 4183 12549 569 4183 12550 568 4183 12551 570 4184 12552 572 4184 12553 571 4184 12554 570 4185 12555 562 4185 12556 572 4185 12557 572 4186 12558 562 4186 12559 582 4186 12560 582 4187 12561 587 4187 12562 572 4187 12563 587 4188 12564 573 4188 12565 862 4188 12566 573 4189 12567 480 4189 12568 862 4189 12569 480 4190 12570 479 4190 12571 863 4190 12572 574 4191 12573 480 4191 12574 573 4191 12575 477 4192 12576 478 4192 12577 574 4192 12578 574 4193 12579 478 4193 12580 480 4193 12581 575 4194 12582 477 4194 12583 574 4194 12584 577 4195 12585 575 4195 12586 585 4195 12587 575 4196 12588 574 4196 12589 585 4196 12590 575 4197 12591 576 4197 12592 476 4197 12593 575 4198 12594 577 4198 12595 576 4198 12596 575 4199 12597 476 4199 12598 477 4199 12599 579 4200 12600 577 4200 12601 583 4200 12602 578 4201 12603 577 4201 12604 579 4201 12605 595 4202 12606 578 4202 12607 579 4202 12608 595 4203 12609 579 4203 12610 580 4203 12611 581 4204 12612 580 4204 12613 579 4204 12614 581 4205 12615 579 4205 12616 583 4205 12617 562 4206 12618 581 4206 12619 582 4206 12620 581 4207 12621 583 4207 12622 587 4207 12623 584 4208 12624 583 4208 12625 585 4208 12626 584 4209 12627 587 4209 12628 583 4209 12629 587 4210 12630 584 4210 12631 586 4210 12632 574 4211 12633 584 4211 12634 585 4211 12635 584 4212 12636 574 4212 12637 586 4212 12638 586 4213 12639 573 4213 12640 587 4213 12641 586 4214 12642 574 4214 12643 573 4214 12644 563 4215 12645 570 4215 12646 571 4215 12647 581 4216 12648 587 4216 12649 582 4216 12650 583 4217 12651 577 4217 12652 585 4217 12653 588 4218 12654 581 4218 12655 562 4218 12656 593 4219 12657 588 4219 12658 561 4219 12659 561 4220 12660 588 4220 12661 562 4220 12662 580 4221 12663 581 4221 12664 588 4221 12665 590 4222 12666 580 4222 12667 588 4222 12668 590 4223 12669 589 4223 12670 580 4223 12671 589 4224 12672 590 4224 12673 591 4224 12674 329 4225 12675 591 4225 12676 592 4225 12677 593 4226 12678 592 4226 12679 591 4226 12680 336 4227 12681 589 4227 12682 591 4227 12683 336 4228 12684 591 4228 12685 329 4228 12686 593 4229 12687 591 4229 12688 590 4229 12689 592 4230 12690 593 4230 12691 560 4230 12692 560 4231 12693 364 4231 12694 594 4231 12695 560 4232 12696 558 4232 12697 364 4232 12698 363 4233 12699 594 4233 12700 362 4233 12701 592 4234 12702 594 4234 12703 363 4234 12704 594 4235 12705 592 4235 12706 560 4235 12707 342 4236 12708 592 4236 12709 363 4236 12710 329 4237 12711 592 4237 12712 342 4237 12713 588 4238 12714 593 4238 12715 590 4238 12716 589 4239 12717 595 4239 12718 580 4239 12719 589 4240 12720 596 4240 12721 595 4240 12722 595 4241 12723 596 4241 12724 599 4241 12725 596 4242 12726 589 4242 12727 597 4242 12728 596 4243 12729 598 4243 12730 627 4243 12731 596 4244 12732 627 4244 12733 599 4244 12734 343 4245 12735 596 4245 12736 597 4245 12737 343 4246 12738 598 4246 12739 596 4246 12740 599 4247 12741 600 4247 12742 578 4247 12743 637 4248 12744 600 4248 12745 599 4248 12746 637 4249 12747 599 4249 12748 627 4249 12749 601 4250 12750 578 4250 12751 600 4250 12752 603 4251 12753 602 4251 12754 601 4251 12755 600 4252 12756 603 4252 12757 601 4252 12758 603 4253 12759 600 4253 12760 605 4253 12761 637 4254 12762 604 4254 12763 636 4254 12764 637 4255 12765 636 4255 12766 605 4255 12767 612 4256 12768 636 4256 12769 604 4256 12770 610 4257 12771 603 4257 12772 605 4257 12773 605 4258 12774 636 4258 12775 610 4258 12776 602 4259 12777 606 4259 12778 607 4259 12779 608 4260 12780 607 4260 12781 606 4260 12782 603 4261 12783 609 4261 12784 606 4261 12785 608 4262 12786 606 4262 12787 609 4262 12788 471 4263 12789 608 4263 12790 609 4263 12791 470 4264 12792 608 4264 12793 471 4264 12794 610 4265 12795 471 4265 12796 609 4265 12797 609 4266 12798 603 4266 12799 610 4266 12800 860 4267 12801 612 4267 12802 634 4267 12803 634 4268 12804 613 4268 12805 860 4268 12806 614 4269 12807 859 4269 12808 613 4269 12809 614 4270 12810 474 4270 12811 859 4270 12812 615 4271 12813 474 4271 12814 614 4271 12815 615 4272 12816 614 4272 12817 631 4272 12818 615 4273 12819 473 4273 12820 474 4273 12821 473 4274 12822 615 4274 12823 472 4274 12824 615 4275 12825 469 4275 12826 472 4275 12827 629 4276 12828 617 4276 12829 615 4276 12830 615 4277 12831 631 4277 12832 629 4277 12833 617 4278 12834 469 4278 12835 615 4278 12836 617 4279 12837 616 4279 12838 469 4279 12839 616 4280 12840 618 4280 12841 776 4280 12842 616 4281 12843 617 4281 12844 618 4281 12845 620 4282 12846 619 4282 12847 618 4282 12848 618 4283 12849 617 4283 12850 620 4283 12851 617 4284 12852 770 4284 12853 620 4284 12854 771 4285 12855 759 4285 12856 770 4285 12857 620 4286 12858 770 4286 12859 759 4286 12860 617 4287 12861 621 4287 12862 770 4287 12863 621 4288 12864 622 4288 12865 643 4288 12866 622 4289 12867 621 4289 12868 623 4289 12869 624 4290 12870 622 4290 12871 623 4290 12872 640 4291 12873 622 4291 12874 624 4291 12875 626 4292 12876 625 4292 12877 624 4292 12878 598 4293 12879 625 4293 12880 626 4293 12881 627 4294 12882 626 4294 12883 628 4294 12884 637 4295 12885 628 4295 12886 604 4295 12887 627 4296 12888 628 4296 12889 637 4296 12890 631 4297 12891 630 4297 12892 629 4297 12893 634 4298 12894 629 4298 12895 630 4298 12896 623 4299 12897 629 4299 12898 634 4299 12899 623 4300 12900 621 4300 12901 629 4300 12902 632 4301 12903 630 4301 12904 631 4301 12905 633 4302 12906 632 4302 12907 635 4302 12908 632 4303 12909 633 4303 12910 630 4303 12911 634 4304 12912 630 4304 12913 633 4304 12914 604 4305 12915 628 4305 12916 634 4305 12917 604 4306 12918 634 4306 12919 612 4306 12920 633 4307 12921 635 4307 12922 613 4307 12923 633 4308 12924 613 4308 12925 634 4308 12926 613 4309 12927 635 4309 12928 614 4309 12929 635 4310 12930 631 4310 12931 614 4310 12932 621 4311 12933 617 4311 12934 629 4311 12935 632 4312 12936 631 4312 12937 635 4312 12938 612 4313 12939 611 4313 12940 636 4313 12941 610 4314 12942 636 4314 12943 611 4314 12944 623 4315 12945 634 4315 12946 628 4315 12947 624 4316 12948 628 4316 12949 626 4316 12950 628 4317 12951 624 4317 12952 623 4317 12953 598 4318 12954 626 4318 12955 627 4318 12956 638 4319 12957 625 4319 12958 330 4319 12959 330 4320 12960 625 4320 12961 641 4320 12962 639 4321 12963 625 4321 12964 638 4321 12965 625 4322 12966 598 4322 12967 641 4322 12968 625 4323 12969 639 4323 12970 640 4323 12971 625 4324 12972 640 4324 12973 624 4324 12974 330 4325 12975 641 4325 12976 598 4325 12977 640 4326 12978 639 4326 12979 642 4326 12980 642 4327 12981 622 4327 12982 640 4327 12983 642 4328 12984 643 4328 12985 622 4328 12986 768 4329 12987 643 4329 12988 642 4329 12989 768 4330 12990 642 4330 12991 644 4330 12992 639 4331 12993 644 4331 12994 642 4331 12995 639 4332 12996 645 4332 12997 644 4332 12998 344 4333 12999 645 4333 13000 341 4333 13001 344 4334 13002 646 4334 13003 645 4334 13004 645 4335 13005 646 4335 13006 647 4335 13007 645 4336 13008 647 4336 13009 644 4336 13010 644 4337 13011 647 4337 13012 648 4337 13013 649 4338 13014 648 4338 13015 647 4338 13016 648 4339 13017 649 4339 13018 650 4339 13019 650 4340 13020 651 4340 13021 648 4340 13022 650 4341 13023 652 4341 13024 651 4341 13025 651 4342 13026 652 4342 13027 653 4342 13028 655 4343 13029 652 4343 13030 658 4343 13031 655 4344 13032 653 4344 13033 652 4344 13034 654 4345 13035 653 4345 13036 655 4345 13037 655 4346 13038 755 4346 13039 654 4346 13040 657 4347 13041 655 4347 13042 656 4347 13043 657 4348 13044 755 4348 13045 655 4348 13046 656 4349 13047 655 4349 13048 658 4349 13049 658 4350 13050 751 4350 13051 659 4350 13052 658 4351 13053 659 4351 13054 656 4351 13055 857 4352 13056 751 4352 13057 658 4352 13058 650 4353 13059 857 4353 13060 652 4353 13061 660 4354 13062 857 4354 13063 650 4354 13064 661 4355 13065 660 4355 13066 650 4355 13067 661 4356 13068 650 4356 13069 649 4356 13070 647 4357 13071 646 4357 13072 649 4357 13073 646 4358 13074 661 4358 13075 649 4358 13076 646 4359 13077 858 4359 13078 661 4359 13079 661 4360 13080 858 4360 13081 662 4360 13082 662 4361 13083 660 4361 13084 661 4361 13085 662 4362 13086 663 4362 13087 660 4362 13088 664 4363 13089 660 4363 13090 663 4363 13091 678 4364 13092 663 4364 13093 662 4364 13094 663 4365 13095 665 4365 13096 664 4365 13097 663 4366 13098 666 4366 13099 665 4366 13100 666 4367 13101 667 4367 13102 665 4367 13103 667 4368 13104 666 4368 13105 668 4368 13106 668 4369 13107 669 4369 13108 667 4369 13109 748 4370 13110 670 4370 13111 669 4370 13112 670 4371 13113 673 4371 13114 669 4371 13115 673 4372 13116 667 4372 13117 669 4372 13118 667 4373 13119 671 4373 13120 665 4373 13121 673 4374 13122 671 4374 13123 667 4374 13124 672 4375 13125 671 4375 13126 674 4375 13127 674 4376 13128 671 4376 13129 673 4376 13130 675 4377 13131 674 4377 13132 706 4377 13133 675 4378 13134 672 4378 13135 674 4378 13136 706 4379 13137 674 4379 13138 676 4379 13139 674 4380 13140 673 4380 13141 676 4380 13142 676 4381 13143 673 4381 13144 670 4381 13145 677 4382 13146 676 4382 13147 670 4382 13148 677 4383 13149 680 4383 13150 708 4383 13151 681 4384 13152 708 4384 13153 680 4384 13154 713 4385 13155 707 4385 13156 681 4385 13157 708 4386 13158 681 4386 13159 707 4386 13160 713 4387 13161 681 4387 13162 696 4387 13163 679 4388 13164 680 4388 13165 677 4388 13166 677 4389 13167 748 4389 13168 679 4389 13169 678 4390 13170 680 4390 13171 679 4390 13172 680 4391 13173 682 4391 13174 681 4391 13175 678 4392 13176 682 4392 13177 680 4392 13178 678 4393 13179 683 4393 13180 682 4393 13181 747 4394 13182 683 4394 13183 678 4394 13184 747 4395 13185 684 4395 13186 683 4395 13187 685 4396 13188 683 4396 13189 684 4396 13190 334 4397 13191 685 4397 13192 684 4397 13193 345 4398 13194 685 4398 13195 334 4398 13196 683 4399 13197 685 4399 13198 698 4399 13199 685 4400 13200 345 4400 13201 686 4400 13202 686 4401 13203 687 4401 13204 685 4401 13205 685 4402 13206 687 4402 13207 698 4402 13208 687 4403 13209 686 4403 13210 688 4403 13211 686 4404 13212 689 4404 13213 688 4404 13214 734 4405 13215 688 4405 13216 689 4405 13217 734 4406 13218 690 4406 13219 688 4406 13220 691 4407 13221 690 4407 13222 734 4407 13223 688 4408 13224 690 4408 13225 692 4408 13226 703 4409 13227 692 4409 13228 690 4409 13229 692 4410 13230 703 4410 13231 694 4410 13232 694 4411 13233 703 4411 13234 701 4411 13235 693 4412 13236 694 4412 13237 695 4412 13238 701 4413 13239 695 4413 13240 694 4413 13241 704 4414 13242 695 4414 13243 701 4414 13244 681 4415 13245 693 4415 13246 696 4415 13247 682 4416 13248 693 4416 13249 681 4416 13250 682 4417 13251 683 4417 13252 693 4417 13253 693 4418 13254 697 4418 13255 694 4418 13256 698 4419 13257 692 4419 13258 697 4419 13259 694 4420 13260 697 4420 13261 692 4420 13262 693 4421 13263 698 4421 13264 697 4421 13265 687 4422 13266 692 4422 13267 698 4422 13268 698 4423 13269 693 4423 13270 683 4423 13271 693 4424 13272 695 4424 13273 696 4424 13274 696 4425 13275 695 4425 13276 699 4425 13277 700 4426 13278 699 4426 13279 695 4426 13280 700 4427 13281 695 4427 13282 704 4427 13283 701 4428 13284 223 4428 13285 221 4428 13286 701 4429 13287 703 4429 13288 223 4429 13289 701 4430 13290 221 4430 13291 702 4430 13292 700 4431 13293 704 4431 13294 709 4431 13295 711 4432 13296 709 4432 13297 704 4432 13298 709 4433 13299 710 4433 13300 705 4433 13301 706 4434 13302 705 4434 13303 710 4434 13304 706 4435 13305 713 4435 13306 705 4435 13307 713 4436 13308 706 4436 13309 707 4436 13310 707 4437 13311 676 4437 13312 708 4437 13313 706 4438 13314 676 4438 13315 707 4438 13316 676 4439 13317 677 4439 13318 708 4439 13319 710 4440 13320 675 4440 13321 706 4440 13322 711 4441 13323 710 4441 13324 709 4441 13325 711 4442 13326 712 4442 13327 710 4442 13328 702 4443 13329 712 4443 13330 711 4443 13331 701 4444 13332 702 4444 13333 711 4444 13334 711 4445 13335 704 4445 13336 701 4445 13337 702 4446 13338 219 4446 13339 712 4446 13340 221 4447 13341 219 4447 13342 702 4447 13343 675 4448 13344 710 4448 13345 712 4448 13346 696 4449 13347 705 4449 13348 713 4449 13349 699 4450 13350 700 4450 13351 705 4450 13352 699 4451 13353 705 4451 13354 696 4451 13355 709 4452 13356 705 4452 13357 700 4452 13358 223 4453 13359 703 4453 13360 714 4453 13361 714 4454 13362 690 4454 13363 715 4454 13364 715 4455 13365 690 4455 13366 691 4455 13367 714 4456 13368 715 4456 13369 717 4456 13370 717 4457 13371 724 4457 13372 714 4457 13373 717 4458 13374 716 4458 13375 724 4458 13376 717 4459 13377 718 4459 13378 716 4459 13379 718 4460 13380 717 4460 13381 715 4460 13382 691 4461 13383 718 4461 13384 715 4461 13385 746 4462 13386 733 4462 13387 722 4462 13388 733 4463 13389 721 4463 13390 722 4463 13391 733 4464 13392 732 4464 13393 721 4464 13394 720 4465 13395 721 4465 13396 732 4465 13397 726 4466 13398 729 4466 13399 727 4466 13400 726 4467 13401 727 4467 13402 236 4467 13403 726 4468 13404 229 4468 13405 719 4468 13406 236 4469 13407 229 4469 13408 726 4469 13409 720 4470 13410 719 4470 13411 721 4470 13412 231 4471 13413 721 4471 13414 719 4471 13415 231 4472 13416 722 4472 13417 721 4472 13418 722 4473 13419 231 4473 13420 723 4473 13421 725 4474 13422 716 4474 13423 723 4474 13424 231 4475 13425 725 4475 13426 723 4475 13427 724 4476 13428 716 4476 13429 725 4476 13430 230 4477 13431 724 4477 13432 725 4477 13433 225 4478 13434 724 4478 13435 230 4478 13436 723 4479 13437 716 4479 13438 718 4479 13439 723 4480 13440 718 4480 13441 722 4480 13442 722 4481 13443 718 4481 13444 746 4481 13445 230 4482 13446 725 4482 13447 231 4482 13448 720 4483 13449 729 4483 13450 726 4483 13451 719 4484 13452 720 4484 13453 726 4484 13454 229 4485 13455 231 4485 13456 719 4485 13457 236 4486 13458 228 4486 13459 229 4486 13460 236 4487 13461 727 4487 13462 745 4487 13463 729 4488 13464 728 4488 13465 727 4488 13466 728 4489 13467 729 4489 13468 730 4489 13469 731 4490 13470 730 4490 13471 729 4490 13472 734 4491 13473 732 4491 13474 733 4491 13475 732 4492 13476 735 4492 13477 731 4492 13478 734 4493 13479 735 4493 13480 732 4493 13481 737 4494 13482 735 4494 13483 738 4494 13484 735 4495 13485 737 4495 13486 736 4495 13487 735 4496 13488 689 4496 13489 738 4496 13490 740 4497 13491 738 4497 13492 739 4497 13493 739 4498 13494 332 4498 13495 740 4498 13496 740 4499 13497 332 4499 13498 335 4499 13499 740 4500 13500 335 4500 13501 247 4500 13502 738 4501 13503 740 4501 13504 737 4501 13505 247 4502 13506 741 4502 13507 740 4502 13508 740 4503 13509 741 4503 13510 737 4503 13511 741 4504 13512 247 4504 13513 246 4504 13514 739 4505 13515 346 4505 13516 332 4505 13517 689 4506 13518 739 4506 13519 738 4506 13520 689 4507 13521 686 4507 13522 739 4507 13523 686 4508 13524 346 4508 13525 739 4508 13526 741 4509 13527 736 4509 13528 737 4509 13529 741 4510 13530 742 4510 13531 736 4510 13532 736 4511 13533 241 4511 13534 743 4511 13535 742 4512 13536 241 4512 13537 736 4512 13538 736 4513 13539 743 4513 13540 744 4513 13541 731 4514 13542 744 4514 13543 730 4514 13544 743 4515 13545 730 4515 13546 744 4515 13547 728 4516 13548 730 4516 13549 743 4516 13550 236 4517 13551 745 4517 13552 743 4517 13553 728 4518 13554 743 4518 13555 745 4518 13556 728 4519 13557 745 4519 13558 727 4519 13559 241 4520 13560 236 4520 13561 743 4520 13562 731 4521 13563 736 4521 13564 744 4521 13565 736 4522 13566 731 4522 13567 735 4522 13568 735 4523 13569 734 4523 13570 689 4523 13571 691 4524 13572 733 4524 13573 746 4524 13574 734 4525 13575 733 4525 13576 691 4525 13577 718 4526 13578 691 4526 13579 746 4526 13580 731 4527 13581 729 4527 13582 720 4527 13583 720 4528 13584 732 4528 13585 731 4528 13586 714 4529 13587 724 4529 13588 223 4529 13589 703 4530 13590 690 4530 13591 714 4530 13592 688 4531 13593 692 4531 13594 687 4531 13595 686 4532 13596 345 4532 13597 346 4532 13598 858 4533 13599 334 4533 13600 684 4533 13601 747 4534 13602 858 4534 13603 684 4534 13604 858 4535 13605 747 4535 13606 662 4535 13607 678 4536 13608 662 4536 13609 747 4536 13610 663 4537 13611 678 4537 13612 679 4537 13613 663 4538 13614 748 4538 13615 666 4538 13616 748 4539 13617 663 4539 13618 679 4539 13619 748 4540 13620 668 4540 13621 666 4540 13622 668 4541 13623 748 4541 13624 669 4541 13625 670 4542 13626 748 4542 13627 677 4542 13628 750 4543 13629 675 4543 13630 749 4543 13631 675 4544 13632 750 4544 13633 672 4544 13634 749 4545 13635 671 4545 13636 750 4545 13637 671 4546 13638 672 4546 13639 750 4546 13640 749 4547 13641 751 4547 13642 671 4547 13643 789 4548 13644 751 4548 13645 749 4548 13646 751 4549 13647 789 4549 13648 752 4549 13649 786 4550 13650 754 4550 13651 753 4550 13652 758 4551 13653 754 4551 13654 786 4551 13655 659 4552 13656 753 4552 13657 754 4552 13658 754 4553 13659 657 4553 13660 656 4553 13661 659 4554 13662 754 4554 13663 656 4554 13664 754 4555 13665 755 4555 13666 657 4555 13667 756 4556 13668 755 4556 13669 754 4556 13670 754 4557 13671 757 4557 13672 756 4557 13673 754 4558 13674 758 4558 13675 757 4558 13676 758 4559 13677 759 4559 13678 757 4559 13679 759 4560 13680 619 4560 13681 620 4560 13682 759 4561 13683 758 4561 13684 619 4561 13685 759 4562 13686 771 4562 13687 760 4562 13688 757 4563 13689 759 4563 13690 760 4563 13691 760 4564 13692 774 4564 13693 762 4564 13694 757 4565 13695 760 4565 13696 761 4565 13697 761 4566 13698 760 4566 13699 762 4566 13700 773 4567 13701 762 4567 13702 774 4567 13703 767 4568 13704 762 4568 13705 773 4568 13706 767 4569 13707 763 4569 13708 762 4569 13709 761 4570 13710 762 4570 13711 763 4570 13712 764 4571 13713 761 4571 13714 763 4571 13715 764 4572 13716 756 4572 13717 761 4572 13718 756 4573 13719 757 4573 13720 761 4573 13721 756 4574 13722 764 4574 13723 765 4574 13724 653 4575 13725 765 4575 13726 764 4575 13727 764 4576 13728 766 4576 13729 775 4576 13730 775 4577 13731 653 4577 13732 764 4577 13733 766 4578 13734 763 4578 13735 767 4578 13736 768 4579 13737 766 4579 13738 767 4579 13739 769 4580 13740 768 4580 13741 767 4580 13742 769 4581 13743 643 4581 13744 768 4581 13745 621 4582 13746 643 4582 13747 769 4582 13748 621 4583 13749 769 4583 13750 770 4583 13751 772 4584 13752 771 4584 13753 770 4584 13754 760 4585 13755 771 4585 13756 774 4585 13757 773 4586 13758 769 4586 13759 767 4586 13760 773 4587 13761 774 4587 13762 771 4587 13763 769 4588 13764 773 4588 13765 772 4588 13766 773 4589 13767 771 4589 13768 772 4589 13769 769 4590 13770 772 4590 13771 770 4590 13772 768 4591 13773 648 4591 13774 766 4591 13775 644 4592 13776 648 4592 13777 768 4592 13778 766 4593 13779 648 4593 13780 651 4593 13781 766 4594 13782 651 4594 13783 775 4594 13784 651 4595 13785 653 4595 13786 775 4595 13787 764 4596 13788 763 4596 13789 766 4596 13790 653 4597 13791 654 4597 13792 765 4597 13793 654 4598 13794 755 4598 13795 765 4598 13796 755 4599 13797 756 4599 13798 765 4599 13799 758 4600 13800 786 4600 13801 619 4600 13802 618 4601 13803 786 4601 13804 776 4601 13805 786 4602 13806 618 4602 13807 619 4602 13808 616 4603 13809 776 4603 13810 777 4603 13811 616 4604 13812 777 4604 13813 469 4604 13814 777 4605 13815 776 4605 13816 783 4605 13817 777 4606 13818 440 4606 13819 446 4606 13820 469 4607 13821 777 4607 13822 446 4607 13823 440 4608 13824 777 4608 13825 778 4608 13826 777 4609 13827 779 4609 13828 778 4609 13829 779 4610 13830 780 4610 13831 778 4610 13832 780 4611 13833 779 4611 13834 781 4611 13835 438 4612 13836 780 4612 13837 781 4612 13838 782 4613 13839 788 4613 13840 781 4613 13841 431 4614 13842 782 4614 13843 784 4614 13844 431 4615 13845 784 4615 13846 429 4615 13847 784 4616 13848 785 4616 13849 429 4616 13850 784 4617 13851 782 4617 13852 783 4617 13853 784 4618 13854 776 4618 13855 785 4618 13856 783 4619 13857 776 4619 13858 784 4619 13859 779 4620 13860 777 4620 13861 783 4620 13862 783 4621 13863 782 4621 13864 779 4621 13865 786 4622 13866 785 4622 13867 776 4622 13868 786 4623 13869 787 4623 13870 785 4623 13871 427 4624 13872 785 4624 13873 787 4624 13874 427 4625 13875 429 4625 13876 785 4625 13877 424 4626 13878 427 4626 13879 787 4626 13880 787 4627 13881 786 4627 13882 424 4627 13883 786 4628 13884 425 4628 13885 424 4628 13886 786 4629 13887 753 4629 13888 425 4629 13889 781 4630 13890 788 4630 13891 438 4630 13892 782 4631 13893 436 4631 13894 788 4631 13895 788 4632 13896 874 4632 13897 438 4632 13898 788 4633 13899 436 4633 13900 874 4633 13901 782 4634 13902 781 4634 13903 779 4634 13904 469 4635 13905 446 4635 13906 447 4635 13907 791 4636 13908 425 4636 13909 753 4636 13910 753 4637 13911 752 4637 13912 791 4637 13913 791 4638 13914 789 4638 13915 793 4638 13916 789 4639 13917 791 4639 13918 752 4639 13919 749 4640 13920 793 4640 13921 789 4640 13922 749 4641 13923 217 4641 13924 793 4641 13925 791 4642 13926 793 4642 13927 790 4642 13928 791 4643 13929 792 4643 13930 420 4643 13931 791 4644 13932 790 4644 13933 792 4644 13934 420 4645 13935 425 4645 13936 791 4645 13937 793 4646 13938 794 4646 13939 790 4646 13940 792 4647 13941 790 4647 13942 794 4647 13943 794 4648 13944 793 4648 13945 797 4648 13946 795 4649 13947 794 4649 13948 797 4649 13949 795 4650 13950 792 4650 13951 794 4650 13952 796 4651 13953 792 4651 13954 795 4651 13955 797 4652 13956 798 4652 13957 795 4652 13958 798 4653 13959 797 4653 13960 856 4653 13961 799 4654 13962 798 4654 13963 856 4654 13964 799 4655 13965 800 4655 13966 798 4655 13967 800 4656 13968 805 4656 13969 798 4656 13970 801 4657 13971 805 4657 13972 800 4657 13973 800 4658 13974 799 4658 13975 802 4658 13976 801 4659 13977 800 4659 13978 802 4659 13979 802 4660 13980 799 4660 13981 214 4660 13982 799 4661 13983 216 4661 13984 214 4661 13985 802 4662 13986 214 4662 13987 213 4662 13988 802 4663 13989 213 4663 13990 801 4663 13991 801 4664 13992 213 4664 13993 803 4664 13994 803 4665 13995 804 4665 13996 801 4665 13997 801 4666 13998 804 4666 13999 806 4666 14000 801 4667 14001 806 4667 14002 805 4667 14003 806 4668 14004 808 4668 14005 805 4668 14006 796 4669 14007 809 4669 14008 808 4669 14009 807 4670 14010 796 4670 14011 808 4670 14012 808 4671 14013 809 4671 14014 805 4671 14015 809 4672 14016 796 4672 14017 798 4672 14018 798 4673 14019 805 4673 14020 809 4673 14021 798 4674 14022 796 4674 14023 795 4674 14024 419 4675 14025 807 4675 14026 810 4675 14027 807 4676 14028 808 4676 14029 810 4676 14030 807 4677 14031 792 4677 14032 796 4677 14033 807 4678 14034 419 4678 14035 792 4678 14036 810 4679 14037 808 4679 14038 811 4679 14039 811 4680 14040 808 4680 14041 804 4680 14042 414 4681 14043 811 4681 14044 804 4681 14045 411 4682 14046 811 4682 14047 414 4682 14048 811 4683 14049 411 4683 14050 812 4683 14051 811 4684 14052 419 4684 14053 810 4684 14054 812 4685 14055 419 4685 14056 811 4685 14057 418 4686 14058 812 4686 14059 416 4686 14060 419 4687 14061 812 4687 14062 418 4687 14063 804 4688 14064 808 4688 14065 806 4688 14066 400 4689 14067 804 4689 14068 850 4689 14069 400 4690 14070 414 4690 14071 804 4690 14072 850 4691 14073 804 4691 14074 813 4691 14075 813 4692 14076 804 4692 14077 803 4692 14078 814 4693 14079 843 4693 14080 813 4693 14081 813 4694 14082 803 4694 14083 814 4694 14084 817 4695 14085 843 4695 14086 814 4695 14087 816 4696 14088 843 4696 14089 817 4696 14090 846 4697 14091 843 4697 14092 816 4697 14093 815 4698 14094 846 4698 14095 816 4698 14096 818 4699 14097 817 4699 14098 814 4699 14099 814 4700 14100 803 4700 14101 818 4700 14102 818 4701 14103 803 4701 14104 819 4701 14105 818 4702 14106 819 4702 14107 827 4702 14108 819 4703 14109 822 4703 14110 827 4703 14111 213 4704 14112 819 4704 14113 803 4704 14114 822 4705 14115 819 4705 14116 820 4705 14117 820 4706 14118 819 4706 14119 213 4706 14120 820 4707 14121 215 4707 14122 822 4707 14123 213 4708 14124 215 4708 14125 820 4708 14126 822 4709 14127 215 4709 14128 821 4709 14129 218 4710 14130 821 4710 14131 215 4710 14132 218 4711 14133 824 4711 14134 821 4711 14135 824 4712 14136 822 4712 14137 821 4712 14138 822 4713 14139 824 4713 14140 823 4713 14141 824 4714 14142 825 4714 14143 823 4714 14144 828 4715 14145 825 4715 14146 824 4715 14147 828 4716 14148 815 4716 14149 825 4716 14150 815 4717 14151 826 4717 14152 825 4717 14153 826 4718 14154 816 4718 14155 817 4718 14156 826 4719 14157 815 4719 14158 816 4719 14159 818 4720 14160 826 4720 14161 817 4720 14162 818 4721 14163 827 4721 14164 826 4721 14165 827 4722 14166 825 4722 14167 826 4722 14168 827 4723 14169 823 4723 14170 825 4723 14171 828 4724 14172 835 4724 14173 829 4724 14174 846 4725 14175 828 4725 14176 830 4725 14177 846 4726 14178 815 4726 14179 828 4726 14180 830 4727 14181 828 4727 14182 829 4727 14183 830 4728 14184 829 4728 14185 831 4728 14186 829 4729 14187 832 4729 14188 831 4729 14189 832 4730 14190 829 4730 14191 835 4730 14192 832 4731 14193 835 4731 14194 833 4731 14195 835 4732 14196 834 4732 14197 833 4732 14198 837 4733 14199 836 4733 14200 834 4733 14201 227 4734 14202 834 4734 14203 835 4734 14204 833 4735 14205 834 4735 14206 836 4735 14207 837 4736 14208 834 4736 14209 227 4736 14210 837 4737 14211 838 4737 14212 836 4737 14213 836 4738 14214 832 4738 14215 833 4738 14216 836 4739 14217 838 4739 14218 832 4739 14219 837 4740 14220 839 4740 14221 838 4740 14222 840 4741 14223 832 4741 14224 838 4741 14225 839 4742 14226 840 4742 14227 838 4742 14228 832 4743 14229 840 4743 14230 845 4743 14231 840 4744 14232 844 4744 14233 845 4744 14234 839 4745 14235 841 4745 14236 840 4745 14237 841 4746 14238 842 4746 14239 840 4746 14240 840 4747 14241 842 4747 14242 844 4747 14243 850 4748 14244 842 4748 14245 847 4748 14246 850 4749 14247 813 4749 14248 842 4749 14249 847 4750 14250 842 4750 14251 841 4750 14252 843 4751 14253 842 4751 14254 813 4751 14255 842 4752 14256 843 4752 14257 844 4752 14258 846 4753 14259 830 4753 14260 843 4753 14261 830 4754 14262 844 4754 14263 843 4754 14264 844 4755 14265 830 4755 14266 845 4755 14267 831 4756 14268 845 4756 14269 830 4756 14270 847 4757 14271 849 4757 14272 850 4757 14273 847 4758 14274 841 4758 14275 848 4758 14276 849 4759 14277 277 4759 14278 850 4759 14279 852 4760 14280 277 4760 14281 849 4760 14282 400 4761 14283 850 4761 14284 851 4761 14285 850 4762 14286 277 4762 14287 851 4762 14288 847 4763 14289 848 4763 14290 855 4763 14291 848 4764 14292 272 4764 14293 855 4764 14294 839 4765 14295 848 4765 14296 841 4765 14297 272 4766 14298 848 4766 14299 853 4766 14300 853 4767 14301 848 4767 14302 839 4767 14303 853 4768 14304 854 4768 14305 271 4768 14306 853 4769 14307 271 4769 14308 272 4769 14309 854 4770 14310 853 4770 14311 837 4770 14312 837 4771 14313 853 4771 14314 839 4771 14315 269 4772 14316 271 4772 14317 854 4772 14318 269 4773 14319 854 4773 14320 837 4773 14321 273 4774 14322 855 4774 14323 272 4774 14324 855 4775 14325 273 4775 14326 275 4775 14327 855 4776 14328 276 4776 14329 847 4776 14330 855 4777 14331 275 4777 14332 276 4777 14333 847 4778 14334 276 4778 14335 849 4778 14336 845 4779 14337 831 4779 14338 832 4779 14339 835 4780 14340 828 4780 14341 824 4780 14342 220 4781 14343 835 4781 14344 824 4781 14345 227 4782 14346 835 4782 14347 220 4782 14348 233 4783 14349 269 4783 14350 837 4783 14351 267 4784 14352 269 4784 14353 233 4784 14354 823 4785 14355 827 4785 14356 822 4785 14357 793 4786 14358 799 4786 14359 856 4786 14360 793 4787 14361 216 4787 14362 799 4787 14363 793 4788 14364 217 4788 14365 216 4788 14366 797 4789 14367 793 4789 14368 856 4789 14369 753 4790 14370 659 4790 14371 752 4790 14372 751 4791 14373 752 4791 14374 659 4791 14375 751 4792 14376 665 4792 14377 671 4792 14378 751 4793 14379 857 4793 14380 665 4793 14381 857 4794 14382 664 4794 14383 665 4794 14384 857 4795 14385 660 4795 14386 664 4795 14387 334 4796 14388 858 4796 14389 331 4796 14390 331 4797 14391 858 4797 14392 646 4797 14393 652 4798 14394 857 4798 14395 658 4798 14396 331 4799 14397 646 4799 14398 344 4799 14399 341 4800 14400 645 4800 14401 639 4800 14402 341 4801 14403 639 4801 14404 638 4801 14405 474 4802 14406 471 4802 14407 859 4802 14408 471 4803 14409 612 4803 14410 859 4803 14411 860 4804 14412 859 4804 14413 612 4804 14414 859 4805 14415 860 4805 14416 613 4805 14417 612 4806 14418 471 4806 14419 611 4806 14420 471 4807 14421 610 4807 14422 611 4807 14423 470 4808 14424 607 4808 14425 608 4808 14426 602 4809 14427 607 4809 14428 861 4809 14429 861 4810 14430 607 4810 14431 576 4810 14432 602 4811 14433 603 4811 14434 606 4811 14435 600 4812 14436 637 4812 14437 605 4812 14438 861 4813 14439 601 4813 14440 602 4813 14441 576 4814 14442 577 4814 14443 861 4814 14444 861 4815 14445 578 4815 14446 601 4815 14447 577 4816 14448 578 4816 14449 861 4816 14450 599 4817 14451 578 4817 14452 595 4817 14453 330 4818 14454 598 4818 14455 343 4818 14456 597 4819 14457 589 4819 14458 336 4819 14459 476 4820 14460 576 4820 14461 475 4820 14462 863 4821 14463 572 4821 14464 862 4821 14465 862 4822 14466 572 4822 14467 587 4822 14468 863 4823 14469 862 4823 14470 480 4823 14471 572 4824 14472 863 4824 14473 571 4824 14474 479 4825 14475 567 4825 14476 863 4825 14477 863 4826 14478 567 4826 14479 569 4826 14480 571 4827 14481 863 4827 14482 569 4827 14483 567 4828 14484 554 4828 14485 556 4828 14486 567 4829 14487 479 4829 14488 547 4829 14489 547 4830 14490 554 4830 14491 567 4830 14492 555 4831 14493 554 4831 14494 552 4831 14495 565 4832 14496 566 4832 14497 555 4832 14498 565 4833 14499 555 4833 14500 564 4833 14501 557 4834 14502 564 4834 14503 555 4834 14504 864 4835 14505 551 4835 14506 865 4835 14507 551 4836 14508 864 4836 14509 367 4836 14510 550 4837 14511 551 4837 14512 367 4837 14513 864 4838 14514 865 4838 14515 544 4838 14516 367 4839 14517 864 4839 14518 866 4839 14519 372 4840 14520 866 4840 14521 864 4840 14522 365 4841 14523 550 4841 14524 867 4841 14525 550 4842 14526 367 4842 14527 867 4842 14528 545 4843 14529 484 4843 14530 546 4843 14531 864 4844 14532 541 4844 14533 372 4844 14534 542 4845 14535 872 4845 14536 543 4845 14537 869 4846 14538 543 4846 14539 872 4846 14540 868 4847 14541 543 4847 14542 869 4847 14543 538 4848 14544 543 4848 14545 868 4848 14546 868 4849 14547 492 4849 14548 538 4849 14549 868 4850 14550 491 4850 14551 492 4850 14552 869 4851 14553 491 4851 14554 868 4851 14555 871 4852 14556 870 4852 14557 869 4852 14558 491 4853 14559 869 4853 14560 870 4853 14561 490 4854 14562 491 4854 14563 870 4854 14564 870 4855 14565 871 4855 14566 486 4855 14567 870 4856 14568 486 4856 14569 487 4856 14570 870 4857 14571 487 4857 14572 490 4857 14573 871 4858 14574 872 4858 14575 485 4858 14576 485 4859 14577 486 4859 14578 871 4859 14579 485 4860 14580 872 4860 14581 546 4860 14582 872 4861 14583 871 4861 14584 869 4861 14585 542 4862 14586 546 4862 14587 872 4862 14588 540 4863 14589 535 4863 14590 533 4863 14591 388 4864 14592 540 4864 14593 533 4864 14594 531 4865 14595 532 4865 14596 536 4865 14597 536 4866 14598 529 4866 14599 531 4866 14600 392 4867 14601 533 4867 14602 873 4867 14603 392 4868 14604 873 4868 14605 402 4868 14606 873 4869 14607 408 4869 14608 403 4869 14609 408 4870 14610 873 4870 14611 530 4870 14612 873 4871 14613 403 4871 14614 402 4871 14615 408 4872 14616 530 4872 14617 525 4872 14618 492 4873 14619 527 4873 14620 528 4873 14621 525 4874 14622 526 4874 14623 408 4874 14624 490 4875 14625 487 4875 14626 489 4875 14627 448 4876 14628 452 4876 14629 466 4876 14630 457 4877 14631 461 4877 14632 466 4877 14633 456 4878 14634 466 4878 14635 452 4878 14636 457 4879 14637 466 4879 14638 456 4879 14639 448 4880 14640 450 4880 14641 452 4880 14642 437 4881 14643 413 4881 14644 443 4881 14645 437 4882 14646 874 4882 14647 412 4882 14648 412 4883 14649 413 4883 14650 437 4883 14651 874 4884 14652 433 4884 14653 412 4884 14654 431 4885 14655 433 4885 14656 435 4885 14657 412 4886 14658 433 4886 14659 434 4886 14660 422 4887 14661 425 4887 14662 420 4887 14663 406 4888 14664 414 4888 14665 400 4888 14666 407 4889 14667 403 4889 14668 408 4889 14669 875 4890 14670 398 4890 14671 400 4890 14672 400 4891 14673 877 4891 14674 875 4891 14675 400 4892 14676 876 4892 14677 877 4892 14678 400 4893 14679 851 4893 14680 876 4893 14681 875 4894 14682 877 4894 14683 878 4894 14684 878 4895 14685 877 4895 14686 882 4895 14687 880 4896 14688 882 4896 14689 877 4896 14690 880 4897 14691 877 4897 14692 879 4897 14693 881 4898 14694 882 4898 14695 880 4898 14696 883 4899 14697 882 4899 14698 881 4899 14699 885 4900 14700 884 4900 14701 883 4900 14702 881 4901 14703 885 4901 14704 883 4901 14705 888 4902 14706 886 4902 14707 885 4902 14708 880 4903 14709 885 4903 14710 881 4903 14711 880 4904 14712 888 4904 14713 885 4904 14714 880 4905 14715 887 4905 14716 888 4905 14717 888 4906 14718 887 4906 14719 889 4906 14720 290 4907 14721 888 4907 14722 889 4907 14723 888 4908 14724 293 4908 14725 886 4908 14726 290 4909 14727 293 4909 14728 888 4909 14729 287 4910 14730 290 4910 14731 889 4910 14732 889 4911 14733 890 4911 14734 286 4911 14735 887 4912 14736 890 4912 14737 889 4912 14738 287 4913 14739 889 4913 14740 286 4913 14741 285 4914 14742 286 4914 14743 890 4914 14744 887 4915 14745 891 4915 14746 890 4915 14747 890 4916 14748 891 4916 14749 284 4916 14750 284 4917 14751 285 4917 14752 890 4917 14753 891 4918 14754 893 4918 14755 284 4918 14756 891 4919 14757 892 4919 14758 893 4919 14759 887 4920 14760 892 4920 14761 891 4920 14762 892 4921 14763 880 4921 14764 894 4921 14765 894 4922 14766 879 4922 14767 892 4922 14768 892 4923 14769 887 4923 14770 880 4923 14771 892 4924 14772 879 4924 14773 893 4924 14774 893 4925 14775 879 4925 14776 876 4925 14777 880 4926 14778 879 4926 14779 894 4926 14780 394 4927 14781 886 4927 14782 293 4927 14783 394 4928 14784 895 4928 14785 886 4928 14786 884 4929 14787 886 4929 14788 895 4929 14789 884 4930 14790 885 4930 14791 886 4930 14792 394 4931 14793 896 4931 14794 895 4931 14795 884 4932 14796 895 4932 14797 896 4932 14798 896 4933 14799 883 4933 14800 884 4933 14801 878 4934 14802 883 4934 14803 896 4934 14804 896 4935 14805 398 4935 14806 875 4935 14807 394 4936 14808 398 4936 14809 896 4936 14810 878 4937 14811 896 4937 14812 875 4937 14813 883 4938 14814 878 4938 14815 882 4938 14816 876 4939 14817 879 4939 14818 877 4939 14819 398 4940 14820 394 4940 14821 395 4940 14822 402 4941 14823 397 4941 14824 396 4941 14825 388 4942 14826 533 4942 14827 389 4942 14828 394 4943 14829 296 4943 14830 391 4943 14831 897 4944 14832 391 4944 14833 296 4944 14834 897 4945 14835 390 4945 14836 391 4945 14837 897 4946 14838 296 4946 14839 899 4946 14840 898 4947 14841 897 4947 14842 899 4947 14843 901 4948 14844 384 4948 14845 898 4948 14846 900 4949 14847 904 4949 14848 304 4949 14849 900 4950 14850 901 4950 14851 904 4950 14852 904 4951 14853 901 4951 14854 902 4951 14855 902 4952 14856 901 4952 14857 898 4952 14858 904 4953 14859 902 4953 14860 302 4953 14861 902 4954 14862 903 4954 14863 302 4954 14864 902 4955 14865 899 4955 14866 903 4955 14867 299 4956 14868 899 4956 14869 296 4956 14870 899 4957 14871 299 4957 14872 903 4957 14873 899 4958 14874 902 4958 14875 898 4958 14876 905 4959 14877 900 4959 14878 306 4959 14879 306 4960 14880 906 4960 14881 905 4960 14882 906 4961 14883 306 4961 14884 907 4961 14885 907 4962 14886 348 4962 14887 906 4962 14888 908 4963 14889 905 4963 14890 906 4963 14891 908 4964 14892 909 4964 14893 905 4964 14894 909 4965 14895 384 4965 14896 905 4965 14897 905 4966 14898 384 4966 14899 901 4966 14900 384 4967 14901 385 4967 14902 898 4967 14903 384 4968 14904 909 4968 14905 910 4968 14906 910 4969 14907 909 4969 14908 911 4969 14909 910 4970 14910 911 4970 14911 381 4970 14912 352 4971 14913 911 4971 14914 909 4971 14915 352 4972 14916 909 4972 14917 908 4972 14918 905 4973 14919 901 4973 14920 900 4973 14921 348 4974 14922 908 4974 14923 906 4974 14924 348 4975 14925 907 4975 14926 325 4975 14927 325 4976 14928 907 4976 14929 307 4976 14930 898 4977 14931 385 4977 14932 897 4977 14933 385 4978 14934 390 4978 14935 897 4978 14936 381 4979 14937 353 4979 14938 910 4979 14939 355 4980 14940 383 4980 14941 354 4980 14942 355 4981 14943 382 4981 14944 383 4981 14945 355 4982 14946 377 4982 14947 382 4982 14948 376 4983 14949 382 4983 14950 377 4983 14951 377 4984 14952 355 4984 14953 378 4984 14954 378 4985 14955 355 4985 14956 381 4985 14957 912 4986 14958 914 4986 14959 913 4986 14960 359 4987 14961 912 4987 14962 358 4987 14963 367 4988 14964 866 4988 14965 368 4988 14966 360 4989 14967 359 4989 14968 358 4989 14969 359 4990 14970 361 4990 14971 366 4990 14972 363 4991 14973 915 4991 14974 350 4991 14975 351 4992 14976 350 4992 14977 915 4992 14978 360 4993 14979 357 4993 14980 915 4993 14981 351 4994 14982 915 4994 14983 357 4994 14984 340 4995 14985 363 4995 14986 350 4995 14987 342 4996 14988 363 4996 14989 340 4996 14990 350 4997 14991 333 4997 14992 338 4997 14993 340 4998 14994 350 4998 14995 338 4998 14996 325 4999 14997 328 4999 14998 348 4999 14999 916 5000 15000 337 5000 15001 339 5000 15002 324 5001 15003 339 5001 15004 326 5001 15005 916 5002 15006 339 5002 15007 324 5002 15008 247 5003 15009 337 5003 15010 916 5003 15011 248 5004 15012 247 5004 15013 916 5004 15014 916 5005 15015 917 5005 15016 248 5005 15017 324 5006 15018 917 5006 15019 916 5006 15020 253 5007 15021 248 5007 15022 917 5007 15023 918 5008 15024 253 5008 15025 917 5008 15026 253 5009 15027 918 5009 15028 254 5009 15029 919 5010 15030 918 5010 15031 917 5010 15032 322 5011 15033 918 5011 15034 919 5011 15035 322 5012 15036 254 5012 15037 918 5012 15038 919 5013 15039 324 5013 15040 322 5013 15041 322 5014 15042 256 5014 15043 254 5014 15044 917 5015 15045 324 5015 15046 919 5015 15047 247 5016 15048 335 5016 15049 337 5016 15050 904 5017 15051 302 5017 15052 300 5017 15053 292 5018 15054 291 5018 15055 264 5018 15056 291 5019 15057 289 5019 15058 920 5019 15059 291 5020 15060 920 5020 15061 921 5020 15062 921 5021 15063 920 5021 15064 922 5021 15065 921 5022 15066 922 5022 15067 923 5022 15068 923 5023 15069 922 5023 15070 925 5023 15071 923 5024 15072 925 5024 15073 924 5024 15074 927 5025 15075 931 5025 15076 925 5025 15077 925 5026 15078 281 5026 15079 927 5026 15080 281 5027 15081 926 5027 15082 927 5027 15083 931 5028 15084 927 5028 15085 928 5028 15086 928 5029 15087 927 5029 15088 929 5029 15089 929 5030 15090 927 5030 15091 926 5030 15092 278 5031 15093 929 5031 15094 926 5031 15095 929 5032 15096 932 5032 15097 928 5032 15098 928 5033 15099 932 5033 15100 930 5033 15101 928 5034 15102 930 5034 15103 931 5034 15104 930 5035 15105 925 5035 15106 931 5035 15107 932 5036 15108 266 5036 15109 930 5036 15110 270 5037 15111 266 5037 15112 932 5037 15113 923 5038 15114 930 5038 15115 266 5038 15116 923 5039 15117 924 5039 15118 930 5039 15119 925 5040 15120 930 5040 15121 924 5040 15122 281 5041 15123 925 5041 15124 922 5041 15125 920 5042 15126 280 5042 15127 922 5042 15128 922 5043 15129 280 5043 15130 281 5043 15131 289 5044 15132 280 5044 15133 920 5044 15134 290 5045 15135 287 5045 15136 288 5045 15137 264 5046 15138 291 5046 15139 921 5046 15140 287 5047 15141 283 5047 15142 289 5047 15143 289 5048 15144 283 5048 15145 280 5048 15146 851 5049 15147 277 5049 15148 278 5049 15149 270 5050 15150 932 5050 15151 274 5050 15152 267 5051 15153 237 5051 15154 268 5051 15155 265 5052 15156 268 5052 15157 237 5052 15158 238 5053 15159 265 5053 15160 237 5053 15161 934 5054 15162 265 5054 15163 238 5054 15164 265 5055 15165 934 5055 15166 933 5055 15167 934 5056 15168 935 5056 15169 933 5056 15170 238 5057 15171 239 5057 15172 934 5057 15173 240 5058 15174 934 5058 15175 239 5058 15176 262 5059 15177 933 5059 15178 935 5059 15179 262 5060 15180 935 5060 15181 936 5060 15182 935 5061 15183 934 5061 15184 936 5061 15185 262 5062 15186 936 5062 15187 943 5062 15188 936 5063 15189 938 5063 15190 937 5063 15191 943 5064 15192 936 5064 15193 937 5064 15194 936 5065 15195 934 5065 15196 938 5065 15197 937 5066 15198 938 5066 15199 939 5066 15200 938 5067 15201 934 5067 15202 240 5067 15203 939 5068 15204 938 5068 15205 242 5068 15206 243 5069 15207 939 5069 15208 242 5069 15209 940 5070 15210 937 5070 15211 939 5070 15212 937 5071 15213 940 5071 15214 941 5071 15215 941 5072 15216 943 5072 15217 937 5072 15218 943 5073 15219 941 5073 15220 942 5073 15221 946 5074 15222 943 5074 15223 942 5074 15224 261 5075 15225 945 5075 15226 944 5075 15227 945 5076 15228 262 5076 15229 943 5076 15230 262 5077 15231 945 5077 15232 263 5077 15233 945 5078 15234 261 5078 15235 263 5078 15236 944 5079 15237 945 5079 15238 947 5079 15239 943 5080 15240 946 5080 15241 947 5080 15242 943 5081 15243 947 5081 15244 945 5081 15245 948 5082 15246 947 5082 15247 946 5082 15248 948 5083 15249 949 5083 15250 947 5083 15251 949 5084 15252 950 5084 15253 952 5084 15254 952 5085 15255 950 5085 15256 259 5085 15257 950 5086 15258 951 5086 15259 259 5086 15260 255 5087 15261 951 5087 15262 948 5087 15263 950 5088 15264 948 5088 15265 951 5088 15266 948 5089 15267 950 5089 15268 949 5089 15269 255 5090 15270 948 5090 15271 252 5090 15272 949 5091 15273 952 5091 15274 944 5091 15275 944 5092 15276 947 5092 15277 949 5092 15278 261 5093 15279 944 5093 15280 952 5093 15281 261 5094 15282 952 5094 15283 259 5094 15284 252 5095 15285 948 5095 15286 946 5095 15287 938 5096 15288 240 5096 15289 242 5096 15290 933 5097 15291 262 5097 15292 265 5097 15293 261 5098 15294 264 5098 15295 263 5098 15296 255 5099 15297 254 5099 15298 256 5099 15299 253 5100 15300 249 5100 15301 248 5100 15302 245 5101 15303 243 5101 15304 244 5101 15305 249 5102 15306 245 5102 15307 246 5102 15308 249 5103 15309 246 5103 15310 248 5103 15311 956 5104 15312 2467 5104 15313 953 5104 15314 957 5105 15315 955 5105 15316 954 5105 15317 956 5106 15318 954 5106 15319 955 5106 15320 957 5107 15321 954 5107 15322 956 5107 15323 953 5108 15324 958 5108 15325 956 5108 15326 957 5109 15327 956 5109 15328 958 5109 15329 2469 5110 15330 2470 5110 15331 959 5110 15332 2469 5111 15333 959 5111 15334 958 5111 15335 960 5112 15336 958 5112 15337 959 5112 15338 957 5113 15339 958 5113 15340 960 5113 15341 960 5114 15342 959 5114 15343 961 5114 15344 962 5115 15345 960 5115 15346 961 5115 15347 960 5116 15348 962 5116 15349 974 5116 15350 960 5117 15351 974 5117 15352 957 5117 15353 962 5118 15354 964 5118 15355 974 5118 15356 964 5119 15357 963 5119 15358 974 5119 15359 965 5120 15360 964 5120 15361 962 5120 15362 965 5121 15363 968 5121 15364 964 5121 15365 963 5122 15366 964 5122 15367 968 5122 15368 968 5123 15369 965 5123 15370 966 5123 15371 962 5124 15372 967 5124 15373 965 5124 15374 965 5125 15375 967 5125 15376 966 5125 15377 966 5126 15378 969 5126 15379 968 5126 15380 968 5127 15381 969 5127 15382 970 5127 15383 968 5128 15384 970 5128 15385 972 5128 15386 971 5129 15387 972 5129 15388 970 5129 15389 973 5130 15390 963 5130 15391 972 5130 15392 974 5131 15393 963 5131 15394 973 5131 15395 973 5132 15396 955 5132 15397 974 5132 15398 973 5133 15399 976 5133 15400 955 5133 15401 975 5134 15402 976 5134 15403 973 5134 15404 976 5135 15405 2414 5135 15406 955 5135 15407 977 5136 15408 955 5136 15409 2414 5136 15410 1308 5137 15411 977 5137 15412 2414 5137 15413 978 5138 15414 955 5138 15415 977 5138 15416 980 5139 15417 977 5139 15418 1308 5139 15419 979 5140 15420 978 5140 15421 977 5140 15422 979 5141 15423 977 5141 15424 980 5141 15425 979 5142 15426 980 5142 15427 981 5142 15428 1311 5143 15429 982 5143 15430 981 5143 15431 980 5144 15432 1311 5144 15433 981 5144 15434 981 5145 15435 982 5145 15436 983 5145 15437 984 5146 15438 981 5146 15439 983 5146 15440 985 5147 15441 983 5147 15442 982 5147 15443 985 5148 15444 984 5148 15445 983 5148 15446 985 5149 15447 987 5149 15448 1173 5149 15449 986 5150 15450 987 5150 15451 985 5150 15452 982 5151 15453 986 5151 15454 985 5151 15455 1174 5152 15456 987 5152 15457 966 5152 15458 966 5153 15459 987 5153 15460 988 5153 15461 1174 5154 15462 1173 5154 15463 987 5154 15464 986 5155 15465 988 5155 15466 987 5155 15467 989 5156 15468 966 5156 15469 988 5156 15470 986 5157 15471 990 5157 15472 988 5157 15473 988 5158 15474 990 5158 15475 989 5158 15476 991 5159 15477 966 5159 15478 989 5159 15479 991 5160 15480 989 5160 15481 995 5160 15482 1300 5161 15483 989 5161 15484 990 5161 15485 991 5162 15486 992 5162 15487 993 5162 15488 991 5163 15489 994 5163 15490 992 5163 15491 993 5164 15492 996 5164 15493 991 5164 15494 991 5165 15495 995 5165 15496 2175 5165 15497 2175 5166 15498 994 5166 15499 991 5166 15500 991 5167 15501 996 5167 15502 966 5167 15503 998 5168 15504 996 5168 15505 1011 5168 15506 996 5169 15507 997 5169 15508 1011 5169 15509 2288 5170 15510 996 5170 15511 993 5170 15512 2288 5171 15513 1630 5171 15514 996 5171 15515 1630 5172 15516 997 5172 15517 996 5172 15518 966 5173 15519 996 5173 15520 998 5173 15521 998 5174 15522 999 5174 15523 1000 5174 15524 1000 5175 15525 999 5175 15526 1001 5175 15527 1000 5176 15528 1001 5176 15529 1002 5176 15530 971 5177 15531 1000 5177 15532 1002 5177 15533 970 5178 15534 1000 5178 15535 971 5178 15536 1000 5179 15537 970 5179 15538 969 5179 15539 1000 5180 15540 969 5180 15541 998 5180 15542 1003 5181 15543 2405 5181 15544 1002 5181 15545 1001 5182 15546 1003 5182 15547 1002 5182 15548 2409 5183 15549 1005 5183 15550 1003 5183 15551 1001 5184 15552 2409 5184 15553 1003 5184 15554 1003 5185 15555 1005 5185 15556 1004 5185 15557 1006 5186 15558 2409 5186 15559 1001 5186 15560 2409 5187 15561 1006 5187 15562 2411 5187 15563 1008 5188 15564 1007 5188 15565 2411 5188 15566 1008 5189 15567 2411 5189 15568 1006 5189 15569 998 5190 15570 1009 5190 15571 1008 5190 15572 1008 5191 15573 999 5191 15574 998 5191 15575 998 5192 15576 1010 5192 15577 1009 5192 15578 1009 5193 15579 1021 5193 15580 1007 5193 15581 1010 5194 15582 1021 5194 15583 1009 5194 15584 1009 5195 15585 1007 5195 15586 1008 5195 15587 998 5196 15588 1011 5196 15589 1010 5196 15590 1011 5197 15591 1015 5197 15592 1010 5197 15593 1011 5198 15594 997 5198 15595 1012 5198 15596 997 5199 15597 1013 5199 15598 1012 5199 15599 1011 5200 15600 1012 5200 15601 1015 5200 15602 1014 5201 15603 1015 5201 15604 1012 5201 15605 1015 5202 15606 1014 5202 15607 1017 5202 15608 1018 5203 15609 1017 5203 15610 1014 5203 15611 1018 5204 15612 1020 5204 15613 1017 5204 15614 1459 5205 15615 1018 5205 15616 1016 5205 15617 1018 5206 15618 1459 5206 15619 1020 5206 15620 1019 5207 15621 1017 5207 15622 1020 5207 15623 1020 5208 15624 1463 5208 15625 1462 5208 15626 1020 5209 15627 1459 5209 15628 1463 5209 15629 1020 5210 15630 1021 5210 15631 1019 5210 15632 1022 5211 15633 1021 5211 15634 1020 5211 15635 1022 5212 15636 1023 5212 15637 1024 5212 15638 1022 5213 15639 1462 5213 15640 1023 5213 15641 1020 5214 15642 1462 5214 15643 1022 5214 15644 1462 5215 15645 1464 5215 15646 1023 5215 15647 1024 5216 15648 1023 5216 15649 1025 5216 15650 1023 5217 15651 1469 5217 15652 1025 5217 15653 1024 5218 15654 1025 5218 15655 1026 5218 15656 1022 5219 15657 1024 5219 15658 1026 5219 15659 1026 5220 15660 2410 5220 15661 1022 5220 15662 1026 5221 15663 1027 5221 15664 2410 5221 15665 2410 5222 15666 1027 5222 15667 1028 5222 15668 2407 5223 15669 1028 5223 15670 1027 5223 15671 1027 5224 15672 2403 5224 15673 2407 5224 15674 1027 5225 15675 1029 5225 15676 2403 5225 15677 1027 5226 15678 1026 5226 15679 1029 5226 15680 2403 5227 15681 1029 5227 15682 1031 5227 15683 2403 5228 15684 1031 5228 15685 1030 5228 15686 1029 5229 15687 1534 5229 15688 1031 5229 15689 1031 5230 15690 1536 5230 15691 1030 5230 15692 1534 5231 15693 1536 5231 15694 1031 5231 15695 1030 5232 15696 1536 5232 15697 1038 5232 15698 1034 5233 15699 1038 5233 15700 1536 5233 15701 1034 5234 15702 1536 5234 15703 1032 5234 15704 1032 5235 15705 1536 5235 15706 1033 5235 15707 1037 5236 15708 1537 5236 15709 1034 5236 15710 1036 5237 15711 1034 5237 15712 1537 5237 15713 1035 5238 15714 1038 5238 15715 1034 5238 15716 1035 5239 15717 1034 5239 15718 1036 5239 15719 1034 5240 15720 1032 5240 15721 1037 5240 15722 1039 5241 15723 1030 5241 15724 1038 5241 15725 1038 5242 15726 1040 5242 15727 1039 5242 15728 1041 5243 15729 1039 5243 15730 1040 5243 15731 1041 5244 15732 1040 5244 15733 2467 5244 15734 1042 5245 15735 1044 5245 15736 1041 5245 15737 1041 5246 15738 2467 5246 15739 1042 5246 15740 978 5247 15741 1043 5247 15742 1042 5247 15743 1042 5248 15744 1043 5248 15745 1044 5248 15746 2467 5249 15747 978 5249 15748 1042 5249 15749 1043 5250 15750 978 5250 15751 979 5250 15752 1043 5251 15753 979 5251 15754 1170 5251 15755 1166 5252 15756 1044 5252 15757 1043 5252 15758 1163 5253 15759 1044 5253 15760 1166 5253 15761 1163 5254 15762 1045 5254 15763 1044 5254 15764 1045 5255 15765 1046 5255 15766 2413 5255 15767 1045 5256 15768 2413 5256 15769 1041 5256 15770 1046 5257 15771 1045 5257 15772 1047 5257 15773 1045 5258 15774 1041 5258 15775 1044 5258 15776 1048 5259 15777 1046 5259 15778 1047 5259 15779 1048 5260 15780 1050 5260 15781 1046 5260 15782 1050 5261 15783 1048 5261 15784 1049 5261 15785 1050 5262 15786 2399 5262 15787 1046 5262 15788 1052 5263 15789 2399 5263 15790 1050 5263 15791 1053 5264 15792 1050 5264 15793 1051 5264 15794 1052 5265 15795 1050 5265 15796 1053 5265 15797 1051 5266 15798 1060 5266 15799 1061 5266 15800 1060 5267 15801 1051 5267 15802 1050 5267 15803 1054 5268 15804 1320 5268 15805 1051 5268 15806 1054 5269 15807 1051 5269 15808 1061 5269 15809 1320 5270 15810 1054 5270 15811 1055 5270 15812 1058 5271 15813 1055 5271 15814 1054 5271 15815 1056 5272 15816 1055 5272 15817 1058 5272 15818 1056 5273 15819 1321 5273 15820 1055 5273 15821 1348 5274 15822 1321 5274 15823 1056 5274 15824 1347 5275 15825 1348 5275 15826 1056 5275 15827 1057 5276 15828 1056 5276 15829 1058 5276 15830 1057 5277 15831 1058 5277 15832 1059 5277 15833 1057 5278 15834 1059 5278 15835 1063 5278 15836 1058 5279 15837 1061 5279 15838 1059 5279 15839 1059 5280 15840 1060 5280 15841 1063 5280 15842 1059 5281 15843 1061 5281 15844 1060 5281 15845 1058 5282 15846 1054 5282 15847 1061 5282 15848 1063 5283 15849 1060 5283 15850 1049 5283 15851 1063 5284 15852 1048 5284 15853 1062 5284 15854 1063 5285 15855 1049 5285 15856 1048 5285 15857 1057 5286 15858 1063 5286 15859 1064 5286 15860 1064 5287 15861 1063 5287 15862 1062 5287 15863 1069 5288 15864 1064 5288 15865 1066 5288 15866 1066 5289 15867 1064 5289 15868 1065 5289 15869 1057 5290 15870 1064 5290 15871 1069 5290 15872 1069 5291 15873 1066 5291 15874 1067 5291 15875 1069 5292 15876 1067 5292 15877 1068 5292 15878 1067 5293 15879 1070 5293 15880 1068 5293 15881 1079 5294 15882 1068 5294 15883 1070 5294 15884 1079 5295 15885 1071 5295 15886 1068 5295 15887 1072 5296 15888 1069 5296 15889 1068 5296 15890 1072 5297 15891 1068 5297 15892 1071 5297 15893 1072 5298 15894 1618 5298 15895 1073 5298 15896 1072 5299 15897 1073 5299 15898 1069 5299 15899 1072 5300 15900 1071 5300 15901 1080 5300 15902 1074 5301 15903 1072 5301 15904 1080 5301 15905 1077 5302 15906 1074 5302 15907 1080 5302 15908 1077 5303 15909 1075 5303 15910 1074 5303 15911 1076 5304 15912 1075 5304 15913 1077 5304 15914 1076 5305 15915 1526 5305 15916 1075 5305 15917 1081 5306 15918 1076 5306 15919 1077 5306 15920 1077 5307 15921 1070 5307 15922 1081 5307 15923 1078 5308 15924 1070 5308 15925 1077 5308 15926 1079 5309 15927 1070 5309 15928 1078 5309 15929 1079 5310 15930 1078 5310 15931 1080 5310 15932 1077 5311 15933 1080 5311 15934 1078 5311 15935 1079 5312 15936 1080 5312 15937 1071 5312 15938 1084 5313 15939 1081 5313 15940 1070 5313 15941 1084 5314 15942 1082 5314 15943 1081 5314 15944 1083 5315 15945 1081 5315 15946 1082 5315 15947 1082 5316 15948 1084 5316 15949 1085 5316 15950 1085 5317 15951 1083 5317 15952 1082 5317 15953 1084 5318 15954 1070 5318 15955 1067 5318 15956 1066 5319 15957 1084 5319 15958 1067 5319 15959 1085 5320 15960 1084 5320 15961 1066 5320 15962 1065 5321 15963 1085 5321 15964 1066 5321 15965 1083 5322 15966 1086 5322 15967 1087 5322 15968 1083 5323 15969 1065 5323 15970 1086 5323 15971 1087 5324 15972 1086 5324 15973 1088 5324 15974 1088 5325 15975 1086 5325 15976 1064 5325 15977 2481 5326 15978 1090 5326 15979 1088 5326 15980 1088 5327 15981 1064 5327 15982 2481 5327 15983 1089 5328 15984 1088 5328 15985 1090 5328 15986 1091 5329 15987 1090 5329 15988 2483 5329 15989 1089 5330 15990 1090 5330 15991 1091 5330 15992 1091 5331 15993 1081 5331 15994 1083 5331 15995 1091 5332 15996 1083 5332 15997 1089 5332 15998 1092 5333 15999 1091 5333 16000 2483 5333 16001 1095 5334 16002 1093 5334 16003 1094 5334 16004 1096 5335 16005 1095 5335 16006 1094 5335 16007 1096 5336 16008 1097 5336 16009 1076 5336 16010 1094 5337 16011 1097 5337 16012 1096 5337 16013 1094 5338 16014 1098 5338 16015 1097 5338 16016 2486 5339 16017 1098 5339 16018 1094 5339 16019 1099 5340 16020 1097 5340 16021 1098 5340 16022 1099 5341 16023 1098 5341 16024 1100 5341 16025 1098 5342 16026 2486 5342 16027 1102 5342 16028 1098 5343 16029 1101 5343 16030 1100 5343 16031 1102 5344 16032 1101 5344 16033 1098 5344 16034 1103 5345 16035 1105 5345 16036 1102 5345 16037 1104 5346 16038 1103 5346 16039 1102 5346 16040 1102 5347 16041 2486 5347 16042 1104 5347 16043 1102 5348 16044 1105 5348 16045 1101 5348 16046 1107 5349 16047 1101 5349 16048 1105 5349 16049 1107 5350 16050 1105 5350 16051 1106 5350 16052 1108 5351 16053 1107 5351 16054 1106 5351 16055 1101 5352 16056 1107 5352 16057 1100 5352 16058 1100 5353 16059 1107 5353 16060 1099 5353 16061 1099 5354 16062 1107 5354 16063 1108 5354 16064 1108 5355 16065 1109 5355 16066 1110 5355 16067 1109 5356 16068 1108 5356 16069 1112 5356 16070 1108 5357 16071 1110 5357 16072 1113 5357 16073 1108 5358 16074 1106 5358 16075 1111 5358 16076 1112 5359 16077 1108 5359 16078 1111 5359 16079 1099 5360 16080 1108 5360 16081 1113 5360 16082 1117 5361 16083 1113 5361 16084 1110 5361 16085 1114 5362 16086 1113 5362 16087 1117 5362 16088 1114 5363 16089 1099 5363 16090 1113 5363 16091 1115 5364 16092 1097 5364 16093 1114 5364 16094 1097 5365 16095 1099 5365 16096 1114 5365 16097 1525 5366 16098 1097 5366 16099 1115 5366 16100 1525 5367 16101 1115 5367 16102 1116 5367 16103 1117 5368 16104 1116 5368 16105 1115 5368 16106 1036 5369 16107 1116 5369 16108 1117 5369 16109 1035 5370 16110 1117 5370 16111 1118 5370 16112 1035 5371 16113 1036 5371 16114 1117 5371 16115 1119 5372 16116 1035 5372 16117 1118 5372 16118 1118 5373 16119 1117 5373 16120 1109 5373 16121 1111 5374 16122 1118 5374 16123 1112 5374 16124 1111 5375 16125 1119 5375 16126 1118 5375 16127 1118 5376 16128 1109 5376 16129 1112 5376 16130 1035 5377 16131 1119 5377 16132 1120 5377 16133 1035 5378 16134 1120 5378 16135 2463 5378 16136 1122 5379 16137 1120 5379 16138 1119 5379 16139 1122 5380 16140 1123 5380 16141 1120 5380 16142 1120 5381 16143 2473 5381 16144 1121 5381 16145 1120 5382 16146 1123 5382 16147 2473 5382 16148 1123 5383 16149 2474 5383 16150 2473 5383 16151 1123 5384 16152 1122 5384 16153 1105 5384 16154 1122 5385 16155 1106 5385 16156 1105 5385 16157 1106 5386 16158 1122 5386 16159 1119 5386 16160 1123 5387 16161 1105 5387 16162 2494 5387 16163 1124 5388 16164 1123 5388 16165 2494 5388 16166 1123 5389 16167 1124 5389 16168 2474 5389 16169 2474 5390 16170 1124 5390 16171 1125 5390 16172 1124 5391 16173 1126 5391 16174 1125 5391 16175 1126 5392 16176 1128 5392 16177 1125 5392 16178 2474 5393 16179 1125 5393 16180 1127 5393 16181 1127 5394 16182 1125 5394 16183 1128 5394 16184 1129 5395 16185 1127 5395 16186 1128 5395 16187 1126 5396 16188 1129 5396 16189 1128 5396 16190 2457 5397 16191 1129 5397 16192 1130 5397 16193 2457 5398 16194 1127 5398 16195 1129 5398 16196 1129 5399 16197 1126 5399 16198 1130 5399 16199 1131 5400 16200 2457 5400 16201 1130 5400 16202 1130 5401 16203 1126 5401 16204 1131 5401 16205 1131 5402 16206 1133 5402 16207 2457 5402 16208 1126 5403 16209 1132 5403 16210 1131 5403 16211 1132 5404 16212 1133 5404 16213 1131 5404 16214 1132 5405 16215 1134 5405 16216 1133 5405 16217 1134 5406 16218 2453 5406 16219 1133 5406 16220 1135 5407 16221 1136 5407 16222 1158 5407 16223 1136 5408 16224 1135 5408 16225 1134 5408 16226 1135 5409 16227 1158 5409 16228 1139 5409 16229 1139 5410 16230 1138 5410 16231 1135 5410 16232 1134 5411 16233 1135 5411 16234 1138 5411 16235 1138 5412 16236 1137 5412 16237 1134 5412 16238 1137 5413 16239 1138 5413 16240 1221 5413 16241 1221 5414 16242 1138 5414 16243 1140 5414 16244 1140 5415 16245 1138 5415 16246 1139 5415 16247 1141 5416 16248 1140 5416 16249 1146 5416 16250 1146 5417 16251 1140 5417 16252 1149 5417 16253 1149 5418 16254 1140 5418 16255 1139 5418 16256 1142 5419 16257 1141 5419 16258 1146 5419 16259 1142 5420 16260 1140 5420 16261 1141 5420 16262 1145 5421 16263 1144 5421 16264 1146 5421 16265 1146 5422 16266 1144 5422 16267 1143 5422 16268 1144 5423 16269 1145 5423 16270 1148 5423 16271 1147 5424 16272 1148 5424 16273 1145 5424 16274 1148 5425 16275 1150 5425 16276 2435 5425 16277 1148 5426 16278 1147 5426 16279 1150 5426 16280 1150 5427 16281 1147 5427 16282 1149 5427 16283 1149 5428 16284 1151 5428 16285 1150 5428 16286 1149 5429 16287 1154 5429 16288 1151 5429 16289 1152 5430 16290 1151 5430 16291 1154 5430 16292 1164 5431 16293 1152 5431 16294 1153 5431 16295 1151 5432 16296 1152 5432 16297 1164 5432 16298 1152 5433 16299 1154 5433 16300 1153 5433 16301 1156 5434 16302 1157 5434 16303 1155 5434 16304 1157 5435 16305 1154 5435 16306 1155 5435 16307 1155 5436 16308 1139 5436 16309 1156 5436 16310 1139 5437 16311 1157 5437 16312 1156 5437 16313 1159 5438 16314 1157 5438 16315 1158 5438 16316 1139 5439 16317 1158 5439 16318 1157 5439 16319 1160 5440 16320 1159 5440 16321 1158 5440 16322 1161 5441 16323 1159 5441 16324 1160 5441 16325 1159 5442 16326 1161 5442 16327 1153 5442 16328 2489 5443 16329 1161 5443 16330 1162 5443 16331 1162 5444 16332 1161 5444 16333 1160 5444 16334 2479 5445 16335 1161 5445 16336 2489 5445 16337 2479 5446 16338 1165 5446 16339 1161 5446 16340 1165 5447 16341 1163 5447 16342 1166 5447 16343 2479 5448 16344 1163 5448 16345 1165 5448 16346 1164 5449 16347 1165 5449 16348 1167 5449 16349 1161 5450 16350 1165 5450 16351 1164 5450 16352 1165 5451 16353 1166 5451 16354 1169 5451 16355 1167 5452 16356 1165 5452 16357 1169 5452 16358 1168 5453 16359 1167 5453 16360 1169 5453 16361 1171 5454 16362 1168 5454 16363 1169 5454 16364 1170 5455 16365 1171 5455 16366 1169 5455 16367 1169 5456 16368 1043 5456 16369 1170 5456 16370 1168 5457 16371 1171 5457 16372 984 5457 16373 984 5458 16374 1171 5458 16375 981 5458 16376 981 5459 16377 1171 5459 16378 979 5459 16379 979 5460 16380 1171 5460 16381 1170 5460 16382 1169 5461 16383 1166 5461 16384 1043 5461 16385 1172 5462 16386 1168 5462 16387 984 5462 16388 1172 5463 16389 985 5463 16390 1173 5463 16391 985 5464 16392 1172 5464 16393 984 5464 16394 1172 5465 16395 1173 5465 16396 2438 5465 16397 1176 5466 16398 2438 5466 16399 1173 5466 16400 1173 5467 16401 1175 5467 16402 1176 5467 16403 1175 5468 16404 1173 5468 16405 1174 5468 16406 1174 5469 16407 967 5469 16408 1175 5469 16409 1176 5470 16410 1175 5470 16411 967 5470 16412 1176 5471 16413 967 5471 16414 962 5471 16415 962 5472 16416 961 5472 16417 1176 5472 16418 1176 5473 16419 961 5473 16420 1177 5473 16421 1176 5474 16422 1177 5474 16423 1178 5474 16424 1179 5475 16425 1177 5475 16426 961 5475 16427 1179 5476 16428 1178 5476 16429 1177 5476 16430 1181 5477 16431 1178 5477 16432 1179 5477 16433 961 5478 16434 959 5478 16435 1179 5478 16436 959 5479 16437 1180 5479 16438 1179 5479 16439 1179 5480 16440 1180 5480 16441 1181 5480 16442 2478 5481 16443 2437 5481 16444 1181 5481 16445 1182 5482 16446 2478 5482 16447 2445 5482 16448 2478 5483 16449 1182 5483 16450 2437 5483 16451 2445 5484 16452 2478 5484 16453 1183 5484 16454 2445 5485 16455 1183 5485 16456 1184 5485 16457 1182 5486 16458 2445 5486 16459 1185 5486 16460 2445 5487 16461 2444 5487 16462 1185 5487 16463 1187 5488 16464 1186 5488 16465 1185 5488 16466 2444 5489 16467 1187 5489 16468 1185 5489 16469 1189 5490 16470 1187 5490 16471 1188 5490 16472 2444 5491 16473 1188 5491 16474 1187 5491 16475 1189 5492 16476 1188 5492 16477 1196 5492 16478 1194 5493 16479 1189 5493 16480 1196 5493 16481 1189 5494 16482 1194 5494 16483 1190 5494 16484 1191 5495 16485 1190 5495 16486 1194 5495 16487 2286 5496 16488 1190 5496 16489 1191 5496 16490 1193 5497 16491 2286 5497 16492 1191 5497 16493 1193 5498 16494 1191 5498 16495 1192 5498 16496 1194 5499 16497 1192 5499 16498 1191 5499 16499 1194 5500 16500 1196 5500 16501 1195 5500 16502 1195 5501 16503 1192 5501 16504 1194 5501 16505 1195 5502 16506 1196 5502 16507 1197 5502 16508 1196 5503 16509 1198 5503 16510 1197 5503 16511 1198 5504 16512 1196 5504 16513 1188 5504 16514 1199 5505 16515 1197 5505 16516 1198 5505 16517 1188 5506 16518 1199 5506 16519 1198 5506 16520 1199 5507 16521 1201 5507 16522 1200 5507 16523 1197 5508 16524 1199 5508 16525 1200 5508 16526 2444 5509 16527 1199 5509 16528 1188 5509 16529 1201 5510 16530 1204 5510 16531 1200 5510 16532 1200 5511 16533 1204 5511 16534 1202 5511 16535 1204 5512 16536 1201 5512 16537 1203 5512 16538 1203 5513 16539 1211 5513 16540 1204 5513 16541 1211 5514 16542 1205 5514 16543 1204 5514 16544 1204 5515 16545 1205 5515 16546 1202 5515 16547 1211 5516 16548 1207 5516 16549 1205 5516 16550 1205 5517 16551 1200 5517 16552 1202 5517 16553 1197 5518 16554 1200 5518 16555 1195 5518 16556 1195 5519 16557 1200 5519 16558 1205 5519 16559 1205 5520 16560 1193 5520 16561 1195 5520 16562 1193 5521 16563 1205 5521 16564 1207 5521 16565 1193 5522 16566 1207 5522 16567 1206 5522 16568 1210 5523 16569 1206 5523 16570 1207 5523 16571 1210 5524 16572 1208 5524 16573 1206 5524 16574 1210 5525 16575 1209 5525 16576 1208 5525 16577 1210 5526 16578 2432 5526 16579 1245 5526 16580 1209 5527 16581 1210 5527 16582 1245 5527 16583 1210 5528 16584 1211 5528 16585 2432 5528 16586 1211 5529 16587 1212 5529 16588 2432 5529 16589 1212 5530 16590 1211 5530 16591 1203 5530 16592 1213 5531 16593 1203 5531 16594 2441 5531 16595 1214 5532 16596 1215 5532 16597 1213 5532 16598 1213 5533 16599 2441 5533 16600 1214 5533 16601 1215 5534 16602 1212 5534 16603 1213 5534 16604 1212 5535 16605 1203 5535 16606 1213 5535 16607 1215 5536 16608 1216 5536 16609 1217 5536 16610 1216 5537 16611 1215 5537 16612 1214 5537 16613 1215 5538 16614 1217 5538 16615 1218 5538 16616 1220 5539 16617 1215 5539 16618 1218 5539 16619 1215 5540 16620 1219 5540 16621 1212 5540 16622 1220 5541 16623 1219 5541 16624 1215 5541 16625 1220 5542 16626 1221 5542 16627 1223 5542 16628 1221 5543 16629 1220 5543 16630 1218 5543 16631 1222 5544 16632 1219 5544 16633 1220 5544 16634 1220 5545 16635 1223 5545 16636 1222 5545 16637 1223 5546 16638 1140 5546 16639 1224 5546 16640 1221 5547 16641 1140 5547 16642 1223 5547 16643 1223 5548 16644 1224 5548 16645 2430 5548 16646 2430 5549 16647 1224 5549 16648 1225 5549 16649 1226 5550 16650 1225 5550 16651 1224 5550 16652 1228 5551 16653 1226 5551 16654 1142 5551 16655 1228 5552 16656 1227 5552 16657 1226 5552 16658 1229 5553 16659 1228 5553 16660 1143 5553 16661 1143 5554 16662 1228 5554 16663 1142 5554 16664 1228 5555 16665 1229 5555 16666 1230 5555 16667 1231 5556 16668 1230 5556 16669 1229 5556 16670 1231 5557 16671 1186 5557 16672 1233 5557 16673 1231 5558 16674 2431 5558 16675 1232 5558 16676 1231 5559 16677 2427 5559 16678 2431 5559 16679 1231 5560 16680 1233 5560 16681 2427 5560 16682 2434 5561 16683 1233 5561 16684 1234 5561 16685 2427 5562 16686 1233 5562 16687 2434 5562 16688 1233 5563 16689 1235 5563 16690 1234 5563 16691 1235 5564 16692 1233 5564 16693 2415 5564 16694 1235 5565 16695 1236 5565 16696 1234 5565 16697 2434 5566 16698 1234 5566 16699 1236 5566 16700 1237 5567 16701 1236 5567 16702 1239 5567 16703 2434 5568 16704 1236 5568 16705 1237 5568 16706 1237 5569 16707 1240 5569 16708 1238 5569 16709 1239 5570 16710 1240 5570 16711 1237 5570 16712 2417 5571 16713 1240 5571 16714 1239 5571 16715 1240 5572 16716 2417 5572 16717 2421 5572 16718 1240 5573 16719 1241 5573 16720 1242 5573 16721 2421 5574 16722 1241 5574 16723 1240 5574 16724 1242 5575 16725 1238 5575 16726 1240 5575 16727 1243 5576 16728 1244 5576 16729 1242 5576 16730 1243 5577 16731 1242 5577 16732 1241 5577 16733 1244 5578 16734 1238 5578 16735 1242 5578 16736 1244 5579 16737 1243 5579 16738 1245 5579 16739 1245 5580 16740 1238 5580 16741 1244 5580 16742 1245 5581 16743 1243 5581 16744 1209 5581 16745 1243 5582 16746 1246 5582 16747 1209 5582 16748 1246 5583 16749 1243 5583 16750 1241 5583 16751 1209 5584 16752 1246 5584 16753 1208 5584 16754 1246 5585 16755 1249 5585 16756 1208 5585 16757 1246 5586 16758 1241 5586 16759 1247 5586 16760 1250 5587 16761 1246 5587 16762 1247 5587 16763 1246 5588 16764 1248 5588 16765 1249 5588 16766 1248 5589 16767 1246 5589 16768 1250 5589 16769 1252 5590 16770 1251 5590 16771 1250 5590 16772 1251 5591 16773 1206 5591 16774 1250 5591 16775 1250 5592 16776 1206 5592 16777 1248 5592 16778 1247 5593 16779 1252 5593 16780 1250 5593 16781 1255 5594 16782 1251 5594 16783 1252 5594 16784 1247 5595 16785 2421 5595 16786 1252 5595 16787 1241 5596 16788 2421 5596 16789 1247 5596 16790 2421 5597 16791 1258 5597 16792 1252 5597 16793 1253 5598 16794 1258 5598 16795 2421 5598 16796 1258 5599 16797 1255 5599 16798 1252 5599 16799 1255 5600 16800 1258 5600 16801 1254 5600 16802 2277 5601 16803 1255 5601 16804 1254 5601 16805 1256 5602 16806 1255 5602 16807 2277 5602 16808 1254 5603 16809 1257 5603 16810 2278 5603 16811 2277 5604 16812 1254 5604 16813 2278 5604 16814 1259 5605 16815 1254 5605 16816 1258 5605 16817 1259 5606 16818 1260 5606 16819 1254 5606 16820 1260 5607 16821 1261 5607 16822 1254 5607 16823 1262 5608 16824 1257 5608 16825 1261 5608 16826 1260 5609 16827 1262 5609 16828 1261 5609 16829 1257 5610 16830 1254 5610 16831 1261 5610 16832 2282 5611 16833 1263 5611 16834 1262 5611 16835 1262 5612 16836 1263 5612 16837 1264 5612 16838 1262 5613 16839 1260 5613 16840 2282 5613 16841 2282 5614 16842 1266 5614 16843 1265 5614 16844 1266 5615 16845 2282 5615 16846 1267 5615 16847 1270 5616 16848 2282 5616 16849 1260 5616 16850 1267 5617 16851 2282 5617 16852 1269 5617 16853 2282 5618 16854 1270 5618 16855 1269 5618 16856 1259 5619 16857 1270 5619 16858 1260 5619 16859 1269 5620 16860 1270 5620 16861 1268 5620 16862 1259 5621 16863 1268 5621 16864 1270 5621 16865 1259 5622 16866 1253 5622 16867 1268 5622 16868 1268 5623 16869 1253 5623 16870 1271 5623 16871 2348 5624 16872 1271 5624 16873 1253 5624 16874 2348 5625 16875 1272 5625 16876 1271 5625 16877 2348 5626 16878 1253 5626 16879 1273 5626 16880 1253 5627 16881 2417 5627 16882 1273 5627 16883 2420 5628 16884 1276 5628 16885 1274 5628 16886 2349 5629 16887 1273 5629 16888 1274 5629 16889 1274 5630 16890 1273 5630 16891 2417 5630 16892 2417 5631 16893 2420 5631 16894 1274 5631 16895 1275 5632 16896 1276 5632 16897 2420 5632 16898 1277 5633 16899 1276 5633 16900 2415 5633 16901 1276 5634 16902 1275 5634 16903 2415 5634 16904 1277 5635 16905 1278 5635 16906 1276 5635 16907 1277 5636 16908 1279 5636 16909 1278 5636 16910 1276 5637 16911 1278 5637 16912 1274 5637 16913 1279 5638 16914 1274 5638 16915 1278 5638 16916 1281 5639 16917 1279 5639 16918 1280 5639 16919 1279 5640 16920 1282 5640 16921 1280 5640 16922 1282 5641 16923 1279 5641 16924 1277 5641 16925 2349 5642 16926 1279 5642 16927 1281 5642 16928 2349 5643 16929 1274 5643 16930 1279 5643 16931 1282 5644 16932 1277 5644 16933 1285 5644 16934 1283 5645 16935 1282 5645 16936 1285 5645 16937 1284 5646 16938 1283 5646 16939 1287 5646 16940 1283 5647 16941 1285 5647 16942 1287 5647 16943 1285 5648 16944 1186 5648 16945 1288 5648 16946 1285 5649 16947 1288 5649 16948 1286 5649 16949 1285 5650 16950 1286 5650 16951 1287 5650 16952 1288 5651 16953 1289 5651 16954 1286 5651 16955 1290 5652 16956 1289 5652 16957 1291 5652 16958 1291 5653 16959 1289 5653 16960 1288 5653 16961 1289 5654 16962 1290 5654 16963 1292 5654 16964 1295 5655 16965 1292 5655 16966 1290 5655 16967 2283 5656 16968 1290 5656 16969 1293 5656 16970 2182 5657 16971 1290 5657 16972 1294 5657 16973 1290 5658 16974 2182 5658 16975 1295 5658 16976 1294 5659 16977 1290 5659 16978 2283 5659 16979 2178 5660 16980 1296 5660 16981 1295 5660 16982 1296 5661 16983 1297 5661 16984 1295 5661 16985 2178 5662 16986 1295 5662 16987 2182 5662 16988 1292 5663 16989 1295 5663 16990 1297 5663 16991 1298 5664 16992 1297 5664 16993 1296 5664 16994 1296 5665 16995 2177 5665 16996 1299 5665 16997 1300 5666 16998 1299 5666 16999 989 5666 17000 1299 5667 17001 1300 5667 17002 1296 5667 17003 1298 5668 17004 1296 5668 17005 1300 5668 17006 1298 5669 17007 1300 5669 17008 1301 5669 17009 1312 5670 17010 1302 5670 17011 1301 5670 17012 1312 5671 17013 1301 5671 17014 1300 5671 17015 1307 5672 17016 1306 5672 17017 1303 5672 17018 1303 5673 17019 1306 5673 17020 1305 5673 17021 1304 5674 17022 1302 5674 17023 1306 5674 17024 1305 5675 17025 1306 5675 17026 1308 5675 17027 1308 5676 17028 1306 5676 17029 1302 5676 17030 1308 5677 17031 1309 5677 17032 1310 5677 17033 1311 5678 17034 1308 5678 17035 1310 5678 17036 1308 5679 17037 1302 5679 17038 1309 5679 17039 980 5680 17040 1308 5680 17041 1311 5680 17042 1311 5681 17043 1310 5681 17044 986 5681 17045 1311 5682 17046 986 5682 17047 982 5682 17048 1310 5683 17049 1309 5683 17050 1312 5683 17051 986 5684 17052 1312 5684 17053 990 5684 17054 1310 5685 17055 1312 5685 17056 986 5685 17057 1300 5686 17058 990 5686 17059 1312 5686 17060 1312 5687 17061 1309 5687 17062 1302 5687 17063 1307 5688 17064 2397 5688 17065 1313 5688 17066 1307 5689 17067 1303 5689 17068 2397 5689 17069 1307 5690 17070 1313 5690 17071 1317 5690 17072 1314 5691 17073 1316 5691 17074 1307 5691 17075 1314 5692 17076 1307 5692 17077 1317 5692 17078 1307 5693 17079 1315 5693 17080 1306 5693 17081 1315 5694 17082 1307 5694 17083 1316 5694 17084 1317 5695 17085 1318 5695 17086 1314 5695 17087 1317 5696 17088 1320 5696 17089 1318 5696 17090 1319 5697 17091 1320 5697 17092 1317 5697 17093 1317 5698 17094 1313 5698 17095 1319 5698 17096 1319 5699 17097 1051 5699 17098 1320 5699 17099 1318 5700 17100 1321 5700 17101 1351 5700 17102 1321 5701 17103 1318 5701 17104 1320 5701 17105 1350 5702 17106 1318 5702 17107 1351 5702 17108 1318 5703 17109 1350 5703 17110 1322 5703 17111 1323 5704 17112 1322 5704 17113 1349 5704 17114 1322 5705 17115 1350 5705 17116 1349 5705 17117 1322 5706 17118 1323 5706 17119 1324 5706 17120 1322 5707 17121 1324 5707 17122 1327 5707 17123 1322 5708 17124 1327 5708 17125 2396 5708 17126 1327 5709 17127 2298 5709 17128 2396 5709 17129 2298 5710 17130 1327 5710 17131 1326 5710 17132 1326 5711 17133 1328 5711 17134 1325 5711 17135 1326 5712 17136 1327 5712 17137 1328 5712 17138 1328 5713 17139 1330 5713 17140 1329 5713 17141 1328 5714 17142 1327 5714 17143 1324 5714 17144 1329 5715 17145 1325 5715 17146 1328 5715 17147 1330 5716 17148 1328 5716 17149 1324 5716 17150 1324 5717 17151 1323 5717 17152 1330 5717 17153 1330 5718 17154 1334 5718 17155 1329 5718 17156 1331 5719 17157 1334 5719 17158 1330 5719 17159 1332 5720 17160 1334 5720 17161 1331 5720 17162 1344 5721 17163 1334 5721 17164 1332 5721 17165 1344 5722 17166 1343 5722 17167 1334 5722 17168 1334 5723 17169 1343 5723 17170 1333 5723 17171 1329 5724 17172 1333 5724 17173 1337 5724 17174 1329 5725 17175 1334 5725 17176 1333 5725 17177 1335 5726 17178 1329 5726 17179 1337 5726 17180 1325 5727 17181 1329 5727 17182 1335 5727 17183 1337 5728 17184 1338 5728 17185 1336 5728 17186 1335 5729 17187 1337 5729 17188 1336 5729 17189 1339 5730 17190 1338 5730 17191 1341 5730 17192 1338 5731 17193 1339 5731 17194 1336 5731 17195 1644 5732 17196 1341 5732 17197 1340 5732 17198 1643 5733 17199 1341 5733 17200 1644 5733 17201 1341 5734 17202 1643 5734 17203 1339 5734 17204 1343 5735 17205 1342 5735 17206 1341 5735 17207 1344 5736 17208 1342 5736 17209 1343 5736 17210 2102 5737 17211 1954 5737 17212 1344 5737 17213 1954 5738 17214 1342 5738 17215 1344 5738 17216 2102 5739 17217 1344 5739 17218 1345 5739 17219 1345 5740 17220 1344 5740 17221 1346 5740 17222 1346 5741 17223 1344 5741 17224 1587 5741 17225 1353 5742 17226 1346 5742 17227 1587 5742 17228 1587 5743 17229 1344 5743 17230 1352 5743 17231 1587 5744 17232 1352 5744 17233 1347 5744 17234 1352 5745 17235 1348 5745 17236 1347 5745 17237 1349 5746 17238 1350 5746 17239 1348 5746 17240 1352 5747 17241 1349 5747 17242 1348 5747 17243 1348 5748 17244 1350 5748 17245 1351 5748 17246 1348 5749 17247 1351 5749 17248 1321 5749 17249 1352 5750 17250 1323 5750 17251 1349 5750 17252 1332 5751 17253 1323 5751 17254 1352 5751 17255 1331 5752 17256 1323 5752 17257 1332 5752 17258 1352 5753 17259 1344 5753 17260 1332 5753 17261 1353 5754 17262 1359 5754 17263 1354 5754 17264 1354 5755 17265 1355 5755 17266 1346 5755 17267 1354 5756 17268 1346 5756 17269 1353 5756 17270 1356 5757 17271 1355 5757 17272 1354 5757 17273 1356 5758 17274 1354 5758 17275 1357 5758 17276 1357 5759 17277 1360 5759 17278 1358 5759 17279 1357 5760 17280 1358 5760 17281 1356 5760 17282 1357 5761 17283 1354 5761 17284 1359 5761 17285 1357 5762 17286 1359 5762 17287 1582 5762 17288 1582 5763 17289 1360 5763 17290 1357 5763 17291 1582 5764 17292 1367 5764 17293 1360 5764 17294 1365 5765 17295 1361 5765 17296 1367 5765 17297 1360 5766 17298 1367 5766 17299 1361 5766 17300 1362 5767 17301 1360 5767 17302 1361 5767 17303 1362 5768 17304 1361 5768 17305 1365 5768 17306 1364 5769 17307 1360 5769 17308 1362 5769 17309 1362 5770 17310 1365 5770 17311 1363 5770 17312 1345 5771 17313 1362 5771 17314 1363 5771 17315 1364 5772 17316 1362 5772 17317 1345 5772 17318 1365 5773 17319 1366 5773 17320 1363 5773 17321 1366 5774 17322 1365 5774 17323 2394 5774 17324 2394 5775 17325 1365 5775 17326 1367 5775 17327 1373 5776 17328 2394 5776 17329 1367 5776 17330 1368 5777 17331 2394 5777 17332 1373 5777 17333 2034 5778 17334 1369 5778 17335 1370 5778 17336 1372 5779 17337 1373 5779 17338 1370 5779 17339 1375 5780 17340 1373 5780 17341 1374 5780 17342 1373 5781 17343 1375 5781 17344 1370 5781 17345 1374 5782 17346 1373 5782 17347 1376 5782 17348 1581 5783 17349 1379 5783 17350 1376 5783 17351 1376 5784 17352 1380 5784 17353 2098 5784 17354 1380 5785 17355 1376 5785 17356 1377 5785 17357 1377 5786 17358 1376 5786 17359 1379 5786 17360 1376 5787 17361 1373 5787 17362 1378 5787 17363 1581 5788 17364 1376 5788 17365 1378 5788 17366 1376 5789 17367 2098 5789 17368 1374 5789 17369 1389 5790 17370 1381 5790 17371 1380 5790 17372 1382 5791 17373 1381 5791 17374 1389 5791 17375 1389 5792 17376 1385 5792 17377 1382 5792 17378 1384 5793 17379 1382 5793 17380 1383 5793 17381 1382 5794 17382 1385 5794 17383 1386 5794 17384 1386 5795 17385 1385 5795 17386 1387 5795 17387 1390 5796 17388 1387 5796 17389 1388 5796 17390 1387 5797 17391 1389 5797 17392 1388 5797 17393 1389 5798 17394 1387 5798 17395 1385 5798 17396 2391 5799 17397 1397 5799 17398 1390 5799 17399 2391 5800 17400 1390 5800 17401 1388 5800 17402 1397 5801 17403 1391 5801 17404 1390 5801 17405 1390 5802 17406 1391 5802 17407 1392 5802 17408 1393 5803 17409 1392 5803 17410 1394 5803 17411 1386 5804 17412 1392 5804 17413 1393 5804 17414 1391 5805 17415 1394 5805 17416 1392 5805 17417 1396 5806 17418 1394 5806 17419 1391 5806 17420 1393 5807 17421 1394 5807 17422 2380 5807 17423 1394 5808 17424 1396 5808 17425 1395 5808 17426 1397 5809 17427 1395 5809 17428 1396 5809 17429 1396 5810 17430 1391 5810 17431 1397 5810 17432 1377 5811 17433 1397 5811 17434 2391 5811 17435 1400 5812 17436 1397 5812 17437 1398 5812 17438 1400 5813 17439 1395 5813 17440 1397 5813 17441 1397 5814 17442 1377 5814 17443 1398 5814 17444 1398 5815 17445 1377 5815 17446 2390 5815 17447 1398 5816 17448 1402 5816 17449 1399 5816 17450 1401 5817 17451 1398 5817 17452 1399 5817 17453 1400 5818 17454 1398 5818 17455 1401 5818 17456 2390 5819 17457 1402 5819 17458 1398 5819 17459 1403 5820 17460 1404 5820 17461 1402 5820 17462 1379 5821 17463 1403 5821 17464 1402 5821 17465 1379 5822 17466 1402 5822 17467 2390 5822 17468 1404 5823 17469 1399 5823 17470 1402 5823 17471 1404 5824 17472 1405 5824 17473 1408 5824 17474 1403 5825 17475 1405 5825 17476 1404 5825 17477 1404 5826 17478 1401 5826 17479 1399 5826 17480 1401 5827 17481 1404 5827 17482 1406 5827 17483 1406 5828 17484 1404 5828 17485 1407 5828 17486 1404 5829 17487 1408 5829 17488 1407 5829 17489 1410 5830 17490 1408 5830 17491 1409 5830 17492 1408 5831 17493 2386 5831 17494 1407 5831 17495 1405 5832 17496 1409 5832 17497 1408 5832 17498 1408 5833 17499 1410 5833 17500 2386 5833 17501 1410 5834 17502 1412 5834 17503 1411 5834 17504 1412 5835 17505 1410 5835 17506 1409 5835 17507 1412 5836 17508 1409 5836 17509 1598 5836 17510 1413 5837 17511 1412 5837 17512 1598 5837 17513 1412 5838 17514 1413 5838 17515 1414 5838 17516 1421 5839 17517 1414 5839 17518 1416 5839 17519 1412 5840 17520 1414 5840 17521 1421 5840 17522 1413 5841 17523 1415 5841 17524 1414 5841 17525 1415 5842 17526 1416 5842 17527 1414 5842 17528 1417 5843 17529 1421 5843 17530 1416 5843 17531 1415 5844 17532 1417 5844 17533 1416 5844 17534 1417 5845 17535 1415 5845 17536 1418 5845 17537 1420 5846 17538 1421 5846 17539 1417 5846 17540 1420 5847 17541 1417 5847 17542 1418 5847 17543 1419 5848 17544 1420 5848 17545 1418 5848 17546 1419 5849 17547 1604 5849 17548 1420 5849 17549 1420 5850 17550 1422 5850 17551 1421 5850 17552 1422 5851 17553 2384 5851 17554 1421 5851 17555 1421 5852 17556 2384 5852 17557 2389 5852 17558 1424 5853 17559 1422 5853 17560 1423 5853 17561 1423 5854 17562 1422 5854 17563 1420 5854 17564 1434 5855 17565 1422 5855 17566 1424 5855 17567 1425 5856 17568 1422 5856 17569 1434 5856 17570 1426 5857 17571 2384 5857 17572 1422 5857 17573 1426 5858 17574 1422 5858 17575 1427 5858 17576 1427 5859 17577 1428 5859 17578 1426 5859 17579 1428 5860 17580 1429 5860 17581 1426 5860 17582 1428 5861 17583 1430 5861 17584 1429 5861 17585 1428 5862 17586 1427 5862 17587 1425 5862 17588 1431 5863 17589 1430 5863 17590 1428 5863 17591 1425 5864 17592 1431 5864 17593 1428 5864 17594 1432 5865 17595 1431 5865 17596 1425 5865 17597 1425 5866 17598 1434 5866 17599 1432 5866 17600 1431 5867 17601 1432 5867 17602 1433 5867 17603 1436 5868 17604 1433 5868 17605 1435 5868 17606 1438 5869 17607 1433 5869 17608 1436 5869 17609 1439 5870 17610 1436 5870 17611 1437 5870 17612 1442 5871 17613 1437 5871 17614 1436 5871 17615 1436 5872 17616 1439 5872 17617 1438 5872 17618 1439 5873 17619 1437 5873 17620 1430 5873 17621 1430 5874 17622 1431 5874 17623 1439 5874 17624 1431 5875 17625 1438 5875 17626 1439 5875 17627 1433 5876 17628 1438 5876 17629 1431 5876 17630 1440 5877 17631 1442 5877 17632 1436 5877 17633 1441 5878 17634 1442 5878 17635 1440 5878 17636 1441 5879 17637 1440 5879 17638 1448 5879 17639 1443 5880 17640 1442 5880 17641 1441 5880 17642 1445 5881 17643 1443 5881 17644 1441 5881 17645 1443 5882 17646 1445 5882 17647 1444 5882 17648 1446 5883 17649 1445 5883 17650 1447 5883 17651 1445 5884 17652 1441 5884 17653 1447 5884 17654 1447 5885 17655 1441 5885 17656 1448 5885 17657 1448 5886 17658 1440 5886 17659 1435 5886 17660 1448 5887 17661 1435 5887 17662 1449 5887 17663 1449 5888 17664 1450 5888 17665 1447 5888 17666 1450 5889 17667 1449 5889 17668 1451 5889 17669 1016 5890 17670 1451 5890 17671 1460 5890 17672 1450 5891 17673 1451 5891 17674 1016 5891 17675 1451 5892 17676 1434 5892 17677 1460 5892 17678 1449 5893 17679 1434 5893 17680 1451 5893 17681 1435 5894 17682 1432 5894 17683 1434 5894 17684 1449 5895 17685 1435 5895 17686 1434 5895 17687 1434 5896 17688 1452 5896 17689 1460 5896 17690 1452 5897 17691 1454 5897 17692 1453 5897 17693 1455 5898 17694 1453 5898 17695 1454 5898 17696 1461 5899 17697 1453 5899 17698 1455 5899 17699 1610 5900 17700 1454 5900 17701 1611 5900 17702 1454 5901 17703 1610 5901 17704 1455 5901 17705 1454 5902 17706 1424 5902 17707 1611 5902 17708 1454 5903 17709 1452 5903 17710 1424 5903 17711 1456 5904 17712 1455 5904 17713 1610 5904 17714 1456 5905 17715 1458 5905 17716 1455 5905 17717 1456 5906 17718 1457 5906 17719 1458 5906 17720 1455 5907 17721 1458 5907 17722 1461 5907 17723 1459 5908 17724 1458 5908 17725 1457 5908 17726 1460 5909 17727 1458 5909 17728 1459 5909 17729 1458 5910 17730 1460 5910 17731 1452 5910 17732 1452 5911 17733 1461 5911 17734 1458 5911 17735 1453 5912 17736 1461 5912 17737 1452 5912 17738 1016 5913 17739 1460 5913 17740 1459 5913 17741 1459 5914 17742 1457 5914 17743 1463 5914 17744 1463 5915 17745 1457 5915 17746 1464 5915 17747 1462 5916 17748 1463 5916 17749 1464 5916 17750 1457 5917 17751 1465 5917 17752 1464 5917 17753 1465 5918 17754 1471 5918 17755 1464 5918 17756 1469 5919 17757 1468 5919 17758 1467 5919 17759 1467 5920 17760 1025 5920 17761 1469 5920 17762 1468 5921 17763 1469 5921 17764 1466 5921 17765 1469 5922 17766 1464 5922 17767 1466 5922 17768 1471 5923 17769 1466 5923 17770 1464 5923 17771 1023 5924 17772 1464 5924 17773 1469 5924 17774 1468 5925 17775 1471 5925 17776 1470 5925 17777 1466 5926 17778 1471 5926 17779 1468 5926 17780 1474 5927 17781 1468 5927 17782 1470 5927 17783 1470 5928 17784 1472 5928 17785 1474 5928 17786 1468 5929 17787 1474 5929 17788 1473 5929 17789 1473 5930 17790 1474 5930 17791 1475 5930 17792 1476 5931 17793 1474 5931 17794 1472 5931 17795 1476 5932 17796 1475 5932 17797 1474 5932 17798 1493 5933 17799 1475 5933 17800 1476 5933 17801 1472 5934 17802 1493 5934 17803 1476 5934 17804 1493 5935 17805 1478 5935 17806 1475 5935 17807 1493 5936 17808 1620 5936 17809 1478 5936 17810 1478 5937 17811 1477 5937 17812 1479 5937 17813 1480 5938 17814 1478 5938 17815 1479 5938 17816 1475 5939 17817 1478 5939 17818 1480 5939 17819 1473 5940 17820 1475 5940 17821 1480 5940 17822 1481 5941 17823 1480 5941 17824 1479 5941 17825 1481 5942 17826 1483 5942 17827 1480 5942 17828 1483 5943 17829 1473 5943 17830 1480 5943 17831 1482 5944 17832 1473 5944 17833 1483 5944 17834 1483 5945 17835 1467 5945 17836 1482 5945 17837 1482 5946 17838 1467 5946 17839 1473 5946 17840 1483 5947 17841 1481 5947 17842 1485 5947 17843 1486 5948 17844 1485 5948 17845 1481 5948 17846 1481 5949 17847 1477 5949 17848 1486 5949 17849 1486 5950 17850 1484 5950 17851 1485 5950 17852 1488 5951 17853 1487 5951 17854 1486 5951 17855 1486 5952 17856 1487 5952 17857 1484 5952 17858 1477 5953 17859 1488 5953 17860 1486 5953 17861 1488 5954 17862 1477 5954 17863 1489 5954 17864 1489 5955 17865 1477 5955 17866 1620 5955 17867 1620 5956 17868 1477 5956 17869 1478 5956 17870 1490 5957 17871 1489 5957 17872 1620 5957 17873 1490 5958 17874 1620 5958 17875 1491 5958 17876 1491 5959 17877 1495 5959 17878 1490 5959 17879 1495 5960 17880 1491 5960 17881 1494 5960 17882 1494 5961 17883 1491 5961 17884 1492 5961 17885 1491 5962 17886 1493 5962 17887 1492 5962 17888 1491 5963 17889 1620 5963 17890 1493 5963 17891 1494 5964 17892 1492 5964 17893 1496 5964 17894 1493 5965 17895 1496 5965 17896 1492 5965 17897 1493 5966 17898 1614 5966 17899 1496 5966 17900 1496 5967 17901 1614 5967 17902 1497 5967 17903 1498 5968 17904 1497 5968 17905 1614 5968 17906 1497 5969 17907 1498 5969 17908 1500 5969 17909 1614 5970 17910 1499 5970 17911 1498 5970 17912 1499 5971 17913 1609 5971 17914 1498 5971 17915 1609 5972 17916 1500 5972 17917 1498 5972 17918 1501 5973 17919 1500 5973 17920 1502 5973 17921 1609 5974 17922 1502 5974 17923 1500 5974 17924 1500 5975 17925 1495 5975 17926 1494 5975 17927 1501 5976 17928 1495 5976 17929 1500 5976 17930 1504 5977 17931 1501 5977 17932 1502 5977 17933 1502 5978 17934 1609 5978 17935 1603 5978 17936 1503 5979 17937 1502 5979 17938 1603 5979 17939 1504 5980 17940 1502 5980 17941 1503 5980 17942 1505 5981 17943 1504 5981 17944 1506 5981 17945 1504 5982 17946 1505 5982 17947 1501 5982 17948 1507 5983 17949 1508 5983 17950 1506 5983 17951 1508 5984 17952 1509 5984 17953 1506 5984 17954 1509 5985 17955 1539 5985 17956 1510 5985 17957 1513 5986 17958 1511 5986 17959 1510 5986 17960 1511 5987 17961 1509 5987 17962 1510 5987 17963 1511 5988 17964 1619 5988 17965 1505 5988 17966 1511 5989 17967 1505 5989 17968 1509 5989 17969 1511 5990 17970 1514 5990 17971 1619 5990 17972 1514 5991 17973 1511 5991 17974 1512 5991 17975 1511 5992 17976 1513 5992 17977 1512 5992 17978 1490 5993 17979 1619 5993 17980 1514 5993 17981 1488 5994 17982 1514 5994 17983 1515 5994 17984 1514 5995 17985 1512 5995 17986 1515 5995 17987 1514 5996 17988 1489 5996 17989 1490 5996 17990 1488 5997 17991 1489 5997 17992 1514 5997 17993 1515 5998 17994 1487 5998 17995 1488 5998 17996 1515 5999 17997 1512 5999 17998 1516 5999 17999 1516 6000 18000 1512 6000 18001 1074 6000 18002 1517 6001 18003 1515 6001 18004 1516 6001 18005 1517 6002 18006 1520 6002 18007 1518 6002 18008 1517 6003 18009 1075 6003 18010 1520 6003 18011 1074 6004 18012 1075 6004 18013 1517 6004 18014 1074 6005 18015 1517 6005 18016 1516 6005 18017 1517 6006 18018 1518 6006 18019 1484 6006 18020 1484 6007 18021 1518 6007 18022 1519 6007 18023 1518 6008 18024 1521 6008 18025 1519 6008 18026 1518 6009 18027 1520 6009 18028 1521 6009 18029 1521 6010 18030 1523 6010 18031 1522 6010 18032 1522 6011 18033 1483 6011 18034 1521 6011 18035 1523 6012 18036 1521 6012 18037 1520 6012 18038 1521 6013 18039 1483 6013 18040 1519 6013 18041 1522 6014 18042 1523 6014 18043 1524 6014 18044 1523 6015 18045 1525 6015 18046 1524 6015 18047 1526 6016 18048 1525 6016 18049 1523 6016 18050 1520 6017 18051 1526 6017 18052 1523 6017 18053 1526 6018 18054 1520 6018 18055 1075 6018 18056 1528 6019 18057 1524 6019 18058 1525 6019 18059 1524 6020 18060 1528 6020 18061 1522 6020 18062 1528 6021 18063 1525 6021 18064 1527 6021 18065 1529 6022 18066 1528 6022 18067 1531 6022 18068 1037 6023 18069 1528 6023 18070 1527 6023 18071 1528 6024 18072 1529 6024 18073 1522 6024 18074 1037 6025 18075 1531 6025 18076 1528 6025 18077 1529 6026 18078 1531 6026 18079 1530 6026 18080 1532 6027 18081 1530 6027 18082 1531 6027 18083 1032 6028 18084 1531 6028 18085 1037 6028 18086 1532 6029 18087 1531 6029 18088 1032 6029 18089 1033 6030 18090 1532 6030 18091 1032 6030 18092 1033 6031 18093 1533 6031 18094 1532 6031 18095 1535 6032 18096 1532 6032 18097 1533 6032 18098 1534 6033 18099 1025 6033 18100 1535 6033 18101 1026 6034 18102 1025 6034 18103 1534 6034 18104 1026 6035 18105 1534 6035 18106 1029 6035 18107 1536 6036 18108 1534 6036 18109 1535 6036 18110 1533 6037 18111 1536 6037 18112 1535 6037 18113 1533 6038 18114 1033 6038 18115 1536 6038 18116 1025 6039 18117 1530 6039 18118 1535 6039 18119 1025 6040 18120 1483 6040 18121 1530 6040 18122 1483 6041 18123 1025 6041 18124 1467 6041 18125 1532 6042 18126 1535 6042 18127 1530 6042 18128 1530 6043 18129 1522 6043 18130 1529 6043 18131 1530 6044 18132 1483 6044 18133 1522 6044 18134 1537 6045 18135 1527 6045 18136 1036 6045 18137 1537 6046 18138 1037 6046 18139 1527 6046 18140 1527 6047 18141 1116 6047 18142 1036 6047 18143 1527 6048 18144 1525 6048 18145 1116 6048 18146 1484 6049 18147 1519 6049 18148 1538 6049 18149 1519 6050 18150 1485 6050 18151 1538 6050 18152 1519 6051 18153 1483 6051 18154 1485 6051 18155 1485 6052 18156 1484 6052 18157 1538 6052 18158 1517 6053 18159 1487 6053 18160 1515 6053 18161 1517 6054 18162 1484 6054 18163 1487 6054 18164 1072 6055 18165 1512 6055 18166 1513 6055 18167 1072 6056 18168 1074 6056 18169 1512 6056 18170 1618 6057 18171 1072 6057 18172 1513 6057 18173 1539 6058 18174 1540 6058 18175 1073 6058 18176 1539 6059 18177 1073 6059 18178 1510 6059 18179 1073 6060 18180 1540 6060 18181 1069 6060 18182 1057 6061 18183 1069 6061 18184 1540 6061 18185 1057 6062 18186 1540 6062 18187 1542 6062 18188 1542 6063 18189 1540 6063 18190 1541 6063 18191 1541 6064 18192 1544 6064 18193 1543 6064 18194 1543 6065 18195 1542 6065 18196 1541 6065 18197 1544 6066 18198 1541 6066 18199 1545 6066 18200 1545 6067 18201 1546 6067 18202 1544 6067 18203 1507 6068 18204 1545 6068 18205 1508 6068 18206 1509 6069 18207 1545 6069 18208 1540 6069 18209 1509 6070 18210 1508 6070 18211 1545 6070 18212 1541 6071 18213 1540 6071 18214 1545 6071 18215 1509 6072 18216 1540 6072 18217 1539 6072 18218 1507 6073 18219 1546 6073 18220 1545 6073 18221 1507 6074 18222 1506 6074 18223 1546 6074 18224 1547 6075 18225 1544 6075 18226 1546 6075 18227 1548 6076 18228 1543 6076 18229 1544 6076 18230 1547 6077 18231 1548 6077 18232 1544 6077 18233 1548 6078 18234 1549 6078 18235 1551 6078 18236 1547 6079 18237 1549 6079 18238 1548 6079 18239 1549 6080 18240 1557 6080 18241 1550 6080 18242 1553 6081 18243 1549 6081 18244 1550 6081 18245 1547 6082 18246 1557 6082 18247 1549 6082 18248 1549 6083 18249 1553 6083 18250 1596 6083 18251 1549 6084 18252 1596 6084 18253 1551 6084 18254 1550 6085 18255 1552 6085 18256 1553 6085 18257 1552 6086 18258 1555 6086 18259 1554 6086 18260 1552 6087 18261 1550 6087 18262 1555 6087 18263 1554 6088 18264 1555 6088 18265 1557 6088 18266 1550 6089 18267 1557 6089 18268 1555 6089 18269 1560 6090 18270 1554 6090 18271 1557 6090 18272 1556 6091 18273 1554 6091 18274 1560 6091 18275 1558 6092 18276 1560 6092 18277 1557 6092 18278 1559 6093 18279 1560 6093 18280 1558 6093 18281 1563 6094 18282 1562 6094 18283 1615 6094 18284 1569 6095 18285 1562 6095 18286 1563 6095 18287 1566 6096 18288 1569 6096 18289 1563 6096 18290 1563 6097 18291 1564 6097 18292 1565 6097 18293 1563 6098 18294 1565 6098 18295 1566 6098 18296 1567 6099 18297 1568 6099 18298 1566 6099 18299 1568 6100 18300 1570 6100 18301 1569 6100 18302 1569 6101 18303 1570 6101 18304 1562 6101 18305 1570 6102 18306 1347 6102 18307 1571 6102 18308 1587 6103 18309 1570 6103 18310 1572 6103 18311 1587 6104 18312 1347 6104 18313 1570 6104 18314 1572 6105 18315 1570 6105 18316 1568 6105 18317 1561 6106 18318 1562 6106 18319 1570 6106 18320 1570 6107 18321 1556 6107 18322 1561 6107 18323 1556 6108 18324 1570 6108 18325 1554 6108 18326 1552 6109 18327 1554 6109 18328 1570 6109 18329 1587 6110 18330 1572 6110 18331 1577 6110 18332 1574 6111 18333 1577 6111 18334 1572 6111 18335 1574 6112 18336 1572 6112 18337 1595 6112 18338 1595 6113 18339 1573 6113 18340 1574 6113 18341 1573 6114 18342 1576 6114 18343 1574 6114 18344 1575 6115 18345 1576 6115 18346 1573 6115 18347 1576 6116 18348 1575 6116 18349 1591 6116 18350 1591 6117 18351 1577 6117 18352 1576 6117 18353 1591 6118 18354 1578 6118 18355 1577 6118 18356 1578 6119 18357 1586 6119 18358 1577 6119 18359 1591 6120 18360 1579 6120 18361 1578 6120 18362 1580 6121 18363 1584 6121 18364 1579 6121 18365 1581 6122 18366 1584 6122 18367 1580 6122 18368 1581 6123 18369 1378 6123 18370 1582 6123 18371 1583 6124 18372 1584 6124 18373 1581 6124 18374 1583 6125 18375 1581 6125 18376 1582 6125 18377 1582 6126 18378 1359 6126 18379 1583 6126 18380 1359 6127 18381 1589 6127 18382 1583 6127 18383 1579 6128 18384 1584 6128 18385 1578 6128 18386 1586 6129 18387 1584 6129 18388 1585 6129 18389 1589 6130 18390 1585 6130 18391 1584 6130 18392 1589 6131 18393 1584 6131 18394 1583 6131 18395 1584 6132 18396 1586 6132 18397 1578 6132 18398 1586 6133 18399 1588 6133 18400 1587 6133 18401 1589 6134 18402 1353 6134 18403 1588 6134 18404 1587 6135 18405 1588 6135 18406 1353 6135 18407 1585 6136 18408 1588 6136 18409 1590 6136 18410 1588 6137 18411 1586 6137 18412 1585 6137 18413 1588 6138 18414 1585 6138 18415 1590 6138 18416 1585 6139 18417 1589 6139 18418 1588 6139 18419 1587 6140 18420 1577 6140 18421 1586 6140 18422 1353 6141 18423 1589 6141 18424 1359 6141 18425 1582 6142 18426 1378 6142 18427 1367 6142 18428 1367 6143 18429 1378 6143 18430 1373 6143 18431 1575 6144 18432 1592 6144 18433 1580 6144 18434 1580 6145 18435 1591 6145 18436 1575 6145 18437 1581 6146 18438 1580 6146 18439 1379 6146 18440 1403 6147 18441 1379 6147 18442 1580 6147 18443 1403 6148 18444 1580 6148 18445 1592 6148 18446 1575 6149 18447 1593 6149 18448 1592 6149 18449 1593 6150 18450 1405 6150 18451 1592 6150 18452 1592 6151 18453 1405 6151 18454 1403 6151 18455 1573 6152 18456 1409 6152 18457 1593 6152 18458 1573 6153 18459 1593 6153 18460 1575 6153 18461 1405 6154 18462 1593 6154 18463 1409 6154 18464 1591 6155 18465 1580 6155 18466 1579 6155 18467 1576 6156 18468 1577 6156 18469 1574 6156 18470 1595 6157 18471 1594 6157 18472 1573 6157 18473 1594 6158 18474 1409 6158 18475 1573 6158 18476 1565 6159 18477 1598 6159 18478 1594 6159 18479 1567 6160 18480 1565 6160 18481 1594 6160 18482 1567 6161 18483 1594 6161 18484 1595 6161 18485 1594 6162 18486 1598 6162 18487 1409 6162 18488 1595 6163 18489 1572 6163 18490 1567 6163 18491 1567 6164 18492 1572 6164 18493 1568 6164 18494 1571 6165 18495 1552 6165 18496 1570 6165 18497 1553 6166 18498 1552 6166 18499 1571 6166 18500 1571 6167 18501 1057 6167 18502 1596 6167 18503 1596 6168 18504 1553 6168 18505 1571 6168 18506 1596 6169 18507 1057 6169 18508 1542 6169 18509 1597 6170 18510 1596 6170 18511 1542 6170 18512 1543 6171 18513 1597 6171 18514 1542 6171 18515 1551 6172 18516 1596 6172 18517 1597 6172 18518 1543 6173 18519 1551 6173 18520 1597 6173 18521 1543 6174 18522 1548 6174 18523 1551 6174 18524 1571 6175 18525 1347 6175 18526 1057 6175 18527 1566 6176 18528 1568 6176 18529 1569 6176 18530 1565 6177 18531 1567 6177 18532 1566 6177 18533 1599 6178 18534 1565 6178 18535 1564 6178 18536 1598 6179 18537 1565 6179 18538 1599 6179 18539 1601 6180 18540 1599 6180 18541 1600 6180 18542 1599 6181 18543 1564 6181 18544 1600 6181 18545 1599 6182 18546 1601 6182 18547 1598 6182 18548 1601 6183 18549 1600 6183 18550 1602 6183 18551 1415 6184 18552 1601 6184 18553 1602 6184 18554 1598 6185 18555 1601 6185 18556 1413 6185 18557 1601 6186 18558 1415 6186 18559 1413 6186 18560 1415 6187 18561 1602 6187 18562 1419 6187 18563 1602 6188 18564 1603 6188 18565 1419 6188 18566 1603 6189 18567 1602 6189 18568 1564 6189 18569 1564 6190 18570 1602 6190 18571 1600 6190 18572 1419 6191 18573 1603 6191 18574 1604 6191 18575 1603 6192 18576 1609 6192 18577 1604 6192 18578 1558 6193 18579 1603 6193 18580 1564 6193 18581 1558 6194 18582 1564 6194 18583 1615 6194 18584 1559 6195 18585 1558 6195 18586 1615 6195 18587 1503 6196 18588 1603 6196 18589 1558 6196 18590 1604 6197 18591 1609 6197 18592 1605 6197 18593 1423 6198 18594 1604 6198 18595 1605 6198 18596 1605 6199 18597 1606 6199 18598 1423 6199 18599 1608 6200 18600 1423 6200 18601 1606 6200 18602 1606 6201 18603 1609 6201 18604 1607 6201 18605 1607 6202 18606 1608 6202 18607 1606 6202 18608 1606 6203 18609 1605 6203 18610 1609 6203 18611 1610 6204 18612 1608 6204 18613 1607 6204 18614 1610 6205 18615 1611 6205 18616 1608 6205 18617 1612 6206 18618 1608 6206 18619 1611 6206 18620 1608 6207 18621 1612 6207 18622 1423 6207 18623 1612 6208 18624 1611 6208 18625 1424 6208 18626 1424 6209 18627 1423 6209 18628 1612 6209 18629 1607 6210 18630 1613 6210 18631 1610 6210 18632 1614 6211 18633 1456 6211 18634 1613 6211 18635 1613 6212 18636 1607 6212 18637 1614 6212 18638 1607 6213 18639 1499 6213 18640 1614 6213 18641 1610 6214 18642 1613 6214 18643 1456 6214 18644 1607 6215 18645 1609 6215 18646 1499 6215 18647 1615 6216 18648 1564 6216 18649 1563 6216 18650 1561 6217 18651 1615 6217 18652 1562 6217 18653 1615 6218 18654 1561 6218 18655 1616 6218 18656 1559 6219 18657 1615 6219 18658 1616 6219 18659 1616 6220 18660 1559 6220 18661 1617 6220 18662 1559 6221 18663 1616 6221 18664 1617 6221 18665 1560 6222 18666 1616 6222 18667 1561 6222 18668 1616 6223 18669 1560 6223 18670 1559 6223 18671 1560 6224 18672 1561 6224 18673 1556 6224 18674 1557 6225 18675 1504 6225 18676 1558 6225 18677 1504 6226 18678 1503 6226 18679 1558 6226 18680 1547 6227 18681 1504 6227 18682 1557 6227 18683 1504 6228 18684 1546 6228 18685 1506 6228 18686 1546 6229 18687 1504 6229 18688 1547 6229 18689 1618 6230 18690 1513 6230 18691 1510 6230 18692 1510 6231 18693 1073 6231 18694 1618 6231 18695 1509 6232 18696 1505 6232 18697 1506 6232 18698 1495 6233 18699 1505 6233 18700 1619 6233 18701 1501 6234 18702 1505 6234 18703 1495 6234 18704 1490 6235 18705 1495 6235 18706 1619 6235 18707 1500 6236 18708 1494 6236 18709 1497 6236 18710 1497 6237 18711 1494 6237 18712 1496 6237 18713 1493 6238 18714 1457 6238 18715 1614 6238 18716 1614 6239 18717 1457 6239 18718 1456 6239 18719 1477 6240 18720 1481 6240 18721 1479 6240 18722 1457 6241 18723 1493 6241 18724 1472 6241 18725 1467 6242 18726 1468 6242 18727 1473 6242 18728 1470 6243 18729 1465 6243 18730 1472 6243 18731 1457 6244 18732 1472 6244 18733 1465 6244 18734 1465 6245 18735 1470 6245 18736 1471 6245 18737 1434 6246 18738 1424 6246 18739 1452 6246 18740 1447 6247 18741 1450 6247 18742 1621 6247 18743 1016 6248 18744 1622 6248 18745 1450 6248 18746 1622 6249 18747 1621 6249 18748 1450 6249 18749 1622 6250 18750 1016 6250 18751 1623 6250 18752 1621 6251 18753 1622 6251 18754 1634 6251 18755 1634 6252 18756 1622 6252 18757 1623 6252 18758 1634 6253 18759 1623 6253 18760 1624 6253 18761 1623 6254 18762 1016 6254 18763 1624 6254 18764 1634 6255 18765 1624 6255 18766 1626 6255 18767 1625 6256 18768 1626 6256 18769 1624 6256 18770 1624 6257 18771 1628 6257 18772 1625 6257 18773 1624 6258 18774 2382 6258 18775 1628 6258 18776 1624 6259 18777 1016 6259 18778 2382 6259 18779 1629 6260 18780 1625 6260 18781 1627 6260 18782 1628 6261 18783 1627 6261 18784 1625 6261 18785 1628 6262 18786 997 6262 18787 1627 6262 18788 997 6263 18789 1628 6263 18790 1013 6263 18791 1630 6264 18792 1627 6264 18793 997 6264 18794 1630 6265 18795 1629 6265 18796 1627 6265 18797 1632 6266 18798 1629 6266 18799 1630 6266 18800 1632 6267 18801 1631 6267 18802 1635 6267 18803 1633 6268 18804 1632 6268 18805 1635 6268 18806 1446 6269 18807 1635 6269 18808 1631 6269 18809 1635 6270 18810 1634 6270 18811 1633 6270 18812 1635 6271 18813 1447 6271 18814 1621 6271 18815 1635 6272 18816 1446 6272 18817 1447 6272 18818 1621 6273 18819 1634 6273 18820 1635 6273 18821 1626 6274 18822 1633 6274 18823 1634 6274 18824 1629 6275 18825 1633 6275 18826 1626 6275 18827 1633 6276 18828 1629 6276 18829 1632 6276 18830 1626 6277 18831 1625 6277 18832 1629 6277 18833 1630 6278 18834 1636 6278 18835 1632 6278 18836 1636 6279 18837 1631 6279 18838 1632 6279 18839 1630 6280 18840 2292 6280 18841 1636 6280 18842 2292 6281 18843 1637 6281 18844 1636 6281 18845 1636 6282 18846 1637 6282 18847 1631 6282 18848 1639 6283 18849 1637 6283 18850 1638 6283 18851 1638 6284 18852 1637 6284 18853 2292 6284 18854 1446 6285 18855 1637 6285 18856 1445 6285 18857 1446 6286 18858 1631 6286 18859 1637 6286 18860 1639 6287 18861 1445 6287 18862 1637 6287 18863 1640 6288 18864 1639 6288 18865 1638 6288 18866 1444 6289 18867 1445 6289 18868 1639 6289 18869 1444 6290 18870 1639 6290 18871 1640 6290 18872 1444 6291 18873 1640 6291 18874 1641 6291 18875 1444 6292 18876 1642 6292 18877 2381 6292 18878 1642 6293 18879 1444 6293 18880 1641 6293 18881 1642 6294 18882 1641 6294 18883 1643 6294 18884 1642 6295 18885 1643 6295 18886 1644 6295 18887 1642 6296 18888 2374 6296 18889 2381 6296 18890 1645 6297 18891 2373 6297 18892 1642 6297 18893 1642 6298 18894 2373 6298 18895 2374 6298 18896 1642 6299 18897 1644 6299 18898 1645 6299 18899 1384 6300 18900 2373 6300 18901 1645 6300 18902 1645 6301 18903 1646 6301 18904 1384 6301 18905 1645 6302 18906 1340 6302 18907 1646 6302 18908 2088 6303 18909 1384 6303 18910 1647 6303 18911 2099 6304 18912 1384 6304 18913 2088 6304 18914 1649 6305 18915 1384 6305 18916 1646 6305 18917 1649 6306 18918 1646 6306 18919 1340 6306 18920 1649 6307 18921 1340 6307 18922 1953 6307 18923 1953 6308 18924 1648 6308 18925 1649 6308 18926 1649 6309 18927 1648 6309 18928 1650 6309 18929 1649 6310 18930 1650 6310 18931 1647 6310 18932 1647 6311 18933 1384 6311 18934 1649 6311 18935 1647 6312 18936 1650 6312 18937 2083 6312 18938 1650 6313 18939 2080 6313 18940 2083 6313 18941 1652 6314 18942 1651 6314 18943 2080 6314 18944 2080 6315 18945 1650 6315 18946 1652 6315 18947 1652 6316 18948 1653 6316 18949 1651 6316 18950 1652 6317 18951 1654 6317 18952 1653 6317 18953 1657 6318 18954 1653 6318 18955 1654 6318 18956 1657 6319 18957 1654 6319 18958 1948 6319 18959 1655 6320 18960 1657 6320 18961 1948 6320 18962 1655 6321 18963 1948 6321 18964 1946 6321 18965 1655 6322 18966 1946 6322 18967 2308 6322 18968 1655 6323 18969 2308 6323 18970 1656 6323 18971 2370 6324 18972 1655 6324 18973 1656 6324 18974 2370 6325 18975 1657 6325 18976 1655 6325 18977 2070 6326 18978 1657 6326 18979 2370 6326 18980 2070 6327 18981 2370 6327 18982 1658 6327 18983 1658 6328 18984 2370 6328 18985 1659 6328 18986 1660 6329 18987 1659 6329 18988 2370 6329 18989 2077 6330 18990 1660 6330 18991 1661 6330 18992 1662 6331 18993 1675 6331 18994 1661 6331 18995 1664 6332 18996 1662 6332 18997 1663 6332 18998 1664 6333 18999 1675 6333 19000 1662 6333 19001 2131 6334 19002 1664 6334 19003 2128 6334 19004 2128 6335 19005 1664 6335 19006 1663 6335 19007 2131 6336 19008 1665 6336 19009 1664 6336 19010 2290 6337 19011 1665 6337 19012 2131 6337 19013 1665 6338 19014 2290 6338 19015 1666 6338 19016 1666 6339 19017 2290 6339 19018 1671 6339 19019 1667 6340 19020 1671 6340 19021 2290 6340 19022 1668 6341 19023 1671 6341 19024 1667 6341 19025 2138 6342 19026 1669 6342 19027 1668 6342 19028 2140 6343 19029 2138 6343 19030 1668 6343 19031 2140 6344 19032 1668 6344 19033 1667 6344 19034 2241 6345 19035 1668 6345 19036 1669 6345 19037 2243 6346 19038 1668 6346 19039 2241 6346 19040 1671 6347 19041 1668 6347 19042 2243 6347 19043 2243 6348 19044 1670 6348 19045 1671 6348 19046 1671 6349 19047 1670 6349 19048 1672 6349 19049 1671 6350 19050 1672 6350 19051 1676 6350 19052 1666 6351 19053 1671 6351 19054 1676 6351 19055 2367 6352 19056 1676 6352 19057 1672 6352 19058 1676 6353 19059 1673 6353 19060 1674 6353 19061 1674 6354 19062 1675 6354 19063 1676 6354 19064 1677 6355 19065 1675 6355 19066 1674 6355 19067 1674 6356 19068 2369 6356 19069 1677 6356 19070 1677 6357 19071 1994 6357 19072 1675 6357 19073 1994 6358 19074 1677 6358 19075 1678 6358 19076 1679 6359 19077 1678 6359 19078 1677 6359 19079 1677 6360 19080 2369 6360 19081 1679 6360 19082 1680 6361 19083 1678 6361 19084 1679 6361 19085 1679 6362 19086 1681 6362 19087 1680 6362 19088 1681 6363 19089 1682 6363 19090 1686 6363 19091 1680 6364 19092 1681 6364 19093 1683 6364 19094 1681 6365 19095 1686 6365 19096 1683 6365 19097 1684 6366 19098 1686 6366 19099 1682 6366 19100 1686 6367 19101 1685 6367 19102 1683 6367 19103 1686 6368 19104 1687 6368 19105 1688 6368 19106 1686 6369 19107 1670 6369 19108 1687 6369 19109 1685 6370 19110 1686 6370 19111 1689 6370 19112 1686 6371 19113 1690 6371 19114 1689 6371 19115 1686 6372 19116 1688 6372 19117 1690 6372 19118 1670 6373 19119 1686 6373 19120 1684 6373 19121 1695 6374 19122 1693 6374 19123 1690 6374 19124 1690 6375 19125 2253 6375 19126 1695 6375 19127 1690 6376 19128 1693 6376 19129 1691 6376 19130 1692 6377 19131 1690 6377 19132 1691 6377 19133 1689 6378 19134 1690 6378 19135 1692 6378 19136 1694 6379 19137 1696 6379 19138 1693 6379 19139 1695 6380 19140 1694 6380 19141 1693 6380 19142 1696 6381 19143 1691 6381 19144 1693 6381 19145 1696 6382 19146 1697 6382 19147 1699 6382 19148 1694 6383 19149 1697 6383 19150 1696 6383 19151 1696 6384 19152 1699 6384 19153 1698 6384 19154 1700 6385 19155 1696 6385 19156 1698 6385 19157 1696 6386 19158 1692 6386 19159 1691 6386 19160 1692 6387 19161 1696 6387 19162 1700 6387 19163 1698 6388 19164 1689 6388 19165 1700 6388 19166 1689 6389 19167 1692 6389 19168 1700 6389 19169 1699 6390 19170 1999 6390 19171 1698 6390 19172 1697 6391 19173 1702 6391 19174 1699 6391 19175 1699 6392 19176 1701 6392 19177 1999 6392 19178 1701 6393 19179 1699 6393 19180 1702 6393 19181 1697 6394 19182 1703 6394 19183 1702 6394 19184 1704 6395 19185 1702 6395 19186 1703 6395 19187 1705 6396 19188 1702 6396 19189 1704 6396 19190 1706 6397 19191 1705 6397 19192 1704 6397 19193 1706 6398 19194 1704 6398 19195 1709 6398 19196 1707 6399 19197 1709 6399 19198 1704 6399 19199 1704 6400 19200 1703 6400 19201 1707 6400 19202 1694 6401 19203 1708 6401 19204 1707 6401 19205 1712 6402 19206 1707 6402 19207 1708 6402 19208 2119 6403 19209 1707 6403 19210 1712 6403 19211 1709 6404 19212 1707 6404 19213 2119 6404 19214 1694 6405 19215 1707 6405 19216 1710 6405 19217 1707 6406 19218 1703 6406 19219 1710 6406 19220 1703 6407 19221 1697 6407 19222 1710 6407 19223 1710 6408 19224 1697 6408 19225 1694 6408 19226 1712 6409 19227 1708 6409 19228 1714 6409 19229 2119 6410 19230 1712 6410 19231 1711 6410 19232 1713 6411 19233 1711 6411 19234 1712 6411 19235 1714 6412 19236 1713 6412 19237 1712 6412 19238 2126 6413 19239 1713 6413 19240 1714 6413 19241 2126 6414 19242 1714 6414 19243 1715 6414 19244 1715 6415 19245 1714 6415 19246 1717 6415 19247 2126 6416 19248 1715 6416 19249 1717 6416 19250 1717 6417 19251 1716 6417 19252 2126 6417 19253 1717 6418 19254 1718 6418 19255 1716 6418 19256 1719 6419 19257 1720 6419 19258 1718 6419 19259 1719 6420 19260 1718 6420 19261 1717 6420 19262 1721 6421 19263 1720 6421 19264 1719 6421 19265 1721 6422 19266 1724 6422 19267 1720 6422 19268 1721 6423 19269 1722 6423 19270 1724 6423 19271 1722 6424 19272 1723 6424 19273 1760 6424 19274 1724 6425 19275 1722 6425 19276 1760 6425 19277 1722 6426 19278 1721 6426 19279 1725 6426 19280 1725 6427 19281 1723 6427 19282 1722 6427 19283 1723 6428 19284 1726 6428 19285 1757 6428 19286 1723 6429 19287 1725 6429 19288 1726 6429 19289 1728 6430 19290 1757 6430 19291 1726 6430 19292 1727 6431 19293 1757 6431 19294 1728 6431 19295 1756 6432 19296 1757 6432 19297 1727 6432 19298 1728 6433 19299 2361 6433 19300 1727 6433 19301 1756 6434 19302 1727 6434 19303 2361 6434 19304 2366 6435 19305 1729 6435 19306 1728 6435 19307 2366 6436 19308 1731 6436 19309 1729 6436 19310 1730 6437 19311 2252 6437 19312 1731 6437 19313 2366 6438 19314 1730 6438 19315 1731 6438 19316 1731 6439 19317 1732 6439 19318 1729 6439 19319 1731 6440 19320 2252 6440 19321 1734 6440 19322 1732 6441 19323 1731 6441 19324 1734 6441 19325 1734 6442 19326 1733 6442 19327 1732 6442 19328 1749 6443 19329 1732 6443 19330 1733 6443 19331 1733 6444 19332 1734 6444 19333 1735 6444 19334 1735 6445 19335 1734 6445 19336 1736 6445 19337 2250 6446 19338 1736 6446 19339 2252 6446 19340 2250 6447 19341 1735 6447 19342 1736 6447 19343 1737 6448 19344 1735 6448 19345 1740 6448 19346 2238 6449 19347 1737 6449 19348 1739 6449 19349 2238 6450 19350 1743 6450 19351 1737 6450 19352 2248 6451 19353 1737 6451 19354 1738 6451 19355 1740 6452 19356 1738 6452 19357 1737 6452 19358 2248 6453 19359 1739 6453 19360 1737 6453 19361 1737 6454 19362 1743 6454 19363 1735 6454 19364 1743 6455 19365 2238 6455 19366 1741 6455 19367 1733 6456 19368 1743 6456 19369 2364 6456 19370 1735 6457 19371 1743 6457 19372 1733 6457 19373 1742 6458 19374 1899 6458 19375 1745 6458 19376 1742 6459 19377 1743 6459 19378 1899 6459 19379 1742 6460 19380 1744 6460 19381 1743 6460 19382 1745 6461 19383 1746 6461 19384 1742 6461 19385 1746 6462 19386 1748 6462 19387 1742 6462 19388 1746 6463 19389 1747 6463 19390 1750 6463 19391 1748 6464 19392 1746 6464 19393 1750 6464 19394 1748 6465 19395 1749 6465 19396 1744 6465 19397 1742 6466 19398 1748 6466 19399 1744 6466 19400 1749 6467 19401 1748 6467 19402 2363 6467 19403 2363 6468 19404 1748 6468 19405 1750 6468 19406 2363 6469 19407 1750 6469 19408 2362 6469 19409 1750 6470 19410 1752 6470 19411 2362 6470 19412 1750 6471 19413 1751 6471 19414 1752 6471 19415 1751 6472 19416 1792 6472 19417 1752 6472 19418 1753 6473 19419 1752 6473 19420 1792 6473 19421 2362 6474 19422 1752 6474 19423 1754 6474 19424 1755 6475 19425 1754 6475 19426 1752 6475 19427 1755 6476 19428 1752 6476 19429 1753 6476 19430 1754 6477 19431 1755 6477 19432 2361 6477 19433 1755 6478 19434 2360 6478 19435 2361 6478 19436 1728 6479 19437 1729 6479 19438 1754 6479 19439 1728 6480 19440 1754 6480 19441 2361 6480 19442 1756 6481 19443 1758 6481 19444 1757 6481 19445 1763 6482 19446 1759 6482 19447 1758 6482 19448 1759 6483 19449 1757 6483 19450 1758 6483 19451 1763 6484 19452 1760 6484 19453 1759 6484 19454 1763 6485 19455 1762 6485 19456 1760 6485 19457 1966 6486 19458 1762 6486 19459 1763 6486 19460 1966 6487 19461 1763 6487 19462 1765 6487 19463 1765 6488 19464 1763 6488 19465 1766 6488 19466 1766 6489 19467 1763 6489 19468 1767 6489 19469 1766 6490 19470 1764 6490 19471 1765 6490 19472 1767 6491 19473 1803 6491 19474 1911 6491 19475 1801 6492 19476 1803 6492 19477 1767 6492 19478 1767 6493 19479 1763 6493 19480 1801 6493 19481 1803 6494 19482 1768 6494 19483 1911 6494 19484 1911 6495 19485 1768 6495 19486 1907 6495 19487 1779 6496 19488 1907 6496 19489 1768 6496 19490 1779 6497 19491 1768 6497 19492 1769 6497 19493 1779 6498 19494 1769 6498 19495 1878 6498 19496 1779 6499 19497 1878 6499 19498 1770 6499 19499 1878 6500 19500 2197 6500 19501 1770 6500 19502 1771 6501 19503 1779 6501 19504 1770 6501 19505 1774 6502 19506 1776 6502 19507 1773 6502 19508 1773 6503 19509 1775 6503 19510 1774 6503 19511 1772 6504 19512 1773 6504 19513 1777 6504 19514 1773 6505 19515 1772 6505 19516 1775 6505 19517 1773 6506 19518 1776 6506 19519 1787 6506 19520 1777 6507 19521 1773 6507 19522 1787 6507 19523 1778 6508 19524 1779 6508 19525 1777 6508 19526 1771 6509 19527 1777 6509 19528 1779 6509 19529 1780 6510 19530 1779 6510 19531 1778 6510 19532 1781 6511 19533 1782 6511 19534 1780 6511 19535 1782 6512 19536 1779 6512 19537 1780 6512 19538 1778 6513 19539 1781 6513 19540 1780 6513 19541 1783 6514 19542 1781 6514 19543 1778 6514 19544 1783 6515 19545 1784 6515 19546 1785 6515 19547 1785 6516 19548 1784 6516 19549 1786 6516 19550 1776 6517 19551 1784 6517 19552 1787 6517 19553 1776 6518 19554 1786 6518 19555 1784 6518 19556 1783 6519 19557 1787 6519 19558 1784 6519 19559 1778 6520 19560 1787 6520 19561 1783 6520 19562 1789 6521 19563 1785 6521 19564 1786 6521 19565 1786 6522 19566 1776 6522 19567 1850 6522 19568 1788 6523 19569 1786 6523 19570 1850 6523 19571 1789 6524 19572 1786 6524 19573 1788 6524 19574 1790 6525 19575 1789 6525 19576 2359 6525 19577 1789 6526 19578 1790 6526 19579 1785 6526 19580 1785 6527 19581 1790 6527 19582 1905 6527 19583 1751 6528 19584 1791 6528 19585 1790 6528 19586 1905 6529 19587 1790 6529 19588 1791 6529 19589 1795 6530 19590 1790 6530 19591 2359 6530 19592 1751 6531 19593 1790 6531 19594 1795 6531 19595 1751 6532 19596 1795 6532 19597 1792 6532 19598 1751 6533 19599 1793 6533 19600 1791 6533 19601 1753 6534 19602 1792 6534 19603 1794 6534 19604 1794 6535 19605 1800 6535 19606 1753 6535 19607 1795 6536 19608 1800 6536 19609 1794 6536 19610 1795 6537 19611 1794 6537 19612 1792 6537 19613 2357 6538 19614 1795 6538 19615 2359 6538 19616 1796 6539 19617 2357 6539 19618 2359 6539 19619 1796 6540 19620 2359 6540 19621 1797 6540 19622 1796 6541 19623 1797 6541 19624 2358 6541 19625 2358 6542 19626 1797 6542 19627 1798 6542 19628 1798 6543 19629 1799 6543 19630 2358 6543 19631 1799 6544 19632 1800 6544 19633 2358 6544 19634 1801 6545 19635 1800 6545 19636 1799 6545 19637 1801 6546 19638 1799 6546 19639 1802 6546 19640 1801 6547 19641 1802 6547 19642 2321 6547 19643 2321 6548 19644 1802 6548 19645 1868 6548 19646 1803 6549 19647 1801 6549 19648 2321 6549 19649 2321 6550 19650 1805 6550 19651 1807 6550 19652 2343 6551 19653 1804 6551 19654 2321 6551 19655 2343 6552 19656 2321 6552 19657 1806 6552 19658 2321 6553 19659 1868 6553 19660 1805 6553 19661 1806 6554 19662 2321 6554 19663 1807 6554 19664 1876 6555 19665 1806 6555 19666 1807 6555 19667 1808 6556 19668 1806 6556 19669 1876 6556 19670 1808 6557 19671 1809 6557 19672 1810 6557 19673 1808 6558 19674 1810 6558 19675 1811 6558 19676 1810 6559 19677 1812 6559 19678 1811 6559 19679 1813 6560 19680 1812 6560 19681 1810 6560 19682 1810 6561 19683 1815 6561 19684 1813 6561 19685 1813 6562 19686 1814 6562 19687 1272 6562 19688 1272 6563 19689 2345 6563 19690 1813 6563 19691 1812 6564 19692 1813 6564 19693 2345 6564 19694 1813 6565 19695 1815 6565 19696 1814 6565 19697 1816 6566 19698 1815 6566 19699 1830 6566 19700 1810 6567 19701 1830 6567 19702 1815 6567 19703 1815 6568 19704 1816 6568 19705 1814 6568 19706 1818 6569 19707 1816 6569 19708 1817 6569 19709 1816 6570 19710 1830 6570 19711 1817 6570 19712 1819 6571 19713 1816 6571 19714 1818 6571 19715 1814 6572 19716 1816 6572 19717 1819 6572 19718 1819 6573 19719 1271 6573 19720 1272 6573 19721 1819 6574 19722 1272 6574 19723 1814 6574 19724 1819 6575 19725 1818 6575 19726 1820 6575 19727 1271 6576 19728 1819 6576 19729 1820 6576 19730 1269 6577 19731 1820 6577 19732 1821 6577 19733 1268 6578 19734 1820 6578 19735 1269 6578 19736 1818 6579 19737 1821 6579 19738 1820 6579 19739 1271 6580 19740 1820 6580 19741 1268 6580 19742 1822 6581 19743 1269 6581 19744 1821 6581 19745 1818 6582 19746 1822 6582 19747 1821 6582 19748 1823 6583 19749 1822 6583 19750 1824 6583 19751 1823 6584 19752 1269 6584 19753 1822 6584 19754 1822 6585 19755 1818 6585 19756 1824 6585 19757 1824 6586 19758 1818 6586 19759 1825 6586 19760 1825 6587 19761 1823 6587 19762 1824 6587 19763 1825 6588 19764 1826 6588 19765 1823 6588 19766 1818 6589 19767 1817 6589 19768 1825 6589 19769 1817 6590 19770 1826 6590 19771 1825 6590 19772 2218 6591 19773 1828 6591 19774 1829 6591 19775 1831 6592 19776 2218 6592 19777 1829 6592 19778 1829 6593 19779 1826 6593 19780 1831 6593 19781 1826 6594 19782 1829 6594 19783 1827 6594 19784 1827 6595 19785 1829 6595 19786 1828 6595 19787 1831 6596 19788 1826 6596 19789 1830 6596 19790 1831 6597 19791 1809 6597 19792 1832 6597 19793 1831 6598 19794 1810 6598 19795 1809 6598 19796 1831 6599 19797 1830 6599 19798 1810 6599 19799 1845 6600 19800 1833 6600 19801 1832 6600 19802 1834 6601 19803 1835 6601 19804 1831 6601 19805 1834 6602 19806 1836 6602 19807 1835 6602 19808 1833 6603 19809 1836 6603 19810 1834 6603 19811 1834 6604 19812 1831 6604 19813 1832 6604 19814 1835 6605 19815 1836 6605 19816 1838 6605 19817 1837 6606 19818 1836 6606 19819 1844 6606 19820 1844 6607 19821 1836 6607 19822 1833 6607 19823 1775 6608 19824 1836 6608 19825 1837 6608 19826 2197 6609 19827 1836 6609 19828 1775 6609 19829 1774 6610 19830 1775 6610 19831 1837 6610 19832 1850 6611 19833 1776 6611 19834 1774 6611 19835 1850 6612 19836 1774 6612 19837 1839 6612 19838 1837 6613 19839 1839 6613 19840 1774 6613 19841 1839 6614 19842 1837 6614 19843 1840 6614 19844 1840 6615 19845 1841 6615 19846 1839 6615 19847 1841 6616 19848 1843 6616 19849 1842 6616 19850 1840 6617 19851 1844 6617 19852 1843 6617 19853 1844 6618 19854 1842 6618 19855 1843 6618 19856 1837 6619 19857 1844 6619 19858 1840 6619 19859 1847 6620 19860 1842 6620 19861 1844 6620 19862 1845 6621 19863 1847 6621 19864 1844 6621 19865 1845 6622 19866 1844 6622 19867 1833 6622 19868 1832 6623 19869 1809 6623 19870 1845 6623 19871 1845 6624 19872 1809 6624 19873 1846 6624 19874 1845 6625 19875 1846 6625 19876 1847 6625 19877 1842 6626 19878 1847 6626 19879 1848 6626 19880 1847 6627 19881 1849 6627 19882 1848 6627 19883 1847 6628 19884 1846 6628 19885 1849 6628 19886 1850 6629 19887 1848 6629 19888 1849 6629 19889 1862 6630 19890 1850 6630 19891 1849 6630 19892 1852 6631 19893 1849 6631 19894 1846 6631 19895 1861 6632 19896 1849 6632 19897 1852 6632 19898 1862 6633 19899 1849 6633 19900 1861 6633 19901 1852 6634 19902 1853 6634 19903 1861 6634 19904 1851 6635 19905 1853 6635 19906 1852 6635 19907 1862 6636 19908 1858 6636 19909 1856 6636 19910 1857 6637 19911 1858 6637 19912 1862 6637 19913 1859 6638 19914 1858 6638 19915 1857 6638 19916 1859 6639 19917 1857 6639 19918 1860 6639 19919 1857 6640 19920 1859 6640 19921 1860 6640 19922 1858 6641 19923 1859 6641 19924 1854 6641 19925 1861 6642 19926 1854 6642 19927 1859 6642 19928 1857 6643 19929 1861 6643 19930 1859 6643 19931 1854 6644 19932 1861 6644 19933 1853 6644 19934 1857 6645 19935 1862 6645 19936 1861 6645 19937 1789 6646 19938 1788 6646 19939 1862 6646 19940 1856 6647 19941 1789 6647 19942 1862 6647 19943 1788 6648 19944 1850 6648 19945 1862 6648 19946 1858 6649 19947 1863 6649 19948 1856 6649 19949 1855 6650 19950 1863 6650 19951 1858 6650 19952 1864 6651 19953 1863 6651 19954 1874 6651 19955 1863 6652 19956 1855 6652 19957 1874 6652 19958 1864 6653 19959 1865 6653 19960 1863 6653 19961 1864 6654 19962 1866 6654 19963 1865 6654 19964 1866 6655 19965 1864 6655 19966 1873 6655 19967 1873 6656 19968 1867 6656 19969 1866 6656 19970 1867 6657 19971 1873 6657 19972 1868 6657 19973 1870 6658 19974 1868 6658 19975 1802 6658 19976 1870 6659 19977 1802 6659 19978 1869 6659 19979 1871 6660 19980 1867 6660 19981 1870 6660 19982 1869 6661 19983 1871 6661 19984 1870 6661 19985 1871 6662 19986 1869 6662 19987 1798 6662 19988 1872 6663 19989 1871 6663 19990 1798 6663 19991 1872 6664 19992 1798 6664 19993 1797 6664 19994 1797 6665 19995 1789 6665 19996 1872 6665 19997 1872 6666 19998 1789 6666 19999 1856 6666 20000 1789 6667 20001 1797 6667 20002 2359 6667 20003 1872 6668 20004 1867 6668 20005 1871 6668 20006 1872 6669 20007 1856 6669 20008 1867 6669 20009 1799 6670 20010 1798 6670 20011 1869 6670 20012 1869 6671 20013 1802 6671 20014 1799 6671 20015 1867 6672 20016 1868 6672 20017 1870 6672 20018 1874 6673 20019 1805 6673 20020 1873 6673 20021 1873 6674 20022 1805 6674 20023 1868 6674 20024 1873 6675 20025 1864 6675 20026 1874 6675 20027 1807 6676 20028 1805 6676 20029 1874 6676 20030 1807 6677 20031 1874 6677 20032 1875 6677 20033 1851 6678 20034 1807 6678 20035 1875 6678 20036 1874 6679 20037 1854 6679 20038 1875 6679 20039 1854 6680 20040 1853 6680 20041 1875 6680 20042 1874 6681 20043 1855 6681 20044 1854 6681 20045 1851 6682 20046 1875 6682 20047 1853 6682 20048 1867 6683 20049 1856 6683 20050 1866 6683 20051 1866 6684 20052 1856 6684 20053 1865 6684 20054 1863 6685 20055 1865 6685 20056 1856 6685 20057 1858 6686 20058 1854 6686 20059 1855 6686 20060 1852 6687 20061 1807 6687 20062 1851 6687 20063 1876 6688 20064 1807 6688 20065 1852 6688 20066 1876 6689 20067 1809 6689 20068 1808 6689 20069 1876 6690 20070 1846 6690 20071 1809 6690 20072 1846 6691 20073 1876 6691 20074 1852 6691 20075 1839 6692 20076 1848 6692 20077 1850 6692 20078 1842 6693 20079 1848 6693 20080 1841 6693 20081 1848 6694 20082 1839 6694 20083 1841 6694 20084 1840 6695 20085 1843 6695 20086 1841 6695 20087 1836 6696 20088 2197 6696 20089 1877 6696 20090 2195 6697 20091 2197 6697 20092 1878 6697 20093 1879 6698 20094 2195 6698 20095 1878 6698 20096 1881 6699 20097 1880 6699 20098 1879 6699 20099 1881 6700 20100 1908 6700 20101 1880 6700 20102 1908 6701 20103 1901 6701 20104 1895 6701 20105 1908 6702 20106 1895 6702 20107 1883 6702 20108 1908 6703 20109 1883 6703 20110 1884 6703 20111 1908 6704 20112 1884 6704 20113 1880 6704 20114 1879 6705 20115 1880 6705 20116 1884 6705 20117 1884 6706 20118 1885 6706 20119 2195 6706 20120 2227 6707 20121 2195 6707 20122 1885 6707 20123 1885 6708 20124 1884 6708 20125 2236 6708 20126 2236 6709 20127 1884 6709 20128 2237 6709 20129 2237 6710 20130 1884 6710 20131 1883 6710 20132 1887 6711 20133 1886 6711 20134 1883 6711 20135 1889 6712 20136 1887 6712 20137 1883 6712 20138 1883 6713 20139 1891 6713 20140 1889 6713 20141 1887 6714 20142 1889 6714 20143 1891 6714 20144 1887 6715 20145 1891 6715 20146 1890 6715 20147 1891 6716 20148 1883 6716 20149 1895 6716 20150 1891 6717 20151 1895 6717 20152 1893 6717 20153 1890 6718 20154 1893 6718 20155 1892 6718 20156 1893 6719 20157 1890 6719 20158 1891 6719 20159 1892 6720 20160 1893 6720 20161 1894 6720 20162 1895 6721 20163 1894 6721 20164 1893 6721 20165 1892 6722 20166 1894 6722 20167 1898 6722 20168 1894 6723 20169 1895 6723 20170 1901 6723 20171 1894 6724 20172 1896 6724 20173 1898 6724 20174 1898 6725 20175 1896 6725 20176 1897 6725 20177 1896 6726 20178 1745 6726 20179 1897 6726 20180 1899 6727 20181 1898 6727 20182 1897 6727 20183 1745 6728 20184 1899 6728 20185 1897 6728 20186 1899 6729 20187 1743 6729 20188 1898 6729 20189 1743 6730 20190 1892 6730 20191 1898 6730 20192 1900 6731 20193 1892 6731 20194 1743 6731 20195 1743 6732 20196 1741 6732 20197 1900 6732 20198 1900 6733 20199 1741 6733 20200 1892 6733 20201 1901 6734 20202 1896 6734 20203 1894 6734 20204 1901 6735 20205 1902 6735 20206 1896 6735 20207 1903 6736 20208 1902 6736 20209 1901 6736 20210 1907 6737 20211 1782 6737 20212 1903 6737 20213 1904 6738 20214 1903 6738 20215 1782 6738 20216 1904 6739 20217 1902 6739 20218 1903 6739 20219 1781 6740 20220 1904 6740 20221 1782 6740 20222 1905 6741 20223 1904 6741 20224 1781 6741 20225 1904 6742 20226 1905 6742 20227 1906 6742 20228 1906 6743 20229 1902 6743 20230 1904 6743 20231 1906 6744 20232 1747 6744 20233 1902 6744 20234 1902 6745 20235 1745 6745 20236 1896 6745 20237 1747 6746 20238 1745 6746 20239 1902 6746 20240 1747 6747 20241 1906 6747 20242 1793 6747 20243 1906 6748 20244 1791 6748 20245 1793 6748 20246 1906 6749 20247 1905 6749 20248 1791 6749 20249 1907 6750 20250 1903 6750 20251 1901 6750 20252 1907 6751 20253 1901 6751 20254 1908 6751 20255 1909 6752 20256 1907 6752 20257 1908 6752 20258 1910 6753 20259 1911 6753 20260 1909 6753 20261 1910 6754 20262 1909 6754 20263 1912 6754 20264 1911 6755 20265 1907 6755 20266 1909 6755 20267 1767 6756 20268 1911 6756 20269 1910 6756 20270 1766 6757 20271 1910 6757 20272 1912 6757 20273 1912 6758 20274 1913 6758 20275 1766 6758 20276 1914 6759 20277 1766 6759 20278 1913 6759 20279 1766 6760 20280 1914 6760 20281 1764 6760 20282 1914 6761 20283 1915 6761 20284 1764 6761 20285 1918 6762 20286 1764 6762 20287 1915 6762 20288 1917 6763 20289 1764 6763 20290 1918 6763 20291 1764 6764 20292 1917 6764 20293 1916 6764 20294 1917 6765 20295 1967 6765 20296 1916 6765 20297 1919 6766 20298 1967 6766 20299 1917 6766 20300 1924 6767 20301 1928 6767 20302 1919 6767 20303 1920 6768 20304 1919 6768 20305 1917 6768 20306 1924 6769 20307 1919 6769 20308 1920 6769 20309 1920 6770 20310 1921 6770 20311 1924 6770 20312 1920 6771 20313 1917 6771 20314 1923 6771 20315 1923 6772 20316 1921 6772 20317 1920 6772 20318 1315 6773 20319 2303 6773 20320 1921 6773 20321 1921 6774 20322 2303 6774 20323 1925 6774 20324 1315 6775 20325 1921 6775 20326 1922 6775 20327 1922 6776 20328 1921 6776 20329 1923 6776 20330 1921 6777 20331 1925 6777 20332 1924 6777 20333 1925 6778 20334 2303 6778 20335 1926 6778 20336 1927 6779 20337 1925 6779 20338 1926 6779 20339 1927 6780 20340 1924 6780 20341 1925 6780 20342 1926 6781 20343 1929 6781 20344 1927 6781 20345 1927 6782 20346 1929 6782 20347 1928 6782 20348 1927 6783 20349 1928 6783 20350 1924 6783 20351 1926 6784 20352 1932 6784 20353 1929 6784 20354 1929 6785 20355 1932 6785 20356 1930 6785 20357 1969 6786 20358 1929 6786 20359 1930 6786 20360 1969 6787 20361 1930 6787 20362 1971 6787 20363 1934 6788 20364 1931 6788 20365 1930 6788 20366 1930 6789 20367 1932 6789 20368 1933 6789 20369 1930 6790 20370 1933 6790 20371 1934 6790 20372 1931 6791 20373 1934 6791 20374 1936 6791 20375 1934 6792 20376 1935 6792 20377 1936 6792 20378 1943 6793 20379 1935 6793 20380 1934 6793 20381 1937 6794 20382 1931 6794 20383 1936 6794 20384 1936 6795 20385 1935 6795 20386 1937 6795 20387 1935 6796 20388 1938 6796 20389 1937 6796 20390 1939 6797 20391 1937 6797 20392 1938 6797 20393 1939 6798 20394 1938 6798 20395 1940 6798 20396 1938 6799 20397 1941 6799 20398 1940 6799 20399 1938 6800 20400 1942 6800 20401 1941 6800 20402 1938 6801 20403 1935 6801 20404 1942 6801 20405 1943 6802 20406 1942 6802 20407 1935 6802 20408 1943 6803 20409 1941 6803 20410 1942 6803 20411 1945 6804 20412 1941 6804 20413 1944 6804 20414 1941 6805 20415 1945 6805 20416 1947 6805 20417 1947 6806 20418 1940 6806 20419 1941 6806 20420 1946 6807 20421 1940 6807 20422 1947 6807 20423 1940 6808 20424 1946 6808 20425 1948 6808 20426 1948 6809 20427 1951 6809 20428 1940 6809 20429 1940 6810 20430 1951 6810 20431 1949 6810 20432 1949 6811 20433 1951 6811 20434 1950 6811 20435 1952 6812 20436 1950 6812 20437 1951 6812 20438 1954 6813 20439 1950 6813 20440 1952 6813 20441 1953 6814 20442 1952 6814 20443 1951 6814 20444 1952 6815 20445 1340 6815 20446 1341 6815 20447 1952 6816 20448 1953 6816 20449 1340 6816 20450 1341 6817 20451 1342 6817 20452 1952 6817 20453 1952 6818 20454 1342 6818 20455 1954 6818 20456 1953 6819 20457 1951 6819 20458 1654 6819 20459 1953 6820 20460 1654 6820 20461 1648 6820 20462 1654 6821 20463 1951 6821 20464 1948 6821 20465 2102 6822 20466 1950 6822 20467 1954 6822 20468 2102 6823 20469 1955 6823 20470 1950 6823 20471 1955 6824 20472 1939 6824 20473 1950 6824 20474 1950 6825 20475 1939 6825 20476 1949 6825 20477 2102 6826 20478 1956 6826 20479 1955 6826 20480 1956 6827 20481 1960 6827 20482 1970 6827 20483 1959 6828 20484 1960 6828 20485 1956 6828 20486 2102 6829 20487 1959 6829 20488 1956 6829 20489 1958 6830 20490 1959 6830 20491 2102 6830 20492 1959 6831 20493 1957 6831 20494 1976 6831 20495 1959 6832 20496 1958 6832 20497 1957 6832 20498 1961 6833 20499 1962 6833 20500 1960 6833 20501 1961 6834 20502 1960 6834 20503 1959 6834 20504 1960 6835 20505 1962 6835 20506 1963 6835 20507 1961 6836 20508 1964 6836 20509 1962 6836 20510 1966 6837 20511 1964 6837 20512 1961 6837 20513 1966 6838 20514 1965 6838 20515 1964 6838 20516 1967 6839 20517 1919 6839 20518 1965 6839 20519 1919 6840 20520 1964 6840 20521 1965 6840 20522 1765 6841 20523 1967 6841 20524 1966 6841 20525 1966 6842 20526 1967 6842 20527 1965 6842 20528 1765 6843 20529 1916 6843 20530 1967 6843 20531 1961 6844 20532 1762 6844 20533 1966 6844 20534 1928 6845 20535 1963 6845 20536 1962 6845 20537 1929 6846 20538 1963 6846 20539 1928 6846 20540 1963 6847 20541 1929 6847 20542 1968 6847 20543 1929 6848 20544 1969 6848 20545 1968 6848 20546 1960 6849 20547 1963 6849 20548 1968 6849 20549 1970 6850 20550 1968 6850 20551 1969 6850 20552 1960 6851 20553 1968 6851 20554 1970 6851 20555 1972 6852 20556 1970 6852 20557 1969 6852 20558 1972 6853 20559 1969 6853 20560 1971 6853 20561 1971 6854 20562 1973 6854 20563 1972 6854 20564 1974 6855 20565 1973 6855 20566 1971 6855 20567 1955 6856 20568 1956 6856 20569 1972 6856 20570 1956 6857 20571 1970 6857 20572 1972 6857 20573 1973 6858 20574 1955 6858 20575 1972 6858 20576 1974 6859 20577 1939 6859 20578 1973 6859 20579 1974 6860 20580 1937 6860 20581 1939 6860 20582 1931 6861 20583 1937 6861 20584 1974 6861 20585 1931 6862 20586 1974 6862 20587 1930 6862 20588 1930 6863 20589 1974 6863 20590 1971 6863 20591 1973 6864 20592 1939 6864 20593 1955 6864 20594 1928 6865 20595 1964 6865 20596 1919 6865 20597 1964 6866 20598 1928 6866 20599 1962 6866 20600 1959 6867 20601 1762 6867 20602 1961 6867 20603 1959 6868 20604 2122 6868 20605 1762 6868 20606 1959 6869 20607 1976 6869 20608 2122 6869 20609 2118 6870 20610 1976 6870 20611 1975 6870 20612 1975 6871 20613 1976 6871 20614 1978 6871 20615 2122 6872 20616 1976 6872 20617 2118 6872 20618 2111 6873 20619 1977 6873 20620 1976 6873 20621 1976 6874 20622 1977 6874 20623 1978 6874 20624 1979 6875 20625 1978 6875 20626 1981 6875 20627 1980 6876 20628 1982 6876 20629 1981 6876 20630 1981 6877 20631 2115 6877 20632 1980 6877 20633 1981 6878 20634 1982 6878 20635 1979 6878 20636 1982 6879 20637 1983 6879 20638 1985 6879 20639 2003 6880 20640 1983 6880 20641 1982 6880 20642 1982 6881 20643 1980 6881 20644 2003 6881 20645 1979 6882 20646 1982 6882 20647 1986 6882 20648 1984 6883 20649 1986 6883 20650 1982 6883 20651 1984 6884 20652 1982 6884 20653 1985 6884 20654 1979 6885 20655 1986 6885 20656 1987 6885 20657 1986 6886 20658 2116 6886 20659 1987 6886 20660 1705 6887 20661 2116 6887 20662 1986 6887 20663 1986 6888 20664 1988 6888 20665 1705 6888 20666 1988 6889 20667 1986 6889 20668 1984 6889 20669 1989 6890 20670 1702 6890 20671 1988 6890 20672 1705 6891 20673 1988 6891 20674 1702 6891 20675 1990 6892 20676 1989 6892 20677 1988 6892 20678 1989 6893 20679 1990 6893 20680 1998 6893 20681 1998 6894 20682 1990 6894 20683 1993 6894 20684 1992 6895 20685 1991 6895 20686 1990 6895 20687 1990 6896 20688 1991 6896 20689 1993 6896 20690 1988 6897 20691 1992 6897 20692 1990 6897 20693 1994 6898 20694 1993 6898 20695 1995 6898 20696 1998 6899 20697 1993 6899 20698 1994 6899 20699 1991 6900 20700 1995 6900 20701 1993 6900 20702 1998 6901 20703 1701 6901 20704 1989 6901 20705 1701 6902 20706 1996 6902 20707 1999 6902 20708 1701 6903 20709 1998 6903 20710 1996 6903 20711 1698 6904 20712 1999 6904 20713 1689 6904 20714 1996 6905 20715 1998 6905 20716 1997 6905 20717 1994 6906 20718 1997 6906 20719 1998 6906 20720 1997 6907 20721 1994 6907 20722 1680 6907 20723 1683 6908 20724 1997 6908 20725 1680 6908 20726 1683 6909 20727 1685 6909 20728 1996 6909 20729 1997 6910 20730 1683 6910 20731 1996 6910 20732 1996 6911 20733 1685 6911 20734 1999 6911 20735 1685 6912 20736 1689 6912 20737 1999 6912 20738 2000 6913 20739 1994 6913 20740 1995 6913 20741 1991 6914 20742 2000 6914 20743 1995 6914 20744 2075 6915 20745 1994 6915 20746 2000 6915 20747 2075 6916 20748 2000 6916 20749 2001 6916 20750 2000 6917 20751 1991 6917 20752 2001 6917 20753 2002 6918 20754 2075 6918 20755 2001 6918 20756 2001 6919 20757 1991 6919 20758 2002 6919 20759 2002 6920 20760 2004 6920 20761 2075 6920 20762 2002 6921 20763 2003 6921 20764 2004 6921 20765 1991 6922 20766 1983 6922 20767 2002 6922 20768 1983 6923 20769 2003 6923 20770 2002 6923 20771 2003 6924 20772 2005 6924 20773 2004 6924 20774 2006 6925 20775 2005 6925 20776 2003 6925 20777 2005 6926 20778 2006 6926 20779 2059 6926 20780 2007 6927 20781 2006 6927 20782 2003 6927 20783 2051 6928 20784 2059 6928 20785 2006 6928 20786 2006 6929 20787 2007 6929 20788 2051 6929 20789 2051 6930 20790 2007 6930 20791 2008 6930 20792 2008 6931 20793 2007 6931 20794 1980 6931 20795 2009 6932 20796 2008 6932 20797 2110 6932 20798 2110 6933 20799 2008 6933 20800 2107 6933 20801 2110 6934 20802 2010 6934 20803 2013 6934 20804 2013 6935 20805 2009 6935 20806 2110 6935 20807 2057 6936 20808 2009 6936 20809 2013 6936 20810 2103 6937 20811 2013 6937 20812 2010 6937 20813 2010 6938 20814 2011 6938 20815 2103 6938 20816 2013 6939 20817 2058 6939 20818 2057 6939 20819 2013 6940 20820 2012 6940 20821 2058 6940 20822 2012 6941 20823 2013 6941 20824 2014 6941 20825 2013 6942 20826 2103 6942 20827 2014 6942 20828 2014 6943 20829 2012 6943 20830 2016 6943 20831 2012 6944 20832 2014 6944 20833 2016 6944 20834 2014 6945 20835 2015 6945 20836 2012 6945 20837 2015 6946 20838 2014 6946 20839 2103 6946 20840 2103 6947 20841 2102 6947 20842 2015 6947 20843 2017 6948 20844 2015 6948 20845 2101 6948 20846 2101 6949 20847 2015 6949 20848 2102 6949 20849 2018 6950 20850 2017 6950 20851 2101 6950 20852 2018 6951 20853 2101 6951 20854 2019 6951 20855 2019 6952 20856 2054 6952 20857 2018 6952 20858 2019 6953 20859 2020 6953 20860 2054 6953 20861 2023 6954 20862 2021 6954 20863 2020 6954 20864 2020 6955 20865 2021 6955 20866 2022 6955 20867 2020 6956 20868 2022 6956 20869 2054 6956 20870 2024 6957 20871 2023 6957 20872 2020 6957 20873 2020 6958 20874 2019 6958 20875 2024 6958 20876 2024 6959 20877 2025 6959 20878 2026 6959 20879 2026 6960 20880 2025 6960 20881 2032 6960 20882 2023 6961 20883 2024 6961 20884 2026 6961 20885 2023 6962 20886 2026 6962 20887 2027 6962 20888 2023 6963 20889 2027 6963 20890 2029 6963 20891 2023 6964 20892 2029 6964 20893 2028 6964 20894 2028 6965 20895 2029 6965 20896 1371 6965 20897 2029 6966 20898 2031 6966 20899 2030 6966 20900 2029 6967 20901 2030 6967 20902 1371 6967 20903 2031 6968 20904 2032 6968 20905 2030 6968 20906 2027 6969 20907 2032 6969 20908 2031 6969 20909 2026 6970 20910 2032 6970 20911 2027 6970 20912 2025 6971 20913 2102 6971 20914 2032 6971 20915 2102 6972 20916 2033 6972 20917 2032 6972 20918 2032 6973 20919 2033 6973 20920 2030 6973 20921 2102 6974 20922 1345 6974 20923 2033 6974 20924 1363 6975 20925 2033 6975 20926 1345 6975 20927 2033 6976 20928 1369 6976 20929 2034 6976 20930 1369 6977 20931 2033 6977 20932 1363 6977 20933 2030 6978 20934 2033 6978 20935 2034 6978 20936 2030 6979 20937 2034 6979 20938 1370 6979 20939 1363 6980 20940 1366 6980 20941 1369 6980 20942 2027 6981 20943 2031 6981 20944 2029 6981 20945 2030 6982 20946 1370 6982 20947 1371 6982 20948 2035 6983 20949 2028 6983 20950 2036 6983 20951 2037 6984 20952 2028 6984 20953 2035 6984 20954 2036 6985 20955 2028 6985 20956 1375 6985 20957 1371 6986 20958 1375 6986 20959 2028 6986 20960 2028 6987 20961 2037 6987 20962 2023 6987 20963 2038 6988 20964 2039 6988 20965 2037 6988 20966 2039 6989 20967 2041 6989 20968 2037 6989 20969 2037 6990 20970 2041 6990 20971 2021 6990 20972 2023 6991 20973 2037 6991 20974 2021 6991 20975 2041 6992 20976 2040 6992 20977 2021 6992 20978 2039 6993 20979 2043 6993 20980 2041 6993 20981 2042 6994 20982 2041 6994 20983 2044 6994 20984 2044 6995 20985 2041 6995 20986 2043 6995 20987 2042 6996 20988 2044 6996 20989 2045 6996 20990 2044 6997 20991 2060 6997 20992 2046 6997 20993 2044 6998 20994 2046 6998 20995 2045 6998 20996 2046 6999 20997 2047 6999 20998 2045 6999 20999 2047 7000 21000 2046 7000 21001 2048 7000 21002 2046 7001 21003 2060 7001 21004 2048 7001 21005 2060 7002 21006 2049 7002 21007 2048 7002 21008 2047 7003 21009 2048 7003 21010 2049 7003 21011 2050 7004 21012 2049 7004 21013 2060 7004 21014 2051 7005 21015 2049 7005 21016 2050 7005 21017 2051 7006 21018 2052 7006 21019 2049 7006 21020 2052 7007 21021 2047 7007 21022 2049 7007 21023 2053 7008 21024 2055 7008 21025 2052 7008 21026 2052 7009 21027 2054 7009 21028 2053 7009 21029 2052 7010 21030 2051 7010 21031 2054 7010 21032 2052 7011 21033 2055 7011 21034 2047 7011 21035 2055 7012 21036 2022 7012 21037 2021 7012 21038 2055 7013 21039 2021 7013 21040 2040 7013 21041 2022 7014 21042 2055 7014 21043 2053 7014 21044 2047 7015 21045 2055 7015 21046 2040 7015 21047 2054 7016 21048 2056 7016 21049 2018 7016 21050 2054 7017 21051 2008 7017 21052 2056 7017 21053 2051 7018 21054 2008 7018 21055 2054 7018 21056 2008 7019 21057 2058 7019 21058 2056 7019 21059 2056 7020 21060 2058 7020 21061 2017 7020 21062 2018 7021 21063 2056 7021 21064 2017 7021 21065 2057 7022 21066 2008 7022 21067 2009 7022 21068 2057 7023 21069 2058 7023 21070 2008 7023 21071 2054 7024 21072 2022 7024 21073 2053 7024 21074 2059 7025 21075 2051 7025 21076 2050 7025 21077 2050 7026 21078 2065 7026 21079 2059 7026 21080 2060 7027 21081 2065 7027 21082 2050 7027 21083 2060 7028 21084 2064 7028 21085 2065 7028 21086 2060 7029 21087 1653 7029 21088 1657 7029 21089 1653 7030 21090 2060 7030 21091 2061 7030 21092 2060 7031 21093 1657 7031 21094 2062 7031 21095 2061 7032 21096 2060 7032 21097 2044 7032 21098 2062 7033 21099 2064 7033 21100 2060 7033 21101 2063 7034 21102 2064 7034 21103 2062 7034 21104 2063 7035 21105 2005 7035 21106 2064 7035 21107 2064 7036 21108 2005 7036 21109 2065 7036 21110 2005 7037 21111 2059 7037 21112 2065 7037 21113 2067 7038 21114 2066 7038 21115 2063 7038 21116 2062 7039 21117 2067 7039 21118 2063 7039 21119 2066 7040 21120 2005 7040 21121 2063 7040 21122 2067 7041 21123 2068 7041 21124 2066 7041 21125 2071 7042 21126 2068 7042 21127 2067 7042 21128 2069 7043 21129 2067 7043 21130 2062 7043 21131 2069 7044 21132 2071 7044 21133 2067 7044 21134 2070 7045 21135 2071 7045 21136 2069 7045 21137 2070 7046 21138 1658 7046 21139 2071 7046 21140 1658 7047 21141 2068 7047 21142 2071 7047 21143 2073 7048 21144 2068 7048 21145 2072 7048 21146 2074 7049 21147 2066 7049 21148 2073 7049 21149 2073 7050 21150 2066 7050 21151 2068 7050 21152 2072 7051 21153 2074 7051 21154 2073 7051 21155 2066 7052 21156 2074 7052 21157 2076 7052 21158 2075 7053 21159 2076 7053 21160 2074 7053 21161 2072 7054 21162 2075 7054 21163 2074 7054 21164 2076 7055 21165 2075 7055 21166 2004 7055 21167 1675 7056 21168 2075 7056 21169 2072 7056 21170 1675 7057 21171 1994 7057 21172 2075 7057 21173 2004 7058 21174 2005 7058 21175 2076 7058 21176 2066 7059 21177 2076 7059 21178 2005 7059 21179 2078 7060 21180 2077 7060 21181 2072 7060 21182 1675 7061 21183 2072 7061 21184 2077 7061 21185 2078 7062 21186 2072 7062 21187 2068 7062 21188 1659 7063 21189 2078 7063 21190 1658 7063 21191 1659 7064 21192 1660 7064 21193 2078 7064 21194 2077 7065 21195 2078 7065 21196 1660 7065 21197 2068 7066 21198 1658 7066 21199 2078 7066 21200 1675 7067 21201 2077 7067 21202 1661 7067 21203 2062 7068 21204 2070 7068 21205 2069 7068 21206 2062 7069 21207 1657 7069 21208 2070 7069 21209 2079 7070 21210 2061 7070 21211 2044 7070 21212 1653 7071 21213 2061 7071 21214 1651 7071 21215 2081 7072 21216 2061 7072 21217 2079 7072 21218 2100 7073 21219 2061 7073 21220 2081 7073 21221 1651 7074 21222 2061 7074 21223 2100 7074 21224 2080 7075 21225 2100 7075 21226 2081 7075 21227 2081 7076 21228 2087 7076 21229 2082 7076 21230 2082 7077 21231 2080 7077 21232 2081 7077 21233 2083 7078 21234 2080 7078 21235 2082 7078 21236 2082 7079 21237 2084 7079 21238 2083 7079 21239 2082 7080 21240 2088 7080 21241 2084 7080 21242 2086 7081 21243 2088 7081 21244 2082 7081 21245 2088 7082 21246 2086 7082 21247 2085 7082 21248 2086 7083 21249 2039 7083 21250 2085 7083 21251 2039 7084 21252 2089 7084 21253 2085 7084 21254 2043 7085 21255 2086 7085 21256 2087 7085 21257 2043 7086 21258 2039 7086 21259 2086 7086 21260 2079 7087 21261 2043 7087 21262 2087 7087 21263 2089 7088 21264 2090 7088 21265 2088 7088 21266 2088 7089 21267 2090 7089 21268 2091 7089 21269 2092 7090 21270 2091 7090 21271 2090 7090 21272 2038 7091 21273 2092 7091 21274 2090 7091 21275 2089 7092 21276 2038 7092 21277 2090 7092 21278 2095 7093 21279 2092 7093 21280 2038 7093 21281 2092 7094 21282 2094 7094 21283 2091 7094 21284 2093 7095 21285 2092 7095 21286 2096 7095 21287 2094 7096 21288 2092 7096 21289 2093 7096 21290 2092 7097 21291 2095 7097 21292 2097 7097 21293 2092 7098 21294 2097 7098 21295 2096 7098 21296 1374 7099 21297 2097 7099 21298 1375 7099 21299 1375 7100 21300 2097 7100 21301 2036 7100 21302 2095 7101 21303 2036 7101 21304 2097 7101 21305 2097 7102 21306 1374 7102 21307 2096 7102 21308 2096 7103 21309 1374 7103 21310 2098 7103 21311 2096 7104 21312 2098 7104 21313 2099 7104 21314 2096 7105 21315 2099 7105 21316 2093 7105 21317 2099 7106 21318 2088 7106 21319 2094 7106 21320 2099 7107 21321 2094 7107 21322 2093 7107 21323 2098 7108 21324 1380 7108 21325 1381 7108 21326 1381 7109 21327 1382 7109 21328 2098 7109 21329 2098 7110 21330 1382 7110 21331 2099 7110 21332 2037 7111 21333 2095 7111 21334 2038 7111 21335 2095 7112 21336 2035 7112 21337 2036 7112 21338 2035 7113 21339 2095 7113 21340 2037 7113 21341 2094 7114 21342 2088 7114 21343 2091 7114 21344 2039 7115 21345 2038 7115 21346 2089 7115 21347 2088 7116 21348 2085 7116 21349 2089 7116 21350 2082 7117 21351 2087 7117 21352 2086 7117 21353 2088 7118 21354 1647 7118 21355 2084 7118 21356 2083 7119 21357 2084 7119 21358 1647 7119 21359 2081 7120 21360 2079 7120 21361 2087 7120 21362 2100 7121 21363 2080 7121 21364 1651 7121 21365 2079 7122 21366 2044 7122 21367 2043 7122 21368 2045 7123 21369 2047 7123 21370 2042 7123 21371 2047 7124 21372 2040 7124 21373 2042 7124 21374 2040 7125 21375 2041 7125 21376 2042 7125 21377 2101 7126 21378 2102 7126 21379 2025 7126 21380 2019 7127 21381 2101 7127 21382 2025 7127 21383 2019 7128 21384 2025 7128 21385 2024 7128 21386 1958 7129 21387 2102 7129 21388 2103 7129 21389 2104 7130 21390 1958 7130 21391 2103 7130 21392 2011 7131 21393 2104 7131 21394 2103 7131 21395 2106 7132 21396 1957 7132 21397 2104 7132 21398 2104 7133 21399 1957 7133 21400 1958 7133 21401 2106 7134 21402 2107 7134 21403 2105 7134 21404 2106 7135 21405 2108 7135 21406 2107 7135 21407 2109 7136 21408 2107 7136 21409 2108 7136 21410 2104 7137 21411 2108 7137 21412 2106 7137 21413 2108 7138 21414 2104 7138 21415 2109 7138 21416 2011 7139 21417 2109 7139 21418 2104 7139 21419 2109 7140 21420 2011 7140 21421 2110 7140 21422 2110 7141 21423 2107 7141 21424 2109 7141 21425 2110 7142 21426 2011 7142 21427 2010 7142 21428 2107 7143 21429 2111 7143 21430 2105 7143 21431 2111 7144 21432 2107 7144 21433 2112 7144 21434 2112 7145 21435 2008 7145 21436 1980 7145 21437 2107 7146 21438 2008 7146 21439 2112 7146 21440 2114 7147 21441 2113 7147 21442 2112 7147 21443 2113 7148 21444 2111 7148 21445 2112 7148 21446 2112 7149 21447 1980 7149 21448 2114 7149 21449 1980 7150 21450 2113 7150 21451 2114 7150 21452 2113 7151 21453 1980 7151 21454 2115 7151 21455 2113 7152 21456 2115 7152 21457 1977 7152 21458 2115 7153 21459 1981 7153 21460 1977 7153 21461 1978 7154 21462 1977 7154 21463 1981 7154 21464 1977 7155 21465 2111 7155 21466 2113 7155 21467 2105 7156 21468 2111 7156 21469 1957 7156 21470 1957 7157 21471 2111 7157 21472 1976 7157 21473 2106 7158 21474 2105 7158 21475 1957 7158 21476 2058 7159 21477 2015 7159 21478 2017 7159 21479 2015 7160 21480 2058 7160 21481 2012 7160 21482 2003 7161 21483 1980 7161 21484 2007 7161 21485 1991 7162 21486 1992 7162 21487 1983 7162 21488 1992 7163 21489 1985 7163 21490 1983 7163 21491 1992 7164 21492 1984 7164 21493 1985 7164 21494 1984 7165 21495 1992 7165 21496 1988 7165 21497 1989 7166 21498 1701 7166 21499 1702 7166 21500 1987 7167 21501 1975 7167 21502 1978 7167 21503 1987 7168 21504 1978 7168 21505 1979 7168 21506 2116 7169 21507 1975 7169 21508 1987 7169 21509 1705 7170 21510 2117 7170 21511 2116 7170 21512 1705 7171 21513 1706 7171 21514 2117 7171 21515 1706 7172 21516 2118 7172 21517 2117 7172 21518 1706 7173 21519 2120 7173 21520 2118 7173 21521 2119 7174 21522 2120 7174 21523 1709 7174 21524 1711 7175 21525 2121 7175 21526 2120 7175 21527 2119 7176 21528 1711 7176 21529 2120 7176 21530 2121 7177 21531 2123 7177 21532 2122 7177 21533 2124 7178 21534 2122 7178 21535 2123 7178 21536 2122 7179 21537 2124 7179 21538 1716 7179 21539 2122 7180 21540 1716 7180 21541 1718 7180 21542 1718 7181 21543 1762 7181 21544 2122 7181 21545 1720 7182 21546 1724 7182 21547 1762 7182 21548 1718 7183 21549 1720 7183 21550 1762 7183 21551 2124 7184 21552 1713 7184 21553 2126 7184 21554 2124 7185 21555 2125 7185 21556 1713 7185 21557 1716 7186 21558 2124 7186 21559 2126 7186 21560 2121 7187 21561 1713 7187 21562 2125 7187 21563 2123 7188 21564 2121 7188 21565 2125 7188 21566 2125 7189 21567 2124 7189 21568 2123 7189 21569 2125 7190 21570 2123 7190 21571 2127 7190 21572 2123 7191 21573 2125 7191 21574 2127 7191 21575 1713 7192 21576 2121 7192 21577 1711 7192 21578 2122 7193 21579 2120 7193 21580 2121 7193 21581 1709 7194 21582 2120 7194 21583 1706 7194 21584 2122 7195 21585 2118 7195 21586 2120 7195 21587 2116 7196 21588 2118 7196 21589 1975 7196 21590 2117 7197 21591 2118 7197 21592 2116 7197 21593 1939 7198 21594 1940 7198 21595 1949 7198 21596 1947 7199 21597 2308 7199 21598 1946 7199 21599 2128 7200 21600 2308 7200 21601 1947 7200 21602 1947 7201 21603 1945 7201 21604 2128 7201 21605 2130 7202 21606 2128 7202 21607 1945 7202 21608 2129 7203 21609 2130 7203 21610 2307 7203 21611 2307 7204 21612 2130 7204 21613 1945 7204 21614 2129 7205 21615 2132 7205 21616 2130 7205 21617 2130 7206 21618 2131 7206 21619 2128 7206 21620 2130 7207 21621 2132 7207 21622 2131 7207 21623 2131 7208 21624 2132 7208 21625 2133 7208 21626 2134 7209 21627 2133 7209 21628 2132 7209 21629 2134 7210 21630 2147 7210 21631 2135 7210 21632 2132 7211 21633 2147 7211 21634 2134 7211 21635 2289 7212 21636 2133 7212 21637 2134 7212 21638 2289 7213 21639 2134 7213 21640 2135 7213 21641 2136 7214 21642 2289 7214 21643 2135 7214 21644 2135 7215 21645 2146 7215 21646 2136 7215 21647 2136 7216 21648 2146 7216 21649 2139 7216 21650 2137 7217 21651 2139 7217 21652 2146 7217 21653 2138 7218 21654 2139 7218 21655 2137 7218 21656 2139 7219 21657 2140 7219 21658 2136 7219 21659 2138 7220 21660 2140 7220 21661 2139 7220 21662 2258 7221 21663 1669 7221 21664 2138 7221 21665 2258 7222 21666 2138 7222 21667 2141 7222 21668 2258 7223 21669 2141 7223 21670 2142 7223 21671 2144 7224 21672 2142 7224 21673 2141 7224 21674 2144 7225 21675 2141 7225 21676 2145 7225 21677 2141 7226 21678 2146 7226 21679 2145 7226 21680 2141 7227 21681 2137 7227 21682 2143 7227 21683 2143 7228 21684 2146 7228 21685 2141 7228 21686 2141 7229 21687 2138 7229 21688 2137 7229 21689 2148 7230 21690 2144 7230 21691 2145 7230 21692 2149 7231 21693 2148 7231 21694 2145 7231 21695 2147 7232 21696 2145 7232 21697 2135 7232 21698 2145 7233 21699 2146 7233 21700 2135 7233 21701 2149 7234 21702 2145 7234 21703 2147 7234 21704 2129 7235 21705 2149 7235 21706 2147 7235 21707 2129 7236 21708 2147 7236 21709 2132 7236 21710 2137 7237 21711 2146 7237 21712 2143 7237 21713 1630 7238 21714 2288 7238 21715 2149 7238 21716 1630 7239 21717 2149 7239 21718 2129 7239 21719 2149 7240 21720 2288 7240 21721 2151 7240 21722 2149 7241 21723 2150 7241 21724 2261 7241 21725 2261 7242 21726 2148 7242 21727 2149 7242 21728 2149 7243 21729 2151 7243 21730 2150 7243 21731 2151 7244 21732 2152 7244 21733 2150 7244 21734 2151 7245 21735 2154 7245 21736 2152 7245 21737 2153 7246 21738 2154 7246 21739 2151 7246 21740 2153 7247 21741 2155 7247 21742 2154 7247 21743 2229 7248 21744 2152 7248 21745 2154 7248 21746 2160 7249 21747 2155 7249 21748 2153 7249 21749 2154 7250 21750 2155 7250 21751 2156 7250 21752 2160 7251 21753 2156 7251 21754 2155 7251 21755 2160 7252 21756 2153 7252 21757 2287 7252 21758 2287 7253 21759 2157 7253 21760 2160 7253 21761 2160 7254 21762 2157 7254 21763 2159 7254 21764 2158 7255 21765 2159 7255 21766 2157 7255 21767 2159 7256 21768 2161 7256 21769 2264 7256 21770 2162 7257 21771 2264 7257 21772 2161 7257 21773 2158 7258 21774 2161 7258 21775 2159 7258 21776 2163 7259 21777 2161 7259 21778 2164 7259 21779 2161 7260 21780 2158 7260 21781 2164 7260 21782 2163 7261 21783 2164 7261 21784 2165 7261 21785 2164 7262 21786 2167 7262 21787 2165 7262 21788 2164 7263 21789 2158 7263 21790 2167 7263 21791 2157 7264 21792 2167 7264 21793 2158 7264 21794 2287 7265 21795 2166 7265 21796 2167 7265 21797 2287 7266 21798 2167 7266 21799 2157 7266 21800 2163 7267 21801 2167 7267 21802 992 7267 21803 2165 7268 21804 2167 7268 21805 2163 7268 21806 994 7269 21807 2163 7269 21808 992 7269 21809 2174 7270 21810 2168 7270 21811 2175 7270 21812 2175 7271 21813 2168 7271 21814 994 7271 21815 2168 7272 21816 2174 7272 21817 2169 7272 21818 2170 7273 21819 2163 7273 21820 2171 7273 21821 2172 7274 21822 2170 7274 21823 2169 7274 21824 2170 7275 21825 2161 7275 21826 2163 7275 21827 2172 7276 21828 2162 7276 21829 2170 7276 21830 2162 7277 21831 2161 7277 21832 2170 7277 21833 2173 7278 21834 2172 7278 21835 2169 7278 21836 2176 7279 21837 2172 7279 21838 2173 7279 21839 2174 7280 21840 2173 7280 21841 2169 7280 21842 2173 7281 21843 2174 7281 21844 2175 7281 21845 2175 7282 21846 2179 7282 21847 2173 7282 21848 2173 7283 21849 2179 7283 21850 2176 7283 21851 995 7284 21852 2179 7284 21853 2175 7284 21854 995 7285 21855 2177 7285 21856 2179 7285 21857 2177 7286 21858 2178 7286 21859 2179 7286 21860 2176 7287 21861 2179 7287 21862 2180 7287 21863 2180 7288 21864 2179 7288 21865 2181 7288 21866 2181 7289 21867 2179 7289 21868 2178 7289 21869 2182 7290 21870 2270 7290 21871 2181 7290 21872 2181 7291 21873 2270 7291 21874 2183 7291 21875 2181 7292 21876 2183 7292 21877 2180 7292 21878 2181 7293 21879 2178 7293 21880 2182 7293 21881 2184 7294 21882 2180 7294 21883 2183 7294 21884 2185 7295 21885 2184 7295 21886 2183 7295 21887 2186 7296 21888 2184 7296 21889 2185 7296 21890 2186 7297 21891 2185 7297 21892 2187 7297 21893 2206 7298 21894 2188 7298 21895 2187 7298 21896 2206 7299 21897 2187 7299 21898 2207 7299 21899 2187 7300 21900 2189 7300 21901 2186 7300 21902 2187 7301 21903 2188 7301 21904 2189 7301 21905 2203 7302 21906 2186 7302 21907 2189 7302 21908 2190 7303 21909 2186 7303 21910 2203 7303 21911 2190 7304 21912 2203 7304 21913 2156 7304 21914 2156 7305 21915 2203 7305 21916 2191 7305 21917 2154 7306 21918 2156 7306 21919 2194 7306 21920 2193 7307 21921 2156 7307 21922 2191 7307 21923 2156 7308 21924 2193 7308 21925 2194 7308 21926 2191 7309 21927 2192 7309 21928 2193 7309 21929 2227 7310 21930 2194 7310 21931 2193 7310 21932 2192 7311 21933 2227 7311 21934 2193 7311 21935 2196 7312 21936 2227 7312 21937 2192 7312 21938 2195 7313 21939 2227 7313 21940 2196 7313 21941 2195 7314 21942 2196 7314 21943 2197 7314 21944 2196 7315 21945 1877 7315 21946 2197 7315 21947 2198 7316 21948 1877 7316 21949 2196 7316 21950 2196 7317 21951 2192 7317 21952 2198 7317 21953 2198 7318 21954 2200 7318 21955 1877 7318 21956 2192 7319 21957 2202 7319 21958 2198 7319 21959 2198 7320 21960 2202 7320 21961 2199 7320 21962 2198 7321 21963 2199 7321 21964 2200 7321 21965 2201 7322 21966 2200 7322 21967 2199 7322 21968 2201 7323 21969 2199 7323 21970 2202 7323 21971 2202 7324 21972 2189 7324 21973 2201 7324 21974 2203 7325 21975 2189 7325 21976 2202 7325 21977 2191 7326 21978 2203 7326 21979 2202 7326 21980 2191 7327 21981 2202 7327 21982 2192 7327 21983 2201 7328 21984 2189 7328 21985 2188 7328 21986 2188 7329 21987 2205 7329 21988 2201 7329 21989 2206 7330 21990 2204 7330 21991 2205 7330 21992 2208 7331 21993 2204 7331 21994 2206 7331 21995 2207 7332 21996 2208 7332 21997 2206 7332 21998 2187 7333 21999 1266 7333 22000 2207 7333 22001 2209 7334 22002 2207 7334 22003 1266 7334 22004 2207 7335 22005 2209 7335 22006 2208 7335 22007 2204 7336 22008 2208 7336 22009 2209 7336 22010 2204 7337 22011 2209 7337 22012 2210 7337 22013 2210 7338 22014 2200 7338 22015 2201 7338 22016 2210 7339 22017 2211 7339 22018 2200 7339 22019 2210 7340 22020 2201 7340 22021 2204 7340 22022 2211 7341 22023 2210 7341 22024 2212 7341 22025 1836 7342 22026 2200 7342 22027 2211 7342 22028 2213 7343 22029 2214 7343 22030 2212 7343 22031 1835 7344 22032 2214 7344 22033 2213 7344 22034 2216 7345 22035 1835 7345 22036 2213 7345 22037 2213 7346 22038 2212 7346 22039 2215 7346 22040 2223 7347 22041 2213 7347 22042 2215 7347 22043 2223 7348 22044 2216 7348 22045 2213 7348 22046 2217 7349 22047 1835 7349 22048 2216 7349 22049 1835 7350 22050 2217 7350 22051 2218 7350 22052 2216 7351 22053 2219 7351 22054 2217 7351 22055 2219 7352 22056 2218 7352 22057 2217 7352 22058 1827 7353 22059 2219 7353 22060 2220 7353 22061 1828 7354 22062 2219 7354 22063 1827 7354 22064 2219 7355 22065 1828 7355 22066 2218 7355 22067 2216 7356 22068 2222 7356 22069 2219 7356 22070 2219 7357 22071 2221 7357 22072 2220 7357 22073 2221 7358 22074 1267 7358 22075 1823 7358 22076 2219 7359 22077 1267 7359 22078 2221 7359 22079 1823 7360 22080 1826 7360 22081 2221 7360 22082 1826 7361 22083 1827 7361 22084 2221 7361 22085 2221 7362 22086 1827 7362 22087 2220 7362 22088 1267 7363 22089 2219 7363 22090 2222 7363 22091 1266 7364 22092 1267 7364 22093 2226 7364 22094 2222 7365 22095 2226 7365 22096 1267 7365 22097 2224 7366 22098 2226 7366 22099 2222 7366 22100 2223 7367 22101 2224 7367 22102 2222 7367 22103 2215 7368 22104 2225 7368 22105 2223 7368 22106 2225 7369 22107 2224 7369 22108 2223 7369 22109 2212 7370 22110 2225 7370 22111 2215 7370 22112 2210 7371 22113 2224 7371 22114 2225 7371 22115 2212 7372 22116 2210 7372 22117 2225 7372 22118 2209 7373 22119 1266 7373 22120 2224 7373 22121 2224 7374 22122 2210 7374 22123 2209 7374 22124 2222 7375 22125 2216 7375 22126 2223 7375 22127 2226 7376 22128 2224 7376 22129 1266 7376 22130 2214 7377 22131 1835 7377 22132 1838 7377 22133 2214 7378 22134 2211 7378 22135 2212 7378 22136 1838 7379 22137 2211 7379 22138 2214 7379 22139 1836 7380 22140 2211 7380 22141 1838 7380 22142 2204 7381 22143 2201 7381 22144 2205 7381 22145 2188 7382 22146 2206 7382 22147 2205 7382 22148 1836 7383 22149 1877 7383 22150 2200 7383 22151 2227 7384 22152 2229 7384 22153 2194 7384 22154 2227 7385 22155 2228 7385 22156 2229 7385 22157 2236 7386 22158 2228 7386 22159 2227 7386 22160 2236 7387 22161 2227 7387 22162 1885 7387 22163 2236 7388 22164 2230 7388 22165 2228 7388 22166 2231 7389 22167 2228 7389 22168 2230 7389 22169 2228 7390 22170 2231 7390 22171 2229 7390 22172 2260 7391 22173 2231 7391 22174 2233 7391 22175 2231 7392 22176 2260 7392 22177 2232 7392 22178 2233 7393 22179 2231 7393 22180 2234 7393 22181 2231 7394 22182 2152 7394 22183 2229 7394 22184 2231 7395 22185 2232 7395 22186 2152 7395 22187 2234 7396 22188 2231 7396 22189 2230 7396 22190 2239 7397 22191 2235 7397 22192 2234 7397 22193 2234 7398 22194 2235 7398 22195 2233 7398 22196 2230 7399 22197 2236 7399 22198 2234 7399 22199 2234 7400 22200 2236 7400 22201 2239 7400 22202 2236 7401 22203 2237 7401 22204 2239 7401 22205 2239 7402 22206 2237 7402 22207 2238 7402 22208 2237 7403 22209 1883 7403 22210 1886 7403 22211 2237 7404 22212 1886 7404 22213 2238 7404 22214 1888 7405 22215 2238 7405 22216 1886 7405 22217 1741 7406 22218 2238 7406 22219 1888 7406 22220 2239 7407 22221 2238 7407 22222 2240 7407 22223 2240 7408 22224 2235 7408 22225 2239 7408 22226 2240 7409 22227 2238 7409 22228 2242 7409 22229 2240 7410 22230 2242 7410 22231 2241 7410 22232 2238 7411 22233 1739 7411 22234 2242 7411 22235 2257 7412 22236 2242 7412 22237 1739 7412 22238 2256 7413 22239 2242 7413 22240 2257 7413 22241 2241 7414 22242 2242 7414 22243 2243 7414 22244 2243 7415 22245 2242 7415 22246 1670 7415 22247 2242 7416 22248 2256 7416 22249 1670 7416 22250 2244 7417 22251 1670 7417 22252 2256 7417 22253 1687 7418 22254 2244 7418 22255 2245 7418 22256 2245 7419 22257 2244 7419 22258 2246 7419 22259 1687 7420 22260 1670 7420 22261 2244 7420 22262 2246 7421 22263 2244 7421 22264 2256 7421 22265 1739 7422 22266 2248 7422 22267 2247 7422 22268 2245 7423 22269 2247 7423 22270 2248 7423 22271 2246 7424 22272 2247 7424 22273 2245 7424 22274 2248 7425 22275 2249 7425 22276 2245 7425 22277 1687 7426 22278 2245 7426 22279 2249 7426 22280 2249 7427 22281 1738 7427 22282 2250 7427 22283 2249 7428 22284 2248 7428 22285 1738 7428 22286 2250 7429 22287 1740 7429 22288 1735 7429 22289 2249 7430 22290 2250 7430 22291 2251 7430 22292 1740 7431 22293 2250 7431 22294 1738 7431 22295 2255 7432 22296 2249 7432 22297 2251 7432 22298 2255 7433 22299 2251 7433 22300 1688 7433 22301 2251 7434 22302 2254 7434 22303 1688 7434 22304 2250 7435 22305 2252 7435 22306 2251 7435 22307 2251 7436 22308 2252 7436 22309 2254 7436 22310 2252 7437 22311 2253 7437 22312 2254 7437 22313 1688 7438 22314 2254 7438 22315 1690 7438 22316 1690 7439 22317 2254 7439 22318 2253 7439 22319 2252 7440 22320 1730 7440 22321 2253 7440 22322 2253 7441 22323 1708 7441 22324 1695 7441 22325 1708 7442 22326 2253 7442 22327 1730 7442 22328 2249 7443 22329 2255 7443 22330 1687 7443 22331 1688 7444 22332 1687 7444 22333 2255 7444 22334 2247 7445 22335 2256 7445 22336 2257 7445 22337 2247 7446 22338 2246 7446 22339 2256 7446 22340 1739 7447 22341 2247 7447 22342 2257 7447 22343 2241 7448 22344 2235 7448 22345 2240 7448 22346 1669 7449 22347 2258 7449 22348 2235 7449 22349 2258 7450 22350 2233 7450 22351 2235 7450 22352 2235 7451 22353 2241 7451 22354 1669 7451 22355 2233 7452 22356 2258 7452 22357 2259 7452 22358 2259 7453 22359 2260 7453 22360 2233 7453 22361 2261 7454 22362 2260 7454 22363 2259 7454 22364 2150 7455 22365 2260 7455 22366 2261 7455 22367 2262 7456 22368 2144 7456 22369 2261 7456 22370 2261 7457 22371 2144 7457 22372 2148 7457 22373 2261 7458 22374 2259 7458 22375 2262 7458 22376 2262 7459 22377 2263 7459 22378 2144 7459 22379 2262 7460 22380 2258 7460 22381 2263 7460 22382 2258 7461 22383 2142 7461 22384 2263 7461 22385 2144 7462 22386 2263 7462 22387 2142 7462 22388 2259 7463 22389 2258 7463 22390 2262 7463 22391 2150 7464 22392 2152 7464 22393 2232 7464 22394 2150 7465 22395 2232 7465 22396 2260 7465 22397 2194 7466 22398 2229 7466 22399 2154 7466 22400 2190 7467 22401 2160 7467 22402 2159 7467 22403 2264 7468 22404 2190 7468 22405 2159 7468 22406 2156 7469 22407 2160 7469 22408 2190 7469 22409 2264 7470 22410 2186 7470 22411 2190 7470 22412 2264 7471 22413 2266 7471 22414 2265 7471 22415 2265 7472 22416 2184 7472 22417 2264 7472 22418 2264 7473 22419 2184 7473 22420 2186 7473 22421 2266 7474 22422 2264 7474 22423 2162 7474 22424 2172 7475 22425 2266 7475 22426 2162 7475 22427 2176 7476 22428 2266 7476 22429 2172 7476 22430 2266 7477 22431 2176 7477 22432 2265 7477 22433 2180 7478 22434 2265 7478 22435 2176 7478 22436 2184 7479 22437 2265 7479 22438 2180 7479 22439 1265 7480 22440 2187 7480 22441 2267 7480 22442 1265 7481 22443 1266 7481 22444 2187 7481 22445 2185 7482 22446 2267 7482 22447 2187 7482 22448 1265 7483 22449 2267 7483 22450 2272 7483 22451 2272 7484 22452 2267 7484 22453 2268 7484 22454 1294 7485 22455 2268 7485 22456 2270 7485 22457 2269 7486 22458 2268 7486 22459 2267 7486 22460 2268 7487 22461 2269 7487 22462 2270 7487 22463 2267 7488 22464 2183 7488 22465 2269 7488 22466 2185 7489 22467 2183 7489 22468 2267 7489 22469 2269 7490 22470 2183 7490 22471 2270 7490 22472 2270 7491 22473 2182 7491 22474 1294 7491 22475 2268 7492 22476 1294 7492 22477 2272 7492 22478 1294 7493 22479 2271 7493 22480 2272 7493 22481 2273 7494 22482 2280 7494 22483 2271 7494 22484 2271 7495 22485 2280 7495 22486 2272 7495 22487 2273 7496 22488 2284 7496 22489 2274 7496 22490 2273 7497 22491 2271 7497 22492 2284 7497 22493 2274 7498 22494 2277 7498 22495 2275 7498 22496 2274 7499 22497 1256 7499 22498 2277 7499 22499 2284 7500 22500 1256 7500 22501 2274 7500 22502 2275 7501 22503 2273 7501 22504 2274 7501 22505 2276 7502 22506 2275 7502 22507 2277 7502 22508 2277 7503 22509 2278 7503 22510 2279 7503 22511 2276 7504 22512 2277 7504 22513 2279 7504 22514 2279 7505 22515 2278 7505 22516 1257 7505 22517 2279 7506 22518 1264 7506 22519 2276 7506 22520 2275 7507 22521 2276 7507 22522 2273 7507 22523 2276 7508 22524 1264 7508 22525 2280 7508 22526 2276 7509 22527 2280 7509 22528 2273 7509 22529 2280 7510 22530 2281 7510 22531 1265 7510 22532 2282 7511 22533 1265 7511 22534 2281 7511 22535 2281 7512 22536 1263 7512 22537 2282 7512 22538 2281 7513 22539 2280 7513 22540 1263 7513 22541 1263 7514 22542 2280 7514 22543 1264 7514 22544 2284 7515 22545 2271 7515 22546 2283 7515 22547 2283 7516 22548 1293 7516 22549 2284 7516 22550 2286 7517 22551 2284 7517 22552 1293 7517 22553 2285 7518 22554 2286 7518 22555 1293 7518 22556 1291 7519 22557 2285 7519 22558 1293 7519 22559 2285 7520 22560 1186 7520 22561 1187 7520 22562 2285 7521 22563 1291 7521 22564 1186 7521 22565 2285 7522 22566 1189 7522 22567 1190 7522 22568 2285 7523 22569 1187 7523 22570 1189 7523 22571 2285 7524 22572 1190 7524 22573 2286 7524 22574 1251 7525 22575 2284 7525 22576 2286 7525 22577 2284 7526 22578 1251 7526 22579 1256 7526 22580 1265 7527 22581 2272 7527 22582 2280 7527 22583 1294 7528 22584 2283 7528 22585 2271 7528 22586 2168 7529 22587 2171 7529 22588 994 7529 22589 994 7530 22590 2171 7530 22591 2163 7530 22592 2168 7531 22593 2170 7531 22594 2171 7531 22595 2169 7532 22596 2170 7532 22597 2168 7532 22598 2153 7533 22599 2288 7533 22600 2287 7533 22601 2288 7534 22602 2166 7534 22603 2287 7534 22604 2151 7535 22605 2288 7535 22606 2153 7535 22607 992 7536 22608 2167 7536 22609 2166 7536 22610 992 7537 22611 2166 7537 22612 993 7537 22613 993 7538 22614 2166 7538 22615 2288 7538 22616 2289 7539 22617 2136 7539 22618 2140 7539 22619 2289 7540 22620 2140 7540 22621 1667 7540 22622 2289 7541 22623 1667 7541 22624 2290 7541 22625 2131 7542 22626 2133 7542 22627 2290 7542 22628 2289 7543 22629 2290 7543 22630 2133 7543 22631 1630 7544 22632 2129 7544 22633 2292 7544 22634 2292 7545 22635 2129 7545 22636 2307 7545 22637 2292 7546 22638 1640 7546 22639 1638 7546 22640 2292 7547 22641 2291 7547 22642 1640 7547 22643 2292 7548 22644 2307 7548 22645 2306 7548 22646 2293 7549 22647 2291 7549 22648 2292 7549 22649 2293 7550 22650 2292 7550 22651 2294 7550 22652 2292 7551 22653 2306 7551 22654 2294 7551 22655 2294 7552 22656 2295 7552 22657 2293 7552 22658 2295 7553 22659 2294 7553 22660 2306 7553 22661 2300 7554 22662 2295 7554 22663 2296 7554 22664 2300 7555 22665 2293 7555 22666 2295 7555 22667 2302 7556 22668 2299 7556 22669 2297 7556 22670 2298 7557 22671 2299 7557 22672 2302 7557 22673 2298 7558 22674 2300 7558 22675 2299 7558 22676 1326 7559 22677 2300 7559 22678 2298 7559 22679 1326 7560 22680 1335 7560 22681 2300 7560 22682 2299 7561 22683 2296 7561 22684 2297 7561 22685 2300 7562 22686 2296 7562 22687 2299 7562 22688 2300 7563 22689 1335 7563 22690 1336 7563 22691 2300 7564 22692 1336 7564 22693 2293 7564 22694 2291 7565 22695 2293 7565 22696 2301 7565 22697 2301 7566 22698 2293 7566 22699 1339 7566 22700 2301 7567 22701 1339 7567 22702 1643 7567 22703 2291 7568 22704 2301 7568 22705 1640 7568 22706 1643 7569 22707 1640 7569 22708 2301 7569 22709 1336 7570 22710 1339 7570 22711 2293 7570 22712 2303 7571 22713 1316 7571 22714 2302 7571 22715 2298 7572 22716 2302 7572 22717 1316 7572 22718 1933 7573 22719 2303 7573 22720 2304 7573 22721 2303 7574 22722 2302 7574 22723 2297 7574 22724 2303 7575 22725 2297 7575 22726 2304 7575 22727 1932 7576 22728 2303 7576 22729 1933 7576 22730 1943 7577 22731 1933 7577 22732 2304 7577 22733 1943 7578 22734 2304 7578 22735 2305 7578 22736 1943 7579 22737 1934 7579 22738 1933 7579 22739 1943 7580 22740 2305 7580 22741 1944 7580 22742 1943 7581 22743 1944 7581 22744 1941 7581 22745 2305 7582 22746 2306 7582 22747 1944 7582 22748 2307 7583 22749 1944 7583 22750 2306 7583 22751 1945 7584 22752 1944 7584 22753 2307 7584 22754 2295 7585 22755 2306 7585 22756 2305 7585 22757 2296 7586 22758 2295 7586 22759 2305 7586 22760 2304 7587 22761 2296 7587 22762 2305 7587 22763 2304 7588 22764 2297 7588 22765 2296 7588 22766 1662 7589 22767 1656 7589 22768 2308 7589 22769 1662 7590 22770 2308 7590 22771 1663 7590 22772 2128 7591 22773 1663 7591 22774 2308 7591 22775 1926 7592 22776 2303 7592 22777 1932 7592 22778 2309 7593 22779 1922 7593 22780 1923 7593 22781 1923 7594 22782 1918 7594 22783 2309 7594 22784 2309 7595 22785 1918 7595 22786 2317 7595 22787 2309 7596 22788 2317 7596 22789 2310 7596 22790 2310 7597 22791 1922 7597 22792 2309 7597 22793 2310 7598 22794 2317 7598 22795 2313 7598 22796 2311 7599 22797 1315 7599 22798 2310 7599 22799 2310 7600 22800 2313 7600 22801 2311 7600 22802 2311 7601 22803 1306 7601 22804 1315 7601 22805 2311 7602 22806 1304 7602 22807 1306 7602 22808 2312 7603 22809 1304 7603 22810 2311 7603 22811 2311 7604 22812 2313 7604 22813 2312 7604 22814 2312 7605 22815 2330 7605 22816 1304 7605 22817 2312 7606 22818 2331 7606 22819 2330 7606 22820 2312 7607 22821 2314 7607 22822 2338 7607 22823 2337 7608 22824 2312 7608 22825 2338 7608 22826 2312 7609 22827 2337 7609 22828 2331 7609 22829 2313 7610 22830 2314 7610 22831 2312 7610 22832 2314 7611 22833 2313 7611 22834 2315 7611 22835 2313 7612 22836 2316 7612 22837 2315 7612 22838 2317 7613 22839 2316 7613 22840 2313 7613 22841 2316 7614 22842 2317 7614 22843 2319 7614 22844 2317 7615 22845 2318 7615 22846 2319 7615 22847 1918 7616 22848 2318 7616 22849 2317 7616 22850 2318 7617 22851 1918 7617 22852 1915 7617 22853 2323 7618 22854 2319 7618 22855 2320 7618 22856 2323 7619 22857 2316 7619 22858 2319 7619 22859 2320 7620 22860 2319 7620 22861 2318 7620 22862 1804 7621 22863 2323 7621 22864 2320 7621 22865 1913 7622 22866 2320 7622 22867 1914 7622 22868 1804 7623 22869 2320 7623 22870 1913 7623 22871 2320 7624 22872 2318 7624 22873 1914 7624 22874 2321 7625 22875 1804 7625 22876 1882 7625 22877 1882 7626 22878 1804 7626 22879 1913 7626 22880 1882 7627 22881 1881 7627 22882 2321 7627 22883 2321 7628 22884 1881 7628 22885 2322 7628 22886 1769 7629 22887 1803 7629 22888 2322 7629 22889 2321 7630 22890 2322 7630 22891 1803 7630 22892 1879 7631 22893 2322 7631 22894 1881 7631 22895 1769 7632 22896 2322 7632 22897 1879 7632 22898 1878 7633 22899 1769 7633 22900 1879 7633 22901 2325 7634 22902 2323 7634 22903 1804 7634 22904 2325 7635 22905 2324 7635 22906 2323 7635 22907 2324 7636 22908 2315 7636 22909 2323 7636 22910 2323 7637 22911 2315 7637 22912 2316 7637 22913 2324 7638 22914 2314 7638 22915 2315 7638 22916 2343 7639 22917 1286 7639 22918 2325 7639 22919 1287 7640 22920 1286 7640 22921 2343 7640 22922 1286 7641 22923 2326 7641 22924 2334 7641 22925 2334 7642 22926 2326 7642 22927 2333 7642 22928 2333 7643 22929 2326 7643 22930 2327 7643 22931 2339 7644 22932 2332 7644 22933 2327 7644 22934 2328 7645 22935 2332 7645 22936 2339 7645 22937 2329 7646 22938 1301 7646 22939 1302 7646 22940 1304 7647 22941 2328 7647 22942 2329 7647 22943 1304 7648 22944 2329 7648 22945 1302 7648 22946 2330 7649 22947 2328 7649 22948 1304 7649 22949 2330 7650 22950 2332 7650 22951 2328 7650 22952 2330 7651 22953 2331 7651 22954 2332 7651 22955 2331 7652 22956 2333 7652 22957 2332 7652 22958 2331 7653 22959 2335 7653 22960 2333 7653 22961 2332 7654 22962 2333 7654 22963 2327 7654 22964 2335 7655 22965 2336 7655 22966 2333 7655 22967 2333 7656 22968 2336 7656 22969 2334 7656 22970 2335 7657 22971 2337 7657 22972 2336 7657 22973 2337 7658 22974 2338 7658 22975 2324 7658 22976 2324 7659 22977 2338 7659 22978 2314 7659 22979 2325 7660 22980 2337 7660 22981 2324 7660 22982 2336 7661 22983 2337 7661 22984 2325 7661 22985 1286 7662 22986 2334 7662 22987 2336 7662 22988 2325 7663 22989 1286 7663 22990 2336 7663 22991 2331 7664 22992 2337 7664 22993 2335 7664 22994 2328 7665 22995 1298 7665 22996 2329 7665 22997 1298 7666 22998 1301 7666 22999 2329 7666 23000 2328 7667 23001 2339 7667 23002 1298 7667 23003 1292 7668 23004 2339 7668 23005 2327 7668 23006 2339 7669 23007 1292 7669 23008 1297 7669 23009 1298 7670 23010 2339 7670 23011 1297 7670 23012 2327 7671 23013 2326 7671 23014 1292 7671 23015 1292 7672 23016 2326 7672 23017 1289 7672 23018 1289 7673 23019 2326 7673 23020 1286 7673 23021 2343 7674 23022 2325 7674 23023 1804 7674 23024 2343 7675 23025 2353 7675 23026 2340 7675 23027 2342 7676 23028 2343 7676 23029 2341 7676 23030 2343 7677 23031 2342 7677 23032 2353 7677 23033 2343 7678 23034 2355 7678 23035 2344 7678 23036 2344 7679 23037 2341 7679 23038 2343 7679 23039 2345 7680 23040 2346 7680 23041 2344 7680 23042 2345 7681 23043 2344 7681 23044 2355 7681 23045 2345 7682 23046 2355 7682 23047 1812 7682 23048 2345 7683 23049 1272 7683 23050 2346 7683 23051 1272 7684 23052 2347 7684 23053 2346 7684 23054 2348 7685 23055 2347 7685 23056 1272 7685 23057 2350 7686 23058 2347 7686 23059 2348 7686 23060 2348 7687 23061 1273 7687 23062 2349 7687 23063 2350 7688 23064 2348 7688 23065 2349 7688 23066 2353 7689 23067 2342 7689 23068 2350 7689 23069 2347 7690 23070 2350 7690 23071 2342 7690 23072 2342 7691 23073 2351 7691 23074 2347 7691 23075 2344 7692 23076 2347 7692 23077 2351 7692 23078 2341 7693 23079 2344 7693 23080 2351 7693 23081 2351 7694 23082 2342 7694 23083 2341 7694 23084 2351 7695 23085 2341 7695 23086 2352 7695 23087 2341 7696 23088 2351 7696 23089 2352 7696 23090 2346 7697 23091 2347 7697 23092 2344 7697 23093 2349 7698 23094 2353 7698 23095 2350 7698 23096 1281 7699 23097 2353 7699 23098 2349 7699 23099 1281 7700 23100 2340 7700 23101 2353 7700 23102 2354 7701 23103 1284 7701 23104 2340 7701 23105 2354 7702 23106 2340 7702 23107 1281 7702 23108 1284 7703 23109 1280 7703 23110 1283 7703 23111 1284 7704 23112 2354 7704 23113 1280 7704 23114 1280 7705 23115 1282 7705 23116 1283 7705 23117 1281 7706 23118 1280 7706 23119 2354 7706 23120 1812 7707 23121 2355 7707 23122 2356 7707 23123 1812 7708 23124 2356 7708 23125 1811 7708 23126 2356 7709 23127 2355 7709 23128 1806 7709 23129 1808 7710 23130 2356 7710 23131 1806 7710 23132 1811 7711 23133 2356 7711 23134 1808 7711 23135 2343 7712 23136 1806 7712 23137 2355 7712 23138 2340 7713 23139 1287 7713 23140 2343 7713 23141 2340 7714 23142 1284 7714 23143 1287 7714 23144 1914 7715 23145 2318 7715 23146 1915 7715 23147 1315 7716 23148 1922 7716 23149 2310 7716 23150 1315 7717 23151 1316 7717 23152 2303 7717 23153 1923 7718 23154 1917 7718 23155 1918 7718 23156 1764 7719 23157 1916 7719 23158 1765 7719 23159 1882 7720 23160 1913 7720 23161 1912 7720 23162 1881 7721 23163 1912 7721 23164 1909 7721 23165 1912 7722 23166 1881 7722 23167 1882 7722 23168 1766 7723 23169 1767 7723 23170 1910 7723 23171 1908 7724 23172 1881 7724 23173 1909 7724 23174 1741 7725 23175 1890 7725 23176 1892 7725 23177 1888 7726 23178 1890 7726 23179 1741 7726 23180 1890 7727 23181 1888 7727 23182 1887 7727 23183 1887 7728 23184 1888 7728 23185 1886 7728 23186 1879 7729 23187 1884 7729 23188 2195 7729 23189 1831 7730 23190 1835 7730 23191 2218 7730 23192 1832 7731 23193 1833 7731 23194 1834 7731 23195 1826 7732 23196 1817 7732 23197 1830 7732 23198 1267 7733 23199 1269 7733 23200 1823 7733 23201 1795 7734 23202 2358 7734 23203 1800 7734 23204 1795 7735 23205 2357 7735 23206 2358 7735 23207 1796 7736 23208 2358 7736 23209 2357 7736 23210 1801 7737 23211 1763 7737 23212 1800 7737 23213 1800 7738 23214 1761 7738 23215 1753 7738 23216 1800 7739 23217 1763 7739 23218 1761 7739 23219 1755 7740 23220 1761 7740 23221 1763 7740 23222 1755 7741 23223 1753 7741 23224 1761 7741 23225 1750 7742 23226 1747 7742 23227 1793 7742 23228 1793 7743 23229 1751 7743 23230 1750 7743 23231 1785 7744 23232 1905 7744 23233 1783 7744 23234 1783 7745 23235 1905 7745 23236 1781 7745 23237 1782 7746 23238 1907 7746 23239 1779 7746 23240 1777 7747 23241 1787 7747 23242 1778 7747 23243 1770 7748 23244 1775 7748 23245 1772 7748 23246 2197 7749 23247 1775 7749 23248 1770 7749 23249 1771 7750 23250 1772 7750 23251 1777 7750 23252 1770 7751 23253 1772 7751 23254 1771 7751 23255 1768 7752 23256 1803 7752 23257 1769 7752 23258 1760 7753 23259 1762 7753 23260 1724 7753 23261 1760 7754 23262 1723 7754 23263 1759 7754 23264 1723 7755 23265 1757 7755 23266 1759 7755 23267 1755 7756 23268 1763 7756 23269 1758 7756 23270 1756 7757 23271 2360 7757 23272 1758 7757 23273 1756 7758 23274 2361 7758 23275 2360 7758 23276 1755 7759 23277 1758 7759 23278 2360 7759 23279 1754 7760 23280 1729 7760 23281 2363 7760 23282 1754 7761 23283 2363 7761 23284 2362 7761 23285 2363 7762 23286 1729 7762 23287 1732 7762 23288 2363 7763 23289 1732 7763 23290 1749 7763 23291 1744 7764 23292 1749 7764 23293 2364 7764 23294 1749 7765 23295 1733 7765 23296 2364 7765 23297 1746 7766 23298 1745 7766 23299 1747 7766 23300 1744 7767 23301 2364 7767 23302 2365 7767 23303 1743 7768 23304 1744 7768 23305 2365 7768 23306 2364 7769 23307 1743 7769 23308 2365 7769 23309 1734 7770 23310 2252 7770 23311 1736 7770 23312 1714 7771 23313 1708 7771 23314 1730 7771 23315 1714 7772 23316 1730 7772 23317 2366 7772 23318 1726 7773 23319 1714 7773 23320 2366 7773 23321 1726 7774 23322 2366 7774 23323 1728 7774 23324 1717 7775 23325 1726 7775 23326 1721 7775 23327 1721 7776 23328 1726 7776 23329 1725 7776 23330 1717 7777 23331 1714 7777 23332 1726 7777 23333 1717 7778 23334 1721 7778 23335 1719 7778 23336 1708 7779 23337 1694 7779 23338 1695 7779 23339 1681 7780 23340 1684 7780 23341 1682 7780 23342 2368 7781 23343 1684 7781 23344 1681 7781 23345 2368 7782 23346 1672 7782 23347 1684 7782 23348 1670 7783 23349 1684 7783 23350 1672 7783 23351 1672 7784 23352 2368 7784 23353 2367 7784 23354 1673 7785 23355 2367 7785 23356 2368 7785 23357 1673 7786 23358 2368 7786 23359 2369 7786 23360 1681 7787 23361 2369 7787 23362 2368 7787 23363 2369 7788 23364 1674 7788 23365 1673 7788 23366 2369 7789 23367 1681 7789 23368 1679 7789 23369 1678 7790 23370 1680 7790 23371 1994 7790 23372 1665 7791 23373 1676 7791 23374 1675 7791 23375 1665 7792 23376 1675 7792 23377 1664 7792 23378 1673 7793 23379 1676 7793 23380 2367 7793 23381 1666 7794 23382 1676 7794 23383 1665 7794 23384 1662 7795 23385 2370 7795 23386 1656 7795 23387 2370 7796 23388 1662 7796 23389 1661 7796 23390 2370 7797 23391 1661 7797 23392 1660 7797 23393 1648 7798 23394 1654 7798 23395 1652 7798 23396 1652 7799 23397 1650 7799 23398 1648 7799 23399 1644 7800 23400 1340 7800 23401 1645 7800 23402 1384 7801 23403 2099 7801 23404 1382 7801 23405 2373 7802 23406 2371 7802 23407 2372 7802 23408 2371 7803 23409 2373 7803 23410 1383 7803 23411 1384 7804 23412 1383 7804 23413 2373 7804 23414 2376 7805 23415 2373 7805 23416 2372 7805 23417 2374 7806 23418 2373 7806 23419 2376 7806 23420 2375 7807 23421 2376 7807 23422 2372 7807 23423 2378 7808 23424 1442 7808 23425 2376 7808 23426 2377 7809 23427 2376 7809 23428 1442 7809 23429 2375 7810 23430 2378 7810 23431 2376 7810 23432 2375 7811 23433 2371 7811 23434 2379 7811 23435 2379 7812 23436 2378 7812 23437 2375 7812 23438 1395 7813 23439 2379 7813 23440 1394 7813 23441 2371 7814 23442 1394 7814 23443 2379 7814 23444 1395 7815 23445 2378 7815 23446 2379 7815 23447 2380 7816 23448 1394 7816 23449 2371 7816 23450 2371 7817 23451 1383 7817 23452 2380 7817 23453 2375 7818 23454 2372 7818 23455 2371 7818 23456 1395 7819 23457 1442 7819 23458 2378 7819 23459 2377 7820 23460 2374 7820 23461 2376 7820 23462 1443 7821 23463 2377 7821 23464 1442 7821 23465 2381 7822 23466 2374 7822 23467 2377 7822 23468 1444 7823 23469 2381 7823 23470 2377 7823 23471 1443 7824 23472 1444 7824 23473 2377 7824 23474 1641 7825 23475 1640 7825 23476 1643 7825 23477 2382 7826 23478 1016 7826 23479 1018 7826 23480 1014 7827 23481 2382 7827 23482 1018 7827 23483 2382 7828 23484 1012 7828 23485 1013 7828 23486 1012 7829 23487 2382 7829 23488 1014 7829 23489 1628 7830 23490 2382 7830 23491 1013 7830 23492 1447 7831 23493 1448 7831 23494 1449 7831 23495 1440 7832 23496 1436 7832 23497 1435 7832 23498 1442 7833 23499 1400 7833 23500 1437 7833 23501 1400 7834 23502 1442 7834 23503 1395 7834 23504 1437 7835 23505 1400 7835 23506 2383 7835 23507 2383 7836 23508 1430 7836 23509 1437 7836 23510 2388 7837 23511 1400 7837 23512 2387 7837 23513 1400 7838 23514 2388 7838 23515 1429 7838 23516 1429 7839 23517 2384 7839 23518 1426 7839 23519 2384 7840 23520 1429 7840 23521 2388 7840 23522 2385 7841 23523 2384 7841 23524 2388 7841 23525 2385 7842 23526 1411 7842 23527 2389 7842 23528 1411 7843 23529 2385 7843 23530 1410 7843 23531 2387 7844 23532 2385 7844 23533 2388 7844 23534 1410 7845 23535 2385 7845 23536 2387 7845 23537 2386 7846 23538 1410 7846 23539 2387 7846 23540 2387 7847 23541 1400 7847 23542 2386 7847 23543 2389 7848 23544 2384 7848 23545 2385 7848 23546 1412 7849 23547 1421 7849 23548 2389 7849 23549 1411 7850 23550 1412 7850 23551 2389 7850 23552 1429 7851 23553 2383 7851 23554 1400 7851 23555 1430 7852 23556 2383 7852 23557 1429 7852 23558 1433 7853 23559 1432 7853 23560 1435 7853 23561 1422 7854 23562 1425 7854 23563 1427 7854 23564 1420 7855 23565 1604 7855 23566 1423 7855 23567 1418 7856 23568 1415 7856 23569 1419 7856 23570 1407 7857 23571 2386 7857 23572 1400 7857 23573 1407 7858 23574 1400 7858 23575 1406 7858 23576 1400 7859 23577 1401 7859 23578 1406 7859 23579 1377 7860 23580 1379 7860 23581 2390 7860 23582 2392 7861 23583 2380 7861 23584 1383 7861 23585 2392 7862 23586 1393 7862 23587 2380 7862 23588 1383 7863 23589 1382 7863 23590 2392 7863 23591 1393 7864 23592 2392 7864 23593 1382 7864 23594 1393 7865 23595 1382 7865 23596 1386 7865 23597 1388 7866 23598 1389 7866 23599 2391 7866 23600 1389 7867 23601 1380 7867 23602 2391 7867 23603 1377 7868 23604 2391 7868 23605 1380 7868 23606 1370 7869 23607 1375 7869 23608 1371 7869 23609 1368 7870 23610 1373 7870 23611 1372 7870 23612 1370 7871 23613 1369 7871 23614 1372 7871 23615 1368 7872 23616 1372 7872 23617 2393 7872 23618 1372 7873 23619 1368 7873 23620 2393 7873 23621 1372 7874 23622 2394 7874 23623 1368 7874 23624 2394 7875 23625 1372 7875 23626 1369 7875 23627 2394 7876 23628 1369 7876 23629 1366 7876 23630 2395 7877 23631 1364 7877 23632 1345 7877 23633 1355 7878 23634 2395 7878 23635 1346 7878 23636 2395 7879 23637 1345 7879 23638 1346 7879 23639 1358 7880 23640 1364 7880 23641 2395 7880 23642 1360 7881 23643 1364 7881 23644 1358 7881 23645 1355 7882 23646 1358 7882 23647 2395 7882 23648 1355 7883 23649 1356 7883 23650 1358 7883 23651 1338 7884 23652 1333 7884 23653 1343 7884 23654 1337 7885 23655 1333 7885 23656 1338 7885 23657 1343 7886 23658 1341 7886 23659 1338 7886 23660 1326 7887 23661 1325 7887 23662 1335 7887 23663 1330 7888 23664 1323 7888 23665 1331 7888 23666 2298 7889 23667 1316 7889 23668 2396 7889 23669 1322 7890 23670 2396 7890 23671 1314 7890 23672 1314 7891 23673 2396 7891 23674 1316 7891 23675 1314 7892 23676 1318 7892 23677 1322 7892 23678 1321 7893 23679 1320 7893 23680 1055 7893 23681 1053 7894 23682 1051 7894 23683 1319 7894 23684 1319 7895 23685 1313 7895 23686 1053 7895 23687 1053 7896 23688 1313 7896 23689 2397 7896 23690 1053 7897 23691 2397 7897 23692 1052 7897 23693 2397 7898 23694 1303 7898 23695 2398 7898 23696 1052 7899 23697 2397 7899 23698 2398 7899 23699 1052 7900 23700 2398 7900 23701 2399 7900 23702 2399 7901 23703 2398 7901 23704 2400 7901 23705 2400 7902 23706 2398 7902 23707 2401 7902 23708 2398 7903 23709 1303 7903 23710 2401 7903 23711 1303 7904 23712 2402 7904 23713 2401 7904 23714 2402 7905 23715 2407 7905 23716 2403 7905 23717 2401 7906 23718 2402 7906 23719 2403 7906 23720 2402 7907 23721 2404 7907 23722 2407 7907 23723 2407 7908 23724 2404 7908 23725 1005 7908 23726 975 7909 23727 2404 7909 23728 2402 7909 23729 975 7910 23730 2405 7910 23731 2404 7910 23732 1005 7911 23733 2404 7911 23734 2405 7911 23735 1005 7912 23736 2405 7912 23737 1004 7912 23738 2406 7913 23739 2407 7913 23740 1005 7913 23741 2407 7914 23742 2406 7914 23743 1028 7914 23744 2408 7915 23745 2406 7915 23746 2409 7915 23747 2410 7916 23748 2406 7916 23749 2408 7916 23750 2410 7917 23751 1028 7917 23752 2406 7917 23753 2409 7918 23754 2406 7918 23755 1005 7918 23756 2408 7919 23757 2412 7919 23758 2410 7919 23759 2412 7920 23760 2408 7920 23761 2411 7920 23762 2411 7921 23763 1007 7921 23764 2412 7921 23765 1022 7922 23766 2410 7922 23767 2412 7922 23768 1007 7923 23769 1022 7923 23770 2412 7923 23771 2411 7924 23772 2408 7924 23773 2409 7924 23774 1305 7925 23775 2402 7925 23776 1303 7925 23777 1305 7926 23778 976 7926 23779 2402 7926 23780 975 7927 23781 2402 7927 23782 976 7927 23783 2403 7928 23784 2400 7928 23785 2401 7928 23786 2399 7929 23787 2400 7929 23788 2413 7929 23789 2403 7930 23790 2413 7930 23791 2400 7930 23792 2399 7931 23793 2413 7931 23794 1046 7931 23795 1305 7932 23796 1308 7932 23797 2414 7932 23798 2414 7933 23799 976 7933 23800 1305 7933 23801 2177 7934 23802 995 7934 23803 1299 7934 23804 2177 7935 23805 1296 7935 23806 2178 7935 23807 995 7936 23808 989 7936 23809 1299 7936 23810 1291 7937 23811 1293 7937 23812 1290 7937 23813 1288 7938 23814 1186 7938 23815 1291 7938 23816 1233 7939 23817 1186 7939 23818 1285 7939 23819 2415 7940 23820 1233 7940 23821 1285 7940 23822 1285 7941 23823 1277 7941 23824 2415 7941 23825 2415 7942 23826 1275 7942 23827 1235 7942 23828 2420 7943 23829 1235 7943 23830 1275 7943 23831 2420 7944 23832 2416 7944 23833 1235 7944 23834 1239 7945 23835 1235 7945 23836 2416 7945 23837 1235 7946 23838 1239 7946 23839 1236 7946 23840 2416 7947 23841 2417 7947 23842 1239 7947 23843 2418 7948 23844 2417 7948 23845 2416 7948 23846 2418 7949 23847 2416 7949 23848 2419 7949 23849 2416 7950 23850 2418 7950 23851 2419 7950 23852 2416 7951 23853 2420 7951 23854 2418 7951 23855 2418 7952 23856 2420 7952 23857 2417 7952 23858 1258 7953 23859 1253 7953 23860 1259 7953 23861 1255 7954 23862 1256 7954 23863 1251 7954 23864 2421 7955 23865 2417 7955 23866 1253 7955 23867 1251 7956 23868 1193 7956 23869 1206 7956 23870 1251 7957 23871 2286 7957 23872 1193 7957 23873 1206 7958 23874 1208 7958 23875 1249 7958 23876 1248 7959 23877 1206 7959 23878 1249 7959 23879 1238 7960 23880 2422 7960 23881 1237 7960 23882 2422 7961 23883 2434 7961 23884 1237 7961 23885 2423 7962 23886 2426 7962 23887 2422 7962 23888 2422 7963 23889 2426 7963 23890 2434 7963 23891 2422 7964 23892 2424 7964 23893 2423 7964 23894 1238 7965 23895 1245 7965 23896 2424 7965 23897 2424 7966 23898 2422 7966 23899 1238 7966 23900 2424 7967 23901 2432 7967 23902 2425 7967 23903 2428 7968 23904 2424 7968 23905 2425 7968 23906 2424 7969 23907 2428 7969 23908 2423 7969 23909 2424 7970 23910 1245 7970 23911 2432 7970 23912 2423 7971 23913 2427 7971 23914 2426 7971 23915 2428 7972 23916 2427 7972 23917 2423 7972 23918 2428 7973 23919 2431 7973 23920 2427 7973 23921 2425 7974 23922 2429 7974 23923 2428 7974 23924 2429 7975 23925 2425 7975 23926 1223 7975 23927 2429 7976 23928 1223 7976 23929 2430 7976 23930 2430 7977 23931 2431 7977 23932 2429 7977 23933 2430 7978 23934 1225 7978 23935 2431 7978 23936 1225 7979 23937 1232 7979 23938 2431 7979 23939 1226 7980 23940 1232 7980 23941 1225 7980 23942 1232 7981 23943 1226 7981 23944 1227 7981 23945 1230 7982 23946 1232 7982 23947 1227 7982 23948 1232 7983 23949 1230 7983 23950 1231 7983 23951 2429 7984 23952 2431 7984 23953 2428 7984 23954 2426 7985 23955 2427 7985 23956 2434 7985 23957 2425 7986 23958 2433 7986 23959 1223 7986 23960 2425 7987 23961 2432 7987 23962 2433 7987 23963 1219 7988 23964 2433 7988 23965 2432 7988 23966 2433 7989 23967 1219 7989 23968 1222 7989 23969 1223 7990 23970 2433 7990 23971 1222 7990 23972 1219 7991 23973 2432 7991 23974 1212 7991 23975 1231 7992 23976 2436 7992 23977 1182 7992 23978 1231 7993 23979 1182 7993 23980 1186 7993 23981 1148 7994 23982 1231 7994 23983 1229 7994 23984 1144 7995 23985 1148 7995 23986 1229 7995 23987 2435 7996 23988 2436 7996 23989 1231 7996 23990 1148 7997 23991 2435 7997 23992 1231 7997 23993 1164 7998 23994 2436 7998 23995 2435 7998 23996 1164 7999 23997 1167 7999 23998 2436 7999 23999 1182 8000 24000 2436 8000 24001 2437 8000 24002 2437 8001 24003 2436 8001 24004 2438 8001 24005 1181 8002 24006 2437 8002 24007 2438 8002 24008 1172 8003 24009 2438 8003 24010 2436 8003 24011 1167 8004 24012 1172 8004 24013 2436 8004 24014 1167 8005 24015 1168 8005 24016 1172 8005 24017 1143 8006 24018 1144 8006 24019 1229 8006 24020 1227 8007 24021 1230 8007 24022 2439 8007 24023 1230 8008 24024 1227 8008 24025 2439 8008 24026 1227 8009 24027 1228 8009 24028 1230 8009 24029 1226 8010 24030 1224 8010 24031 1142 8010 24032 1142 8011 24033 1224 8011 24034 1140 8011 24035 1221 8012 24036 1218 8012 24037 2440 8012 24038 2440 8013 24039 1218 8013 24040 2442 8013 24041 2442 8014 24042 2452 8014 24043 2440 8014 24044 2441 8015 24045 2442 8015 24046 1216 8015 24047 2442 8016 24048 1218 8016 24049 1217 8016 24050 1216 8017 24051 2442 8017 24052 1217 8017 24053 1199 8018 24054 2442 8018 24055 2441 8018 24056 2443 8019 24057 2451 8019 24058 2442 8019 24059 2442 8020 24060 2451 8020 24061 2452 8020 24062 2442 8021 24063 2444 8021 24064 2443 8021 24065 2444 8022 24066 2442 8022 24067 1199 8022 24068 2443 8023 24069 2444 8023 24070 2447 8023 24071 2447 8024 24072 2444 8024 24073 2445 8024 24074 2445 8025 24075 2446 8025 24076 2447 8025 24077 2447 8026 24078 2448 8026 24079 2443 8026 24080 2447 8027 24081 2446 8027 24082 2448 8027 24083 2443 8028 24084 2448 8028 24085 2450 8028 24086 2449 8029 24087 2448 8029 24088 2446 8029 24089 2450 8030 24090 2448 8030 24091 2449 8030 24092 2450 8031 24093 2451 8031 24094 2443 8031 24095 2453 8032 24096 2450 8032 24097 2449 8032 24098 2451 8033 24099 2450 8033 24100 2453 8033 24101 2451 8034 24102 2453 8034 24103 2452 8034 24104 2453 8035 24105 2440 8035 24106 2452 8035 24107 2453 8036 24108 2449 8036 24109 2454 8036 24110 2454 8037 24111 2449 8037 24112 2455 8037 24113 2455 8038 24114 2456 8038 24115 2457 8038 24116 2456 8039 24117 1180 8039 24118 2459 8039 24119 2456 8040 24120 2455 8040 24121 1180 8040 24122 2457 8041 24123 2456 8041 24124 1127 8041 24125 2456 8042 24126 2472 8042 24127 1127 8042 24128 2458 8043 24129 2472 8043 24130 2456 8043 24131 2456 8044 24132 2459 8044 24133 2458 8044 24134 2459 8045 24135 1180 8045 24136 959 8045 24137 959 8046 24138 2471 8046 24139 2459 8046 24140 2459 8047 24141 2471 8047 24142 2460 8047 24143 2458 8048 24144 2459 8048 24145 2461 8048 24146 2460 8049 24147 2461 8049 24148 2459 8049 24149 2462 8050 24150 2461 8050 24151 2460 8050 24152 2460 8051 24153 2464 8051 24154 2462 8051 24155 2462 8052 24156 2464 8052 24157 2463 8052 24158 2464 8053 24159 2465 8053 24160 1035 8053 24161 2464 8054 24162 1035 8054 24163 2463 8054 24164 2466 8055 24165 1035 8055 24166 2465 8055 24167 2468 8056 24168 958 8056 24169 2466 8056 24170 953 8057 24171 2466 8057 24172 958 8057 24173 2464 8058 24174 2466 8058 24175 2465 8058 24176 2468 8059 24177 2466 8059 24178 2464 8059 24179 1038 8060 24180 1035 8060 24181 2466 8060 24182 1038 8061 24183 2466 8061 24184 953 8061 24185 953 8062 24186 1040 8062 24187 1038 8062 24188 1040 8063 24189 953 8063 24190 2467 8063 24191 2460 8064 24192 2468 8064 24193 2464 8064 24194 2468 8065 24195 2460 8065 24196 2471 8065 24197 958 8066 24198 2468 8066 24199 2469 8066 24200 2470 8067 24201 2469 8067 24202 2468 8067 24203 2471 8068 24204 959 8068 24205 2470 8068 24206 2470 8069 24207 2468 8069 24208 2471 8069 24209 2462 8070 24210 2458 8070 24211 2461 8070 24212 2472 8071 24213 2462 8071 24214 1121 8071 24215 2472 8072 24216 2458 8072 24217 2462 8072 24218 2473 8073 24219 2472 8073 24220 1121 8073 24221 2472 8074 24222 2473 8074 24223 2474 8074 24224 1127 8075 24225 2472 8075 24226 2474 8075 24227 2463 8076 24228 1120 8076 24229 2462 8076 24230 2462 8077 24231 1120 8077 24232 1121 8077 24233 2454 8078 24234 2457 8078 24235 2475 8078 24236 2454 8079 24237 2455 8079 24238 2457 8079 24239 2475 8080 24240 1133 8080 24241 2454 8080 24242 2475 8081 24243 2457 8081 24244 1133 8081 24245 2449 8082 24246 2476 8082 24247 2455 8082 24248 1180 8083 24249 2455 8083 24250 2476 8083 24251 2476 8084 24252 2449 8084 24253 2477 8084 24254 2449 8085 24255 2446 8085 24256 2477 8085 24257 2477 8086 24258 2478 8086 24259 2476 8086 24260 2478 8087 24261 2477 8087 24262 1183 8087 24263 2477 8088 24264 2446 8088 24265 1183 8088 24266 1180 8089 24267 2476 8089 24268 2478 8089 24269 1133 8090 24270 2453 8090 24271 2454 8090 24272 1183 8091 24273 2446 8091 24274 1184 8091 24275 2445 8092 24276 1184 8092 24277 2446 8092 24278 1201 8093 24279 1199 8093 24280 2441 8093 24281 1201 8094 24282 2441 8094 24283 1203 8094 24284 2453 8095 24285 1137 8095 24286 2440 8095 24287 1221 8096 24288 2440 8096 24289 1137 8096 24290 2441 8097 24291 1216 8097 24292 1214 8097 24293 1207 8098 24294 1211 8098 24295 1210 8098 24296 1192 8099 24297 1195 8099 24298 1193 8099 24299 1185 8100 24300 1186 8100 24301 1182 8100 24302 1180 8101 24303 2478 8101 24304 1181 8101 24305 2438 8102 24306 1178 8102 24307 1181 8102 24308 1178 8103 24309 2438 8103 24310 1176 8103 24311 966 8104 24312 967 8104 24313 1174 8104 24314 1153 8105 24315 1161 8105 24316 1164 8105 24317 2479 8106 24318 1062 8106 24319 1163 8106 24320 1062 8107 24321 1047 8107 24322 1163 8107 24323 1163 8108 24324 1047 8108 24325 1045 8108 24326 1064 8109 24327 1062 8109 24328 2479 8109 24329 2481 8110 24330 1064 8110 24331 2479 8110 24332 2479 8111 24333 2488 8111 24334 2480 8111 24335 2481 8112 24336 2479 8112 24337 2480 8112 24338 2479 8113 24339 2489 8113 24340 2488 8113 24341 2480 8114 24342 2482 8114 24343 2481 8114 24344 2483 8115 24345 2481 8115 24346 2482 8115 24347 2481 8116 24348 2483 8116 24349 1090 8116 24350 2484 8117 24351 2483 8117 24352 2482 8117 24353 2483 8118 24354 2484 8118 24355 1095 8118 24356 2480 8119 24357 1095 8119 24358 2484 8119 24359 2484 8120 24360 2482 8120 24361 2485 8120 24362 2482 8121 24363 2484 8121 24364 2485 8121 24365 2482 8122 24366 2480 8122 24367 2484 8122 24368 1095 8123 24369 2480 8123 24370 1093 8123 24371 2487 8124 24372 2480 8124 24373 2488 8124 24374 2487 8125 24375 1093 8125 24376 2480 8125 24377 2486 8126 24378 1093 8126 24379 2487 8126 24380 2486 8127 24381 2488 8127 24382 1104 8127 24383 2486 8128 24384 2487 8128 24385 2488 8128 24386 1104 8129 24387 2488 8129 24388 2489 8129 24389 1104 8130 24390 2489 8130 24391 2498 8130 24392 2497 8131 24393 2489 8131 24394 1162 8131 24395 2490 8132 24396 2497 8132 24397 2491 8132 24398 1103 8133 24399 2497 8133 24400 2490 8133 24401 2492 8134 24402 2490 8134 24403 2491 8134 24404 2492 8135 24405 1136 8135 24406 2490 8135 24407 1158 8136 24408 1136 8136 24409 2492 8136 24410 1160 8137 24411 1158 8137 24412 2492 8137 24413 2491 8138 24414 1160 8138 24415 2492 8138 24416 2491 8139 24417 1162 8139 24418 1160 8139 24419 2497 8140 24420 1162 8140 24421 2491 8140 24422 2493 8141 24423 2490 8141 24424 1136 8141 24425 2494 8142 24426 2490 8142 24427 2493 8142 24428 2490 8143 24429 2494 8143 24430 1103 8143 24431 2493 8144 24432 2495 8144 24433 2494 8144 24434 2494 8145 24435 2495 8145 24436 1124 8145 24437 1126 8146 24438 2495 8146 24439 1132 8146 24440 2495 8147 24441 2496 8147 24442 1132 8147 24443 2495 8148 24444 2493 8148 24445 2496 8148 24446 2495 8149 24447 1126 8149 24448 1124 8149 24449 2493 8150 24450 1136 8150 24451 2496 8150 24452 1136 8151 24453 1132 8151 24454 2496 8151 24455 1103 8152 24456 2498 8152 24457 2497 8152 24458 1103 8153 24459 1104 8153 24460 2498 8153 24461 2498 8154 24462 2489 8154 24463 2497 8154 24464 2486 8155 24465 1094 8155 24466 1093 8155 24467 1154 8156 24468 1159 8156 24469 1153 8156 24470 1159 8157 24471 1154 8157 24472 1157 8157 24473 1149 8158 24474 1139 8158 24475 1155 8158 24476 1154 8159 24477 1149 8159 24478 1155 8159 24479 2435 8160 24480 1151 8160 24481 1164 8160 24482 1150 8161 24483 1151 8161 24484 2435 8161 24485 1145 8162 24486 1149 8162 24487 1147 8162 24488 1146 8163 24489 1149 8163 24490 1145 8163 24491 1146 8164 24492 1143 8164 24493 1142 8164 24494 1137 8165 24495 2453 8165 24496 1134 8165 24497 1134 8166 24498 1132 8166 24499 1136 8166 24500 1103 8167 24501 2494 8167 24502 1105 8167 24503 1106 8168 24504 1119 8168 24505 1111 8168 24506 1117 8169 24507 1115 8169 24508 1114 8169 24509 1097 8170 24510 1525 8170 24511 1526 8170 24512 1109 8171 24513 1117 8171 24514 1110 8171 24515 1076 8172 24516 1097 8172 24517 1526 8172 24518 1081 8173 24519 1096 8173 24520 1076 8173 24521 1091 8174 24522 1096 8174 24523 1081 8174 24524 1092 8175 24525 1095 8175 24526 1096 8175 24527 1092 8176 24528 1096 8176 24529 1091 8176 24530 2483 8177 24531 1095 8177 24532 1092 8177 24533 1087 8178 24534 1088 8178 24535 1089 8178 24536 1089 8179 24537 1083 8179 24538 1087 8179 24539 1086 8180 24540 1065 8180 24541 1064 8180 24542 1083 8181 24543 1085 8181 24544 1065 8181 24545 1062 8182 24546 1048 8182 24547 1047 8182 24548 1057 8183 24549 1347 8183 24550 1056 8183 24551 1060 8184 24552 1050 8184 24553 1049 8184 24554 2413 8185 24555 1039 8185 24556 1041 8185 24557 2403 8186 24558 1039 8186 24559 2413 8186 24560 2403 8187 24561 1030 8187 24562 1039 8187 24563 1022 8188 24564 1007 8188 24565 1021 8188 24566 1019 8189 24567 1010 8189 24568 1017 8189 24569 1015 8190 24570 1017 8190 24571 1010 8190 24572 1010 8191 24573 1019 8191 24574 1021 8191 24575 1006 8192 24576 1001 8192 24577 1008 8192 24578 1008 8193 24579 1001 8193 24580 999 8193 24581 2405 8194 24582 1003 8194 24583 1004 8194 24584 1002 8195 24585 2405 8195 24586 971 8195 24587 971 8196 24588 2405 8196 24589 975 8196 24590 966 8197 24591 998 8197 24592 969 8197 24593 2467 8198 24594 955 8198 24595 978 8198 24596 975 8199 24597 972 8199 24598 971 8199 24599 973 8200 24600 972 8200 24601 975 8200 24602 963 8201 24603 968 8201 24604 972 8201 24605 957 8202 24606 974 8202 24607 955 8202 24608 956 8203 24609 955 8203 24610 2467 8203 24611 4139 8204 24612 4190 8204 24613 4138 8204 24614 4138 8205 24615 4190 8205 24616 4140 8205 24617 4141 8206 24618 4139 8206 24619 4138 8206 24620 4140 8207 24621 4142 8207 24622 4138 8207 24623 4138 8208 24624 4142 8208 24625 4141 8208 24626 4142 8209 24627 4143 8209 24628 4141 8209 24629 4156 8210 24630 4204 8210 24631 4143 8210 24632 4142 8211 24633 4156 8211 24634 4143 8211 24635 4204 8212 24636 4144 8212 24637 4159 8212 24638 4204 8213 24639 4145 8213 24640 4144 8213 24641 4150 8214 24642 4144 8214 24643 4145 8214 24644 4146 8215 24645 4144 8215 24646 4150 8215 24647 4146 8216 24648 4147 8216 24649 4157 8216 24650 4147 8217 24651 4146 8217 24652 4148 8217 24653 4148 8218 24654 4146 8218 24655 4150 8218 24656 4157 8219 24657 4144 8219 24658 4146 8219 24659 4148 8220 24660 4150 8220 24661 4149 8220 24662 4149 8221 24663 4190 8221 24664 4148 8221 24665 4148 8222 24666 4190 8222 24667 4147 8222 24668 4150 8223 24669 4145 8223 24670 4151 8223 24671 4149 8224 24672 4150 8224 24673 4151 8224 24674 4152 8225 24675 4149 8225 24676 4151 8225 24677 4153 8226 24678 4152 8226 24679 4154 8226 24680 4149 8227 24681 4152 8227 24682 4153 8227 24683 4155 8228 24684 4153 8228 24685 4154 8228 24686 4154 8229 24687 4156 8229 24688 4155 8229 24689 4154 8230 24690 4204 8230 24691 4156 8230 24692 4140 8231 24693 4155 8231 24694 4142 8231 24695 4155 8232 24696 4156 8232 24697 4142 8232 24698 4153 8233 24699 4155 8233 24700 4140 8233 24701 4140 8234 24702 4190 8234 24703 4153 8234 24704 4153 8235 24705 4190 8235 24706 4149 8235 24707 4152 8236 24708 4204 8236 24709 4154 8236 24710 4204 8237 24711 4151 8237 24712 4145 8237 24713 4204 8238 24714 4152 8238 24715 4151 8238 24716 4157 8239 24717 4159 8239 24718 4144 8239 24719 4158 8240 24720 4157 8240 24721 4147 8240 24722 4157 8241 24723 4158 8241 24724 4160 8241 24725 4160 8242 24726 4159 8242 24727 4157 8242 24728 4160 8243 24729 4161 8243 24730 4159 8243 24731 4162 8244 24732 4160 8244 24733 4158 8244 24734 4163 8245 24735 4161 8245 24736 4160 8245 24737 4160 8246 24738 4162 8246 24739 4163 8246 24740 4162 8247 24741 4164 8247 24742 4163 8247 24743 4164 8248 24744 4165 8248 24745 4167 8248 24746 4167 8249 24747 4169 8249 24748 4164 8249 24749 4164 8250 24750 4169 8250 24751 4163 8250 24752 4165 8251 24753 4164 8251 24754 4162 8251 24755 4162 8252 24756 4190 8252 24757 4165 8252 24758 4166 8253 24759 4167 8253 24760 4165 8253 24761 4165 8254 24762 4190 8254 24763 4166 8254 24764 4167 8255 24765 4166 8255 24766 4220 8255 24767 4220 8256 24768 4168 8256 24769 4167 8256 24770 4167 8257 24771 4168 8257 24772 4169 8257 24773 4204 8258 24774 4169 8258 24775 4168 8258 24776 4204 8259 24777 4168 8259 24778 4221 8259 24779 4170 8260 24780 4204 8260 24781 4171 8260 24782 4171 8261 24783 4172 8261 24784 4170 8261 24785 4174 8262 24786 4173 8262 24787 4172 8262 24788 4170 8263 24789 4172 8263 24790 4173 8263 24791 4172 8264 24792 4209 8264 24793 4174 8264 24794 4209 8265 24795 4190 8265 24796 4174 8265 24797 4174 8266 24798 4190 8266 24799 4175 8266 24800 4173 8267 24801 4174 8267 24802 4175 8267 24803 4175 8268 24804 4190 8268 24805 4176 8268 24806 4178 8269 24807 4175 8269 24808 4176 8269 24809 4173 8270 24810 4175 8270 24811 4207 8270 24812 4175 8271 24813 4178 8271 24814 4207 8271 24815 4177 8272 24816 4207 8272 24817 4178 8272 24818 4176 8273 24819 4179 8273 24820 4178 8273 24821 4177 8274 24822 4178 8274 24823 4179 8274 24824 4204 8275 24825 4177 8275 24826 4179 8275 24827 4204 8276 24828 4179 8276 24829 4180 8276 24830 4204 8277 24831 4180 8277 24832 4181 8277 24833 4204 8278 24834 4181 8278 24835 4183 8278 24836 4204 8279 24837 4183 8279 24838 4182 8279 24839 4182 8280 24840 4183 8280 24841 4184 8280 24842 4182 8281 24843 4184 8281 24844 4187 8281 24845 4182 8282 24846 4187 8282 24847 4185 8282 24848 4204 8283 24849 4182 8283 24850 4185 8283 24851 4204 8284 24852 4185 8284 24853 4186 8284 24854 4185 8285 24855 4187 8285 24856 4186 8285 24857 4187 8286 24858 4184 8286 24859 4189 8286 24860 4189 8287 24861 4188 8287 24862 4187 8287 24863 4186 8288 24864 4187 8288 24865 4188 8288 24866 4189 8289 24867 4184 8289 24868 4190 8289 24869 4189 8290 24870 4190 8290 24871 4191 8290 24872 4191 8291 24873 4188 8291 24874 4189 8291 24875 4198 8292 24876 4188 8292 24877 4191 8292 24878 4191 8293 24879 4193 8293 24880 4198 8293 24881 4192 8294 24882 4193 8294 24883 4191 8294 24884 4191 8295 24885 4190 8295 24886 4192 8295 24887 4196 8296 24888 4198 8296 24889 4193 8296 24890 4192 8297 24891 4194 8297 24892 4193 8297 24893 4195 8298 24894 4193 8298 24895 4194 8298 24896 4196 8299 24897 4193 8299 24898 4195 8299 24899 4204 8300 24900 4196 8300 24901 4195 8300 24902 4204 8301 24903 4197 8301 24904 4196 8301 24905 4186 8302 24906 4198 8302 24907 4197 8302 24908 4197 8303 24909 4198 8303 24910 4196 8303 24911 4204 8304 24912 4186 8304 24913 4197 8304 24914 4186 8305 24915 4188 8305 24916 4198 8305 24917 4195 8306 24918 4194 8306 24919 4199 8306 24920 4204 8307 24921 4195 8307 24922 4199 8307 24923 4200 8308 24924 4204 8308 24925 4199 8308 24926 4199 8309 24927 4194 8309 24928 4200 8309 24929 4202 8310 24930 4201 8310 24931 4194 8310 24932 4200 8311 24933 4194 8311 24934 4201 8311 24935 4202 8312 24936 4194 8312 24937 4192 8312 24938 4192 8313 24939 4190 8313 24940 4202 8313 24941 4202 8314 24942 4190 8314 24943 4139 8314 24944 4139 8315 24945 4201 8315 24946 4202 8315 24947 4200 8316 24948 4201 8316 24949 4203 8316 24950 4203 8317 24951 4201 8317 24952 4139 8317 24953 4139 8318 24954 4141 8318 24955 4203 8318 24956 4204 8319 24957 4203 8319 24958 4141 8319 24959 4205 8320 24960 4203 8320 24961 4204 8320 24962 4205 8321 24963 4204 8321 24964 4200 8321 24965 4200 8322 24966 4203 8322 24967 4205 8322 24968 4204 8323 24969 4141 8323 24970 4143 8323 24971 4181 8324 24972 4206 8324 24973 4190 8324 24974 4181 8325 24975 4190 8325 24976 4183 8325 24977 4190 8326 24978 4184 8326 24979 4183 8326 24980 4179 8327 24981 4176 8327 24982 4206 8327 24983 4176 8328 24984 4190 8328 24985 4206 8328 24986 4179 8329 24987 4206 8329 24988 4180 8329 24989 4206 8330 24990 4181 8330 24991 4180 8330 24992 4177 8331 24993 4204 8331 24994 4207 8331 24995 4170 8332 24996 4173 8332 24997 4207 8332 24998 4207 8333 24999 4204 8333 25000 4170 8333 25001 4209 8334 25002 4212 8334 25003 4208 8334 25004 4208 8335 25005 4190 8335 25006 4209 8335 25007 4212 8336 25008 4210 8336 25009 4211 8336 25010 4210 8337 25011 4212 8337 25012 4209 8337 25013 4213 8338 25014 4208 8338 25015 4212 8338 25016 4211 8339 25017 4213 8339 25018 4212 8339 25019 4213 8340 25020 4214 8340 25021 4208 8340 25022 4213 8341 25023 4215 8341 25024 4216 8341 25025 4215 8342 25026 4213 8342 25027 4211 8342 25028 4214 8343 25029 4213 8343 25030 4216 8343 25031 4216 8344 25032 4215 8344 25033 4217 8344 25034 4217 8345 25035 4214 8345 25036 4216 8345 25037 4219 8346 25038 4217 8346 25039 4218 8346 25040 4214 8347 25041 4217 8347 25042 4219 8347 25043 4219 8348 25044 4220 8348 25045 4166 8348 25046 4166 8349 25047 4190 8349 25048 4219 8349 25049 4219 8350 25050 4190 8350 25051 4214 8350 25052 4220 8351 25053 4219 8351 25054 4218 8351 25055 4218 8352 25056 4221 8352 25057 4220 8352 25058 4204 8353 25059 4221 8353 25060 4218 8353 25061 4217 8354 25062 4204 8354 25063 4218 8354 25064 4215 8355 25065 4204 8355 25066 4217 8355 25067 4211 8356 25068 4204 8356 25069 4215 8356 25070 4214 8357 25071 4190 8357 25072 4208 8357 25073 4210 8358 25074 4204 8358 25075 4211 8358 25076 4210 8359 25077 4209 8359 25078 4171 8359 25079 4171 8360 25080 4204 8360 25081 4210 8360 25082 4171 8361 25083 4209 8361 25084 4172 8361 25085 4220 8362 25086 4221 8362 25087 4168 8362 25088 4204 8363 25089 4163 8363 25090 4169 8363 25091 4204 8364 25092 4161 8364 25093 4163 8364 25094 4158 8365 25095 4190 8365 25096 4162 8365 25097 4204 8366 25098 4159 8366 25099 4161 8366 25100 4147 8367 25101 4190 8367 25102 4158 8367 25103 4224 8368 25104 4223 8368 25105 4222 8368 25106 4225 8369 25107 4222 8369 25108 4223 8369 25109 4224 8370 25110 4356 8370 25111 4223 8370 25112 4356 8371 25113 4225 8371 25114 4223 8371 25115 4357 8372 25116 4226 8372 25117 4225 8372 25118 4357 8373 25119 4225 8373 25120 4356 8373 25121 4361 8374 25122 4227 8374 25123 4226 8374 25124 4228 8375 25125 4226 8375 25126 4227 8375 25127 4229 8376 25128 4226 8376 25129 4228 8376 25130 4229 8377 25131 4225 8377 25132 4226 8377 25133 4229 8378 25134 4231 8378 25135 4230 8378 25136 4231 8379 25137 4258 8379 25138 4230 8379 25139 4247 8380 25140 4258 8380 25141 4260 8380 25142 4239 8381 25143 4258 8381 25144 4254 8381 25145 4237 8382 25146 4258 8382 25147 4259 8382 25148 4236 8383 25149 4258 8383 25150 4232 8383 25151 4232 8384 25152 4258 8384 25153 4262 8384 25154 4250 8385 25155 4258 8385 25156 4231 8385 25157 4241 8386 25158 4258 8386 25159 4238 8386 25160 4230 8387 25161 4258 8387 25162 4247 8387 25163 4262 8388 25164 4258 8388 25165 4233 8388 25166 4248 8389 25167 4258 8389 25168 4234 8389 25169 4234 8390 25170 4258 8390 25171 4242 8390 25172 4240 8391 25173 4258 8391 25174 4236 8391 25175 4244 8392 25176 4258 8392 25177 4235 8392 25178 4257 8393 25179 4258 8393 25180 4237 8393 25181 4246 8394 25182 4258 8394 25183 4239 8394 25184 4260 8395 25185 4258 8395 25186 4256 8395 25187 4243 8396 25188 4258 8396 25189 4240 8396 25190 4245 8397 25191 4258 8397 25192 4241 8397 25193 4242 8398 25194 4258 8398 25195 4257 8398 25196 4251 8399 25197 4258 8399 25198 4243 8399 25199 4252 8400 25200 4258 8400 25201 4244 8400 25202 4253 8401 25203 4258 8401 25204 4246 8401 25205 4254 8402 25206 4258 8402 25207 4248 8402 25208 4256 8403 25209 4258 8403 25210 4245 8403 25211 4249 8404 25212 4258 8404 25213 4253 8404 25214 4233 8405 25215 4258 8405 25216 4249 8405 25217 4235 8406 25218 4258 8406 25219 4250 8406 25220 4255 8407 25221 4258 8407 25222 4251 8407 25223 4259 8408 25224 4258 8408 25225 4252 8408 25226 4261 8409 25227 4258 8409 25228 4255 8409 25229 4453 8410 25230 4262 8410 25231 4233 8410 25232 4262 8411 25233 4454 8411 25234 4263 8411 25235 4453 8412 25236 4454 8412 25237 4262 8412 25238 4263 8413 25239 4232 8413 25240 4262 8413 25241 4263 8414 25242 4454 8414 25243 4457 8414 25244 4284 8415 25245 4236 8415 25246 4263 8415 25247 4263 8416 25248 4264 8416 25249 4284 8416 25250 4263 8417 25251 4236 8417 25252 4232 8417 25253 4263 8418 25254 4457 8418 25255 4264 8418 25256 4266 8419 25257 4264 8419 25258 4265 8419 25259 4508 8420 25260 4267 8420 25261 4266 8420 25262 4267 8421 25263 4508 8421 25264 4268 8421 25265 4267 8422 25266 4268 8422 25267 4270 8422 25268 4270 8423 25269 4268 8423 25270 4269 8423 25271 4270 8424 25272 4269 8424 25273 4486 8424 25274 4270 8425 25275 4486 8425 25276 4271 8425 25277 4487 8426 25278 4271 8426 25279 4486 8426 25280 4271 8427 25281 4487 8427 25282 4278 8427 25283 4278 8428 25284 4487 8428 25285 4489 8428 25286 4278 8429 25287 4489 8429 25288 4272 8429 25289 4489 8430 25290 4273 8430 25291 4272 8430 25292 4490 8431 25293 4273 8431 25294 4489 8431 25295 4273 8432 25296 4275 8432 25297 4276 8432 25298 4273 8433 25299 4276 8433 25300 4272 8433 25301 4495 8434 25302 4275 8434 25303 4273 8434 25304 4495 8435 25305 4274 8435 25306 4275 8435 25307 4285 8436 25308 4276 8436 25309 4275 8436 25310 4277 8437 25311 4276 8437 25312 4285 8437 25313 4277 8438 25314 4261 8438 25315 4255 8438 25316 4285 8439 25317 4261 8439 25318 4277 8439 25319 4277 8440 25320 4255 8440 25321 4279 8440 25322 4279 8441 25323 4278 8441 25324 4277 8441 25325 4277 8442 25326 4278 8442 25327 4276 8442 25328 4279 8443 25329 4280 8443 25330 4278 8443 25331 4281 8444 25332 4280 8444 25333 4279 8444 25334 4279 8445 25335 4251 8445 25336 4281 8445 25337 4281 8446 25338 4251 8446 25339 4243 8446 25340 4281 8447 25341 4282 8447 25342 4280 8447 25343 4281 8448 25344 4243 8448 25345 4283 8448 25346 4283 8449 25347 4282 8449 25348 4281 8449 25349 4283 8450 25350 4264 8450 25351 4282 8450 25352 4284 8451 25353 4264 8451 25354 4283 8451 25355 4283 8452 25356 4240 8452 25357 4284 8452 25358 4284 8453 25359 4240 8453 25360 4236 8453 25361 4266 8454 25362 4282 8454 25363 4264 8454 25364 4267 8455 25365 4282 8455 25366 4266 8455 25367 4270 8456 25368 4280 8456 25369 4282 8456 25370 4270 8457 25371 4282 8457 25372 4267 8457 25373 4283 8458 25374 4243 8458 25375 4240 8458 25376 4271 8459 25377 4280 8459 25378 4270 8459 25379 4271 8460 25380 4278 8460 25381 4280 8460 25382 4279 8461 25383 4255 8461 25384 4251 8461 25385 4272 8462 25386 4276 8462 25387 4278 8462 25388 4285 8463 25389 4274 8463 25390 4286 8463 25391 4285 8464 25392 4275 8464 25393 4274 8464 25394 4286 8465 25395 4258 8465 25396 4285 8465 25397 4285 8466 25398 4258 8466 25399 4261 8466 25400 4286 8467 25401 4274 8467 25402 4287 8467 25403 4287 8468 25404 4258 8468 25405 4286 8468 25406 4287 8469 25407 4274 8469 25408 4496 8469 25409 4287 8470 25410 4238 8470 25411 4258 8470 25412 4287 8471 25413 4496 8471 25414 4288 8471 25415 4289 8472 25416 4288 8472 25417 4496 8472 25418 4346 8473 25419 4288 8473 25420 4289 8473 25421 4498 8474 25422 4289 8474 25423 4496 8474 25424 4289 8475 25425 4498 8475 25426 4290 8475 25427 4290 8476 25428 4346 8476 25429 4289 8476 25430 4292 8477 25431 4346 8477 25432 4290 8477 25433 4290 8478 25434 4291 8478 25435 4292 8478 25436 4292 8479 25437 4291 8479 25438 4293 8479 25439 4292 8480 25440 4293 8480 25441 4344 8480 25442 4344 8481 25443 4293 8481 25444 4294 8481 25445 4296 8482 25446 4293 8482 25447 4291 8482 25448 4324 8483 25449 4296 8483 25450 4297 8483 25451 4324 8484 25452 4295 8484 25453 4296 8484 25454 4295 8485 25455 4293 8485 25456 4296 8485 25457 4296 8486 25458 4291 8486 25459 4499 8486 25460 4297 8487 25461 4296 8487 25462 4499 8487 25463 4298 8488 25464 4297 8488 25465 4500 8488 25466 4297 8489 25467 4499 8489 25468 4500 8489 25469 4298 8490 25470 4500 8490 25471 4299 8490 25472 4298 8491 25473 4299 8491 25474 4300 8491 25475 4300 8492 25476 4299 8492 25477 4301 8492 25478 4301 8493 25479 4310 8493 25480 4300 8493 25481 4300 8494 25482 4310 8494 25483 4298 8494 25484 4318 8495 25485 4310 8495 25486 4302 8495 25487 4302 8496 25488 4310 8496 25489 4303 8496 25490 4319 8497 25491 4310 8497 25492 4304 8497 25493 4303 8498 25494 4310 8498 25495 4307 8498 25496 4304 8499 25497 4310 8499 25498 4375 8499 25499 4320 8500 25500 4310 8500 25501 4305 8500 25502 4305 8501 25503 4310 8501 25504 4476 8501 25505 4321 8502 25506 4310 8502 25507 4306 8502 25508 4375 8503 25509 4310 8503 25510 4311 8503 25511 4307 8504 25512 4310 8504 25513 4422 8504 25514 4298 8505 25515 4310 8505 25516 4312 8505 25517 4481 8506 25518 4310 8506 25519 4308 8506 25520 4308 8507 25521 4310 8507 25522 4504 8507 25523 4317 8508 25524 4310 8508 25525 4309 8508 25526 4309 8509 25527 4310 8509 25528 4468 8509 25529 4468 8510 25530 4310 8510 25531 4320 8510 25532 4476 8511 25533 4310 8511 25534 4316 8511 25535 4422 8512 25536 4310 8512 25537 4313 8512 25538 4311 8513 25539 4310 8513 25540 4529 8513 25541 4312 8514 25542 4310 8514 25543 4322 8514 25544 4504 8515 25545 4310 8515 25546 4301 8515 25547 4313 8516 25548 4310 8516 25549 4440 8516 25550 4314 8517 25551 4310 8517 25552 4541 8517 25553 4529 8518 25554 4310 8518 25555 4315 8518 25556 4315 8519 25557 4310 8519 25558 4526 8519 25559 4440 8520 25560 4310 8520 25561 4317 8520 25562 4316 8521 25563 4310 8521 25564 4481 8521 25565 4322 8522 25566 4310 8522 25567 4321 8522 25568 4526 8523 25569 4310 8523 25570 4318 8523 25571 4541 8524 25572 4310 8524 25573 4319 8524 25574 4322 8525 25575 4324 8525 25576 4323 8525 25577 4321 8526 25578 4325 8526 25579 4322 8526 25580 4322 8527 25581 4325 8527 25582 4324 8527 25583 4321 8528 25584 4327 8528 25585 4325 8528 25586 4327 8529 25587 4326 8529 25588 4325 8529 25589 4326 8530 25590 4339 8530 25591 4340 8530 25592 4328 8531 25593 4339 8531 25594 4326 8531 25595 4327 8532 25596 4328 8532 25597 4326 8532 25598 4329 8533 25599 4332 8533 25600 4328 8533 25601 4332 8534 25602 4334 8534 25603 4328 8534 25604 4328 8535 25605 4334 8535 25606 4339 8535 25607 4329 8536 25608 4328 8536 25609 4327 8536 25610 4330 8537 25611 4329 8537 25612 4327 8537 25613 4330 8538 25614 4331 8538 25615 4329 8538 25616 4331 8539 25617 4332 8539 25618 4329 8539 25619 4332 8540 25620 4356 8540 25621 4335 8540 25622 4356 8541 25623 4332 8541 25624 4333 8541 25625 4332 8542 25626 4331 8542 25627 4333 8542 25628 4332 8543 25629 4335 8543 25630 4334 8543 25631 4336 8544 25632 4334 8544 25633 4335 8544 25634 4224 8545 25635 4336 8545 25636 4335 8545 25637 4354 8546 25638 4336 8546 25639 4224 8546 25640 4337 8547 25641 4338 8547 25642 4354 8547 25643 4336 8548 25644 4354 8548 25645 4338 8548 25646 4338 8549 25647 4334 8549 25648 4336 8549 25649 4338 8550 25650 4339 8550 25651 4334 8550 25652 4351 8551 25653 4339 8551 25654 4337 8551 25655 4339 8552 25656 4351 8552 25657 4340 8552 25658 4342 8553 25659 4341 8553 25660 4340 8553 25661 4342 8554 25662 4340 8554 25663 4351 8554 25664 4343 8555 25665 4341 8555 25666 4342 8555 25667 4343 8556 25668 4344 8556 25669 4341 8556 25670 4344 8557 25671 4294 8557 25672 4341 8557 25673 4341 8558 25674 4294 8558 25675 4340 8558 25676 4326 8559 25677 4340 8559 25678 4294 8559 25679 4324 8560 25680 4326 8560 25681 4295 8560 25682 4326 8561 25683 4294 8561 25684 4295 8561 25685 4325 8562 25686 4326 8562 25687 4324 8562 25688 4295 8563 25689 4294 8563 25690 4293 8563 25691 4344 8564 25692 4343 8564 25693 4345 8564 25694 4292 8565 25695 4345 8565 25696 4346 8565 25697 4344 8566 25698 4345 8566 25699 4292 8566 25700 4345 8567 25701 4288 8567 25702 4346 8567 25703 4345 8568 25704 4343 8568 25705 4288 8568 25706 4343 8569 25707 4355 8569 25708 4288 8569 25709 4343 8570 25710 4348 8570 25711 4355 8570 25712 4347 8571 25713 4348 8571 25714 4343 8571 25715 4347 8572 25716 4349 8572 25717 4348 8572 25718 4349 8573 25719 4245 8573 25720 4348 8573 25721 4352 8574 25722 4256 8574 25723 4349 8574 25724 4350 8575 25725 4352 8575 25726 4349 8575 25727 4349 8576 25728 4256 8576 25729 4245 8576 25730 4350 8577 25731 4349 8577 25732 4347 8577 25733 4351 8578 25734 4350 8578 25735 4347 8578 25736 4337 8579 25737 4350 8579 25738 4351 8579 25739 4354 8580 25740 4353 8580 25741 4350 8580 25742 4350 8581 25743 4353 8581 25744 4352 8581 25745 4353 8582 25746 4260 8582 25747 4352 8582 25748 4353 8583 25749 4247 8583 25750 4260 8583 25751 4222 8584 25752 4353 8584 25753 4354 8584 25754 4224 8585 25755 4222 8585 25756 4354 8585 25757 4230 8586 25758 4353 8586 25759 4229 8586 25760 4222 8587 25761 4229 8587 25762 4353 8587 25763 4247 8588 25764 4353 8588 25765 4230 8588 25766 4352 8589 25767 4260 8589 25768 4256 8589 25769 4354 8590 25770 4350 8590 25771 4337 8590 25772 4351 8591 25773 4347 8591 25774 4342 8591 25775 4342 8592 25776 4347 8592 25777 4343 8592 25778 4348 8593 25779 4241 8593 25780 4355 8593 25781 4348 8594 25782 4245 8594 25783 4241 8594 25784 4288 8595 25785 4355 8595 25786 4287 8595 25787 4355 8596 25788 4238 8596 25789 4287 8596 25790 4355 8597 25791 4241 8597 25792 4238 8597 25793 4337 8598 25794 4339 8598 25795 4338 8598 25796 4224 8599 25797 4335 8599 25798 4356 8599 25799 4357 8600 25800 4356 8600 25801 4358 8600 25802 4357 8601 25803 4358 8601 25804 4359 8601 25805 4359 8602 25806 4358 8602 25807 4360 8602 25808 4359 8603 25809 4226 8603 25810 4357 8603 25811 4359 8604 25812 4361 8604 25813 4226 8604 25814 4360 8605 25815 4361 8605 25816 4359 8605 25817 4364 8606 25818 4227 8606 25819 4361 8606 25820 4228 8607 25821 4227 8607 25822 4362 8607 25823 4362 8608 25824 4250 8608 25825 4228 8608 25826 4362 8609 25827 4235 8609 25828 4250 8609 25829 4392 8610 25830 4235 8610 25831 4362 8610 25832 4362 8611 25833 4227 8611 25834 4392 8611 25835 4392 8612 25836 4227 8612 25837 4363 8612 25838 4364 8613 25839 4363 8613 25840 4227 8613 25841 4365 8614 25842 4363 8614 25843 4364 8614 25844 4365 8615 25845 4393 8615 25846 4363 8615 25847 4366 8616 25848 4365 8616 25849 4364 8616 25850 4366 8617 25851 4364 8617 25852 4368 8617 25853 4366 8618 25854 4367 8618 25855 4395 8618 25856 4368 8619 25857 4367 8619 25858 4366 8619 25859 4368 8620 25860 4360 8620 25861 4367 8620 25862 4360 8621 25863 4370 8621 25864 4367 8621 25865 4371 8622 25866 4370 8622 25867 4369 8622 25868 4372 8623 25869 4371 8623 25870 4369 8623 25871 4372 8624 25872 4369 8624 25873 4373 8624 25874 4373 8625 25875 4319 8625 25876 4372 8625 25877 4372 8626 25878 4319 8626 25879 4304 8626 25880 4374 8627 25881 4371 8627 25882 4372 8627 25883 4372 8628 25884 4304 8628 25885 4374 8628 25886 4374 8629 25887 4379 8629 25888 4376 8629 25889 4375 8630 25890 4379 8630 25891 4374 8630 25892 4374 8631 25893 4304 8631 25894 4375 8631 25895 4374 8632 25896 4376 8632 25897 4371 8632 25898 4376 8633 25899 4377 8633 25900 4371 8633 25901 4379 8634 25902 4377 8634 25903 4376 8634 25904 4379 8635 25905 4378 8635 25906 4377 8635 25907 4395 8636 25908 4377 8636 25909 4378 8636 25910 4395 8637 25911 4378 8637 25912 4381 8637 25913 4379 8638 25914 4380 8638 25915 4378 8638 25916 4381 8639 25917 4378 8639 25918 4380 8639 25919 4530 8640 25920 4380 8640 25921 4379 8640 25922 4381 8641 25923 4380 8641 25924 4533 8641 25925 4383 8642 25926 4381 8642 25927 4382 8642 25928 4388 8643 25929 4383 8643 25930 4382 8643 25931 4385 8644 25932 4383 8644 25933 4388 8644 25934 4394 8645 25935 4384 8645 25936 4383 8645 25937 4394 8646 25938 4383 8646 25939 4385 8646 25940 4385 8647 25941 4386 8647 25942 4394 8647 25943 4385 8648 25944 4387 8648 25945 4386 8648 25946 4388 8649 25947 4387 8649 25948 4385 8649 25949 4388 8650 25950 4397 8650 25951 4387 8650 25952 4389 8651 25953 4387 8651 25954 4397 8651 25955 4389 8652 25956 4237 8652 25957 4259 8652 25958 4389 8653 25959 4259 8653 25960 4390 8653 25961 4390 8654 25962 4387 8654 25963 4389 8654 25964 4390 8655 25965 4259 8655 25966 4252 8655 25967 4390 8656 25968 4386 8656 25969 4387 8656 25970 4390 8657 25971 4252 8657 25972 4391 8657 25973 4391 8658 25974 4386 8658 25975 4390 8658 25976 4391 8659 25977 4393 8659 25978 4386 8659 25979 4391 8660 25980 4363 8660 25981 4393 8660 25982 4391 8661 25983 4244 8661 25984 4392 8661 25985 4392 8662 25986 4363 8662 25987 4391 8662 25988 4392 8663 25989 4244 8663 25990 4235 8663 25991 4394 8664 25992 4386 8664 25993 4393 8664 25994 4394 8665 25995 4395 8665 25996 4384 8665 25997 4393 8666 25998 4395 8666 25999 4394 8666 26000 4395 8667 26001 4393 8667 26002 4366 8667 26003 4384 8668 26004 4395 8668 26005 4381 8668 26006 4366 8669 26007 4393 8669 26008 4365 8669 26009 4391 8670 26010 4252 8670 26011 4244 8670 26012 4389 8671 26013 4397 8671 26014 4396 8671 26015 4396 8672 26016 4237 8672 26017 4389 8672 26018 4396 8673 26019 4397 8673 26020 4398 8673 26021 4535 8674 26022 4398 8674 26023 4397 8674 26024 4534 8675 26025 4398 8675 26026 4535 8675 26027 4534 8676 26028 4399 8676 26029 4398 8676 26030 4400 8677 26031 4398 8677 26032 4399 8677 26033 4403 8678 26034 4399 8678 26035 4534 8678 26036 4403 8679 26037 4534 8679 26038 4402 8679 26039 4403 8680 26040 4402 8680 26041 4404 8680 26042 4405 8681 26043 4404 8681 26044 4407 8681 26045 4405 8682 26046 4401 8682 26047 4404 8682 26048 4405 8683 26049 4406 8683 26050 4401 8683 26051 4407 8684 26052 4406 8684 26053 4405 8684 26054 4406 8685 26055 4407 8685 26056 4415 8685 26057 4406 8686 26058 4415 8686 26059 4408 8686 26060 4410 8687 26061 4409 8687 26062 4408 8687 26063 4410 8688 26064 4411 8688 26065 4409 8688 26066 4410 8689 26067 4413 8689 26068 4411 8689 26069 4413 8690 26070 4410 8690 26071 4412 8690 26072 4412 8691 26073 4408 8691 26074 4415 8691 26075 4412 8692 26076 4410 8692 26077 4408 8692 26078 4412 8693 26079 4414 8693 26080 4413 8693 26081 4415 8694 26082 4414 8694 26083 4412 8694 26084 4415 8695 26085 4407 8695 26086 4414 8695 26087 4539 8696 26088 4414 8696 26089 4407 8696 26090 4416 8697 26091 4516 8697 26092 4539 8697 26093 4516 8698 26094 4414 8698 26095 4539 8698 26096 4417 8699 26097 4302 8699 26098 4303 8699 26099 4417 8700 26100 4303 8700 26101 4418 8700 26102 4418 8701 26103 4416 8701 26104 4417 8701 26105 4418 8702 26106 4303 8702 26107 4307 8702 26108 4420 8703 26109 4419 8703 26110 4418 8703 26111 4418 8704 26112 4307 8704 26113 4420 8704 26114 4418 8705 26115 4419 8705 26116 4416 8705 26117 4420 8706 26118 4421 8706 26119 4419 8706 26120 4420 8707 26121 4424 8707 26122 4421 8707 26123 4420 8708 26124 4307 8708 26125 4422 8708 26126 4422 8709 26127 4424 8709 26128 4420 8709 26129 4424 8710 26130 4517 8710 26131 4421 8710 26132 4424 8711 26133 4423 8711 26134 4517 8711 26135 4423 8712 26136 4425 8712 26137 4517 8712 26138 4424 8713 26139 4434 8713 26140 4423 8713 26141 4434 8714 26142 4425 8714 26143 4423 8714 26144 4434 8715 26145 4435 8715 26146 4425 8715 26147 4426 8716 26148 4425 8716 26149 4436 8716 26150 4515 8717 26151 4425 8717 26152 4426 8717 26153 4436 8718 26154 4427 8718 26155 4518 8718 26156 4518 8719 26157 4426 8719 26158 4436 8719 26159 4427 8720 26160 4436 8720 26161 4435 8720 26162 4427 8721 26163 4428 8721 26164 4518 8721 26165 4437 8722 26166 4430 8722 26167 4428 8722 26168 4437 8723 26169 4428 8723 26170 4427 8723 26171 4430 8724 26172 4510 8724 26173 4428 8724 26174 4429 8725 26175 4452 8725 26176 4430 8725 26177 4430 8726 26178 4452 8726 26179 4510 8726 26180 4450 8727 26181 4429 8727 26182 4430 8727 26183 4430 8728 26184 4432 8728 26185 4450 8728 26186 4450 8729 26187 4432 8729 26188 4448 8729 26189 4432 8730 26190 4437 8730 26191 4431 8730 26192 4437 8731 26193 4432 8731 26194 4430 8731 26195 4431 8732 26196 4435 8732 26197 4432 8732 26198 4433 8733 26199 4432 8733 26200 4435 8733 26201 4433 8734 26202 4435 8734 26203 4434 8734 26204 4436 8735 26205 4425 8735 26206 4435 8735 26207 4437 8736 26208 4435 8736 26209 4431 8736 26210 4427 8737 26211 4435 8737 26212 4437 8737 26213 4438 8738 26214 4433 8738 26215 4434 8738 26216 4439 8739 26217 4438 8739 26218 4424 8739 26219 4438 8740 26220 4434 8740 26221 4424 8740 26222 4422 8741 26223 4313 8741 26224 4439 8741 26225 4439 8742 26226 4313 8742 26227 4440 8742 26228 4439 8743 26229 4424 8743 26230 4422 8743 26231 4440 8744 26232 4438 8744 26233 4439 8744 26234 4441 8745 26235 4442 8745 26236 4440 8745 26237 4440 8746 26238 4442 8746 26239 4438 8746 26240 4440 8747 26241 4317 8747 26242 4441 8747 26243 4441 8748 26244 4317 8748 26245 4309 8748 26246 4443 8749 26247 4442 8749 26248 4444 8749 26249 4441 8750 26250 4444 8750 26251 4442 8750 26252 4443 8751 26253 4444 8751 26254 4445 8751 26255 4441 8752 26256 4469 8752 26257 4444 8752 26258 4469 8753 26259 4445 8753 26260 4444 8753 26261 4447 8754 26262 4445 8754 26263 4446 8754 26264 4446 8755 26265 4449 8755 26266 4447 8755 26267 4450 8756 26268 4447 8756 26269 4449 8756 26270 4450 8757 26271 4448 8757 26272 4447 8757 26273 4448 8758 26274 4432 8758 26275 4447 8758 26276 4443 8759 26277 4447 8759 26278 4432 8759 26279 4450 8760 26280 4449 8760 26281 4429 8760 26282 4451 8761 26283 4429 8761 26284 4449 8761 26285 4452 8762 26286 4429 8762 26287 4451 8762 26288 4452 8763 26289 4451 8763 26290 4453 8763 26291 4453 8764 26292 4233 8764 26293 4452 8764 26294 4249 8765 26295 4452 8765 26296 4233 8765 26297 4453 8766 26298 4451 8766 26299 4454 8766 26300 4455 8767 26301 4454 8767 26302 4451 8767 26303 4455 8768 26304 4451 8768 26305 4449 8768 26306 4446 8769 26307 4455 8769 26308 4449 8769 26309 4472 8770 26310 4455 8770 26311 4446 8770 26312 4472 8771 26313 4456 8771 26314 4455 8771 26315 4474 8772 26316 4457 8772 26317 4456 8772 26318 4456 8773 26319 4457 8773 26320 4454 8773 26321 4458 8774 26322 4264 8774 26323 4457 8774 26324 4458 8775 26325 4457 8775 26326 4474 8775 26327 4265 8776 26328 4264 8776 26329 4458 8776 26330 4460 8777 26331 4458 8777 26332 4474 8777 26333 4460 8778 26334 4265 8778 26335 4458 8778 26336 4509 8779 26337 4265 8779 26338 4460 8779 26339 4460 8780 26340 4459 8780 26341 4509 8780 26342 4460 8781 26343 4461 8781 26344 4459 8781 26345 4461 8782 26346 4463 8782 26347 4459 8782 26348 4461 8783 26349 4462 8783 26350 4463 8783 26351 4477 8784 26352 4463 8784 26353 4465 8784 26354 4465 8785 26355 4463 8785 26356 4462 8785 26357 4464 8786 26358 4477 8786 26359 4465 8786 26360 4464 8787 26361 4465 8787 26362 4466 8787 26363 4466 8788 26364 4465 8788 26365 4467 8788 26366 4465 8789 26367 4462 8789 26368 4467 8789 26369 4466 8790 26370 4467 8790 26371 4468 8790 26372 4468 8791 26373 4467 8791 26374 4469 8791 26375 4467 8792 26376 4470 8792 26377 4469 8792 26378 4467 8793 26379 4462 8793 26380 4470 8793 26381 4471 8794 26382 4470 8794 26383 4462 8794 26384 4469 8795 26385 4470 8795 26386 4445 8795 26387 4471 8796 26388 4445 8796 26389 4470 8796 26390 4446 8797 26391 4445 8797 26392 4471 8797 26393 4446 8798 26394 4471 8798 26395 4472 8798 26396 4472 8799 26397 4471 8799 26398 4473 8799 26399 4473 8800 26400 4471 8800 26401 4461 8800 26402 4473 8801 26403 4456 8801 26404 4472 8801 26405 4473 8802 26406 4474 8802 26407 4456 8802 26408 4460 8803 26409 4474 8803 26410 4473 8803 26411 4473 8804 26412 4461 8804 26413 4460 8804 26414 4471 8805 26415 4462 8805 26416 4461 8805 26417 4468 8806 26418 4469 8806 26419 4441 8806 26420 4309 8807 26421 4468 8807 26422 4441 8807 26423 4320 8808 26424 4466 8808 26425 4468 8808 26426 4320 8809 26427 4464 8809 26428 4466 8809 26429 4305 8810 26430 4464 8810 26431 4320 8810 26432 4475 8811 26433 4477 8811 26434 4464 8811 26435 4305 8812 26436 4475 8812 26437 4464 8812 26438 4476 8813 26439 4478 8813 26440 4475 8813 26441 4476 8814 26442 4475 8814 26443 4305 8814 26444 4475 8815 26445 4478 8815 26446 4477 8815 26447 4478 8816 26448 4476 8816 26449 4480 8816 26450 4478 8817 26451 4479 8817 26452 4477 8817 26453 4316 8818 26454 4480 8818 26455 4476 8818 26456 4482 8819 26457 4480 8819 26458 4481 8819 26459 4481 8820 26460 4480 8820 26461 4316 8820 26462 4478 8821 26463 4480 8821 26464 4482 8821 26465 4482 8822 26466 4481 8822 26467 4484 8822 26468 4484 8823 26469 4483 8823 26470 4482 8823 26471 4484 8824 26472 4485 8824 26473 4483 8824 26474 4486 8825 26475 4483 8825 26476 4485 8825 26477 4486 8826 26478 4485 8826 26479 4487 8826 26480 4487 8827 26481 4485 8827 26482 4488 8827 26483 4487 8828 26484 4488 8828 26485 4489 8828 26486 4490 8829 26487 4489 8829 26488 4492 8829 26489 4490 8830 26490 4492 8830 26491 4494 8830 26492 4492 8831 26493 4491 8831 26494 4501 8831 26495 4492 8832 26496 4501 8832 26497 4493 8832 26498 4494 8833 26499 4492 8833 26500 4493 8833 26501 4494 8834 26502 4497 8834 26503 4495 8834 26504 4493 8835 26505 4497 8835 26506 4494 8835 26507 4497 8836 26508 4274 8836 26509 4495 8836 26510 4497 8837 26511 4496 8837 26512 4274 8837 26513 4498 8838 26514 4496 8838 26515 4497 8838 26516 4498 8839 26517 4497 8839 26518 4493 8839 26519 4499 8840 26520 4291 8840 26521 4498 8840 26522 4493 8841 26523 4499 8841 26524 4498 8841 26525 4493 8842 26526 4501 8842 26527 4499 8842 26528 4500 8843 26529 4499 8843 26530 4501 8843 26531 4500 8844 26532 4501 8844 26533 4502 8844 26534 4503 8845 26535 4301 8845 26536 4502 8845 26537 4502 8846 26538 4501 8846 26539 4503 8846 26540 4502 8847 26541 4301 8847 26542 4500 8847 26543 4503 8848 26544 4501 8848 26545 4491 8848 26546 4505 8849 26547 4504 8849 26548 4503 8849 26549 4503 8850 26550 4504 8850 26551 4301 8850 26552 4503 8851 26553 4488 8851 26554 4505 8851 26555 4503 8852 26556 4491 8852 26557 4488 8852 26558 4505 8853 26559 4506 8853 26560 4504 8853 26561 4504 8854 26562 4506 8854 26563 4308 8854 26564 4308 8855 26565 4506 8855 26566 4481 8855 26567 4484 8856 26568 4506 8856 26569 4505 8856 26570 4484 8857 26571 4481 8857 26572 4506 8857 26573 4505 8858 26574 4488 8858 26575 4485 8858 26576 4505 8859 26577 4485 8859 26578 4484 8859 26579 4500 8860 26580 4301 8860 26581 4299 8860 26582 4290 8861 26583 4498 8861 26584 4291 8861 26585 4494 8862 26586 4495 8862 26587 4273 8862 26588 4494 8863 26589 4273 8863 26590 4490 8863 26591 4489 8864 26592 4491 8864 26593 4492 8864 26594 4489 8865 26595 4488 8865 26596 4491 8865 26597 4269 8866 26598 4483 8866 26599 4486 8866 26600 4482 8867 26601 4483 8867 26602 4478 8867 26603 4478 8868 26604 4483 8868 26605 4479 8868 26606 4269 8869 26607 4479 8869 26608 4483 8869 26609 4507 8870 26610 4479 8870 26611 4269 8870 26612 4268 8871 26613 4507 8871 26614 4269 8871 26615 4508 8872 26616 4507 8872 26617 4268 8872 26618 4459 8873 26619 4479 8873 26620 4507 8873 26621 4459 8874 26622 4463 8874 26623 4479 8874 26624 4509 8875 26625 4459 8875 26626 4507 8875 26627 4509 8876 26628 4507 8876 26629 4508 8876 26630 4508 8877 26631 4265 8877 26632 4509 8877 26633 4477 8878 26634 4479 8878 26635 4463 8878 26636 4456 8879 26637 4454 8879 26638 4455 8879 26639 4447 8880 26640 4443 8880 26641 4445 8880 26642 4442 8881 26643 4443 8881 26644 4433 8881 26645 4443 8882 26646 4432 8882 26647 4433 8882 26648 4442 8883 26649 4433 8883 26650 4438 8883 26651 4452 8884 26652 4249 8884 26653 4510 8884 26654 4510 8885 26655 4246 8885 26656 4511 8885 26657 4428 8886 26658 4510 8886 26659 4511 8886 26660 4510 8887 26661 4253 8887 26662 4246 8887 26663 4511 8888 26664 4239 8888 26665 4513 8888 26666 4512 8889 26667 4511 8889 26668 4513 8889 26669 4511 8890 26670 4246 8890 26671 4239 8890 26672 4428 8891 26673 4511 8891 26674 4512 8891 26675 4513 8892 26676 4239 8892 26677 4254 8892 26678 4513 8893 26679 4254 8893 26680 4519 8893 26681 4411 8894 26682 4513 8894 26683 4519 8894 26684 4512 8895 26685 4513 8895 26686 4411 8895 26687 4514 8896 26688 4512 8896 26689 4411 8896 26690 4514 8897 26691 4426 8897 26692 4518 8897 26693 4514 8898 26694 4515 8898 26695 4426 8898 26696 4411 8899 26697 4515 8899 26698 4514 8899 26699 4411 8900 26700 4413 8900 26701 4515 8900 26702 4517 8901 26703 4413 8901 26704 4516 8901 26705 4421 8902 26706 4517 8902 26707 4419 8902 26708 4419 8903 26709 4517 8903 26710 4516 8903 26711 4517 8904 26712 4515 8904 26713 4413 8904 26714 4516 8905 26715 4413 8905 26716 4414 8905 26717 4517 8906 26718 4425 8906 26719 4515 8906 26720 4518 8907 26721 4512 8907 26722 4514 8907 26723 4519 8908 26724 4254 8908 26725 4248 8908 26726 4411 8909 26727 4519 8909 26728 4409 8909 26729 4519 8910 26730 4248 8910 26731 4521 8910 26732 4409 8911 26733 4519 8911 26734 4521 8911 26735 4409 8912 26736 4521 8912 26737 4520 8912 26738 4408 8913 26739 4520 8913 26740 4406 8913 26741 4408 8914 26742 4409 8914 26743 4520 8914 26744 4521 8915 26745 4234 8915 26746 4522 8915 26747 4522 8916 26748 4401 8916 26749 4521 8916 26750 4521 8917 26751 4401 8917 26752 4520 8917 26753 4522 8918 26754 4399 8918 26755 4401 8918 26756 4522 8919 26757 4257 8919 26758 4400 8919 26759 4522 8920 26760 4242 8920 26761 4257 8920 26762 4400 8921 26763 4399 8921 26764 4522 8921 26765 4522 8922 26766 4234 8922 26767 4242 8922 26768 4406 8923 26769 4520 8923 26770 4401 8923 26771 4521 8924 26772 4248 8924 26773 4234 8924 26774 4518 8925 26775 4428 8925 26776 4512 8925 26777 4510 8926 26778 4249 8926 26779 4253 8926 26780 4419 8927 26781 4516 8927 26782 4416 8927 26783 4523 8928 26784 4302 8928 26785 4417 8928 26786 4416 8929 26787 4523 8929 26788 4417 8929 26789 4525 8930 26790 4523 8930 26791 4524 8930 26792 4523 8931 26793 4318 8931 26794 4302 8931 26795 4524 8932 26796 4523 8932 26797 4416 8932 26798 4525 8933 26799 4526 8933 26800 4523 8933 26801 4526 8934 26802 4318 8934 26803 4523 8934 26804 4527 8935 26805 4526 8935 26806 4525 8935 26807 4527 8936 26808 4528 8936 26809 4526 8936 26810 4527 8937 26811 4529 8937 26812 4528 8937 26813 4529 8938 26814 4315 8938 26815 4528 8938 26816 4528 8939 26817 4315 8939 26818 4526 8939 26819 4527 8940 26820 4531 8940 26821 4530 8940 26822 4530 8941 26823 4529 8941 26824 4527 8941 26825 4530 8942 26826 4531 8942 26827 4380 8942 26828 4533 8943 26829 4531 8943 26830 4532 8943 26831 4527 8944 26832 4537 8944 26833 4531 8944 26834 4532 8945 26835 4531 8945 26836 4537 8945 26837 4532 8946 26838 4537 8946 26839 4402 8946 26840 4536 8947 26841 4533 8947 26842 4532 8947 26843 4402 8948 26844 4534 8948 26845 4532 8948 26846 4535 8949 26847 4532 8949 26848 4534 8949 26849 4535 8950 26850 4536 8950 26851 4532 8950 26852 4388 8951 26853 4536 8951 26854 4535 8951 26855 4382 8952 26856 4533 8952 26857 4536 8952 26858 4382 8953 26859 4381 8953 26860 4533 8953 26861 4388 8954 26862 4382 8954 26863 4536 8954 26864 4535 8955 26865 4397 8955 26866 4388 8955 26867 4402 8956 26868 4537 8956 26869 4404 8956 26870 4524 8957 26871 4537 8957 26872 4525 8957 26873 4524 8958 26874 4538 8958 26875 4537 8958 26876 4404 8959 26877 4537 8959 26878 4538 8959 26879 4524 8960 26880 4539 8960 26881 4538 8960 26882 4404 8961 26883 4538 8961 26884 4539 8961 26885 4416 8962 26886 4539 8962 26887 4524 8962 26888 4404 8963 26889 4539 8963 26890 4407 8963 26891 4525 8964 26892 4537 8964 26893 4527 8964 26894 4533 8965 26895 4380 8965 26896 4531 8965 26897 4530 8966 26898 4540 8966 26899 4529 8966 26900 4379 8967 26901 4375 8967 26902 4540 8967 26903 4379 8968 26904 4540 8968 26905 4530 8968 26906 4375 8969 26907 4311 8969 26908 4540 8969 26909 4540 8970 26910 4311 8970 26911 4529 8970 26912 4399 8971 26913 4404 8971 26914 4401 8971 26915 4404 8972 26916 4399 8972 26917 4403 8972 26918 4396 8973 26919 4398 8973 26920 4400 8973 26921 4400 8974 26922 4257 8974 26923 4396 8974 26924 4396 8975 26925 4257 8975 26926 4237 8975 26927 4384 8976 26928 4381 8976 26929 4383 8976 26930 4367 8977 26931 4377 8977 26932 4395 8977 26933 4371 8978 26934 4377 8978 26935 4370 8978 26936 4367 8979 26937 4370 8979 26938 4377 8979 26939 4373 8980 26940 4542 8980 26941 4541 8980 26942 4373 8981 26943 4369 8981 26944 4542 8981 26945 4373 8982 26946 4541 8982 26947 4319 8982 26948 4369 8983 26949 4543 8983 26950 4542 8983 26951 4542 8984 26952 4543 8984 26953 4545 8984 26954 4541 8985 26955 4542 8985 26956 4544 8985 26957 4542 8986 26958 4545 8986 26959 4544 8986 26960 4358 8987 26961 4545 8987 26962 4543 8987 26963 4544 8988 26964 4545 8988 26965 4333 8988 26966 4358 8989 26967 4333 8989 26968 4545 8989 26969 4546 8990 26970 4331 8990 26971 4330 8990 26972 4330 8991 26973 4310 8991 26974 4546 8991 26975 4546 8992 26976 4310 8992 26977 4314 8992 26978 4541 8993 26979 4546 8993 26980 4314 8993 26981 4541 8994 26982 4544 8994 26983 4546 8994 26984 4546 8995 26985 4544 8995 26986 4331 8995 26987 4333 8996 26988 4331 8996 26989 4544 8996 26990 4369 8997 26991 4370 8997 26992 4543 8997 26993 4358 8998 26994 4543 8998 26995 4360 8998 26996 4360 8999 26997 4543 8999 26998 4370 8999 26999 4368 9000 27000 4364 9000 27001 4360 9000 27002 4360 9001 27003 4364 9001 27004 4361 9001 27005 4356 9002 27006 4333 9002 27007 4358 9002 27008 4310 9003 27009 4330 9003 27010 4306 9003 27011 4306 9004 27012 4330 9004 27013 4321 9004 27014 4330 9005 27015 4327 9005 27016 4321 9005 27017 4323 9006 27018 4324 9006 27019 4297 9006 27020 4323 9007 27021 4297 9007 27022 4298 9007 27023 4312 9008 27024 4323 9008 27025 4298 9008 27026 4322 9009 27027 4323 9009 27028 4312 9009 27029 4508 9010 27030 4266 9010 27031 4265 9010 27032 4228 9011 27033 4250 9011 27034 4231 9011 27035 4228 9012 27036 4231 9012 27037 4229 9012 27038 4229 9013 27039 4222 9013 27040 4225 9013 27041</p>
                </triangles>
            </mesh>
        </geometry>
    </library_geometries>
    <library_visual_scenes>
        <visual_scene id="VisualSceneNode" name="VisualScene">
            <node id="node" name="node">
                <instance_geometry url="#shape0-lib"/>
            </node>
        </visual_scene>
    </library_visual_scenes>
    <scene>
        <instance_visual_scene url="#VisualSceneNode"/>
    </scene>
</COLLADA>
